condition,moderator,moderator_level,outcome,mean
control,gender,Male,trust_multidimensional,76.8280195118033
control,gender,Female,trust_multidimensional,79.2016558182893
control,gender,Other,trust_multidimensional,78.0376495652055
control,age_band,18-29,trust_multidimensional,78.1053271978855
control,age_band,30-44,trust_multidimensional,79.6076109924725
control,age_band,45-59,trust_multidimensional,76.7425579935806
control,age_band,60+,trust_multidimensional,77.6299468033535
control,race,White / Caucasian,trust_multidimensional,77.5963045107413
control,race,Black / African American,trust_multidimensional,79.0224124198959
control,race,Hispanic / Latino,trust_multidimensional,77.6736344768687
control,race,Asian / Asian American,trust_multidimensional,80.1008069977309
control,race,Other,trust_multidimensional,80.705064297154
control,education,Less than high school,trust_multidimensional,75.4030916698899
control,education,High school diploma / GED,trust_multidimensional,75.6148150184575
control,education,Some college or Associate's degree,trust_multidimensional,77.4343686412723
control,education,Bachelor's degree,trust_multidimensional,78.8611664327385
control,education,Master's degree / Professional degree,trust_multidimensional,79.323135414654
control,education,Doctorate degree / Ph.D.,trust_multidimensional,79.6384523062561
control,income,"Less than $30,000",trust_multidimensional,77.1184439996148
control,income,"$30,000 to $55,999",trust_multidimensional,77.9877410987887
control,income,"$56,000 to $99,999",trust_multidimensional,78.3908807393496
control,income,"$100,000 to $167,999",trust_multidimensional,78.0037597312061
control,income,"$168,000 or more",trust_multidimensional,78.8506184178559
control,party,Republican,trust_multidimensional,70.4697621540195
control,party,Democrat,trust_multidimensional,82.5833603390463
control,party,Independent,trust_multidimensional,78.6379531560115
control,party,Other,trust_multidimensional,79.2192201660414
control,gender,Male,trust_post,73.4922872916662
control,gender,Female,trust_post,77.0624026740394
control,gender,Other,trust_post,75.3116556796672
control,age_band,18-29,trust_post,75.4739289467646
control,age_band,30-44,trust_post,77.8029320864848
control,age_band,45-59,trust_post,73.3492925383025
control,age_band,60+,trust_post,74.5601420634318
control,race,White / Caucasian,trust_post,74.4593158347696
control,race,Black / African American,trust_post,77.2065795504456
control,race,Hispanic / Latino,trust_post,74.86260942058
control,race,Asian / Asian American,trust_post,78.9873304563449
control,race,Other,trust_post,79.5634246248457
control,education,Less than high school,trust_post,69.8385969505778
control,education,High school diploma / GED,trust_post,71.2959420299508
control,education,Some college or Associate's degree,trust_post,74.1671399333692
control,education,Bachelor's degree,trust_post,76.7818618349894
control,education,Master's degree / Professional degree,trust_post,77.8716938648964
control,education,Doctorate degree / Ph.D.,trust_post,77.9664608725928
control,income,"Less than $30,000",trust_post,73.6582302251812
control,income,"$30,000 to $55,999",trust_post,74.903351216089
control,income,"$56,000 to $99,999",trust_post,75.8993176997766
control,income,"$100,000 to $167,999",trust_post,75.5759728768704
control,income,"$168,000 or more",trust_post,76.8043157220622
control,party,Republican,trust_post,62.3846722751186
control,party,Democrat,trust_post,83.2375858538136
control,party,Independent,trust_post,76.0707824027625
control,party,Other,trust_post,77.6603142736312
control,gender,Male,distrust_post,26.0288863746443
control,gender,Female,distrust_post,22.9480470166849
control,gender,Other,distrust_post,24.4588582001894
control,age_band,18-29,distrust_post,24.1672745411427
control,age_band,30-44,distrust_post,22.3531092596721
control,age_band,45-59,distrust_post,26.0712452975077
control,age_band,60+,distrust_post,25.2291657237435
control,race,White / Caucasian,distrust_post,25.119413346164
control,race,Black / African American,distrust_post,23.032159531184
control,race,Hispanic / Latino,distrust_post,25.1037222827782
control,race,Asian / Asian American,distrust_post,20.9539025199752
control,race,Other,distrust_post,20.6089832550057
control,education,Less than high school,distrust_post,28.287491273781
control,education,High school diploma / GED,distrust_post,28.0335999324267
control,education,Some college or Associate's degree,distrust_post,25.2157627661896
control,education,Bachelor's degree,distrust_post,23.3866155271154
control,education,Master's degree / Professional degree,distrust_post,21.9827581905647
control,education,Doctorate degree / Ph.D.,distrust_post,22.2373616732868
control,income,"Less than $30,000",distrust_post,25.9920819908309
control,income,"$30,000 to $55,999",distrust_post,24.6284898381455
control,income,"$56,000 to $99,999",distrust_post,23.9492820997437
control,income,"$100,000 to $167,999",distrust_post,24.3626813617531
control,income,"$168,000 or more",distrust_post,22.9471010832196
control,party,Republican,distrust_post,35.778359576917
control,party,Democrat,distrust_post,17.7661971003836
control,party,Independent,distrust_post,23.4466209563988
control,party,Other,distrust_post,22.2796923140235
control,gender,Male,funding_perceptions,43.4083932098586
control,gender,Female,funding_perceptions,41.3775787928691
control,gender,Other,funding_perceptions,42.3734688008578
control,age_band,18-29,funding_perceptions,41.6862742199972
control,age_band,30-44,funding_perceptions,39.8687482535577
control,age_band,45-59,funding_perceptions,45.1821520527245
control,age_band,60+,funding_perceptions,42.8515497700614
control,race,White / Caucasian,funding_perceptions,43.3112292167382
control,race,Black / African American,funding_perceptions,40.9779618662178
control,race,Hispanic / Latino,funding_perceptions,41.5058113507772
control,race,Asian / Asian American,funding_perceptions,40.5641267865982
control,race,Other,funding_perceptions,38.1724123867648
control,education,Less than high school,funding_perceptions,43.2795046317536
control,education,High school diploma / GED,funding_perceptions,43.0450105447152
control,education,Some college or Associate's degree,funding_perceptions,41.9167513677547
control,education,Bachelor's degree,funding_perceptions,41.8541432046604
control,education,Master's degree / Professional degree,funding_perceptions,45.7867501062171
control,education,Doctorate degree / Ph.D.,funding_perceptions,43.4587001884099
control,income,"Less than $30,000",funding_perceptions,40.4537945388957
control,income,"$30,000 to $55,999",funding_perceptions,41.3007483148348
control,income,"$56,000 to $99,999",funding_perceptions,42.4493743452255
control,income,"$100,000 to $167,999",funding_perceptions,44.2868798367423
control,income,"$168,000 or more",funding_perceptions,43.2707460824475
control,party,Republican,funding_perceptions,52.3906011151563
control,party,Democrat,funding_perceptions,35.7276426047565
control,party,Independent,funding_perceptions,42.4889767461838
control,party,Other,funding_perceptions,40.8380047822397
control,gender,Male,policy_role_mean,75.6377626989501
control,gender,Female,policy_role_mean,76.7367677176109
control,gender,Other,policy_role_mean,76.1978272276984
control,age_band,18-29,policy_role_mean,77.2476556103644
control,age_band,30-44,policy_role_mean,78.2022051833979
control,age_band,45-59,policy_role_mean,75.1798888695108
control,age_band,60+,policy_role_mean,74.5775338523337
control,race,White / Caucasian,policy_role_mean,75.5709222540965
control,race,Black / African American,policy_role_mean,77.3590996757858
control,race,Hispanic / Latino,policy_role_mean,77.1827954649815
control,race,Asian / Asian American,policy_role_mean,76.7146929141232
control,race,Other,policy_role_mean,76.9849182976521
control,education,Less than high school,policy_role_mean,76.3146626288587
control,education,High school diploma / GED,policy_role_mean,75.1563878657006
control,education,Some college or Associate's degree,policy_role_mean,76.2006489069553
control,education,Bachelor's degree,policy_role_mean,76.30737174921
control,education,Master's degree / Professional degree,policy_role_mean,76.4909584383899
control,education,Doctorate degree / Ph.D.,policy_role_mean,76.9259312643307
control,income,"Less than $30,000",policy_role_mean,76.428891460506
control,income,"$30,000 to $55,999",policy_role_mean,76.5217282711665
control,income,"$56,000 to $99,999",policy_role_mean,76.1688277330997
control,income,"$100,000 to $167,999",policy_role_mean,75.6493559006233
control,income,"$168,000 or more",policy_role_mean,76.8649076898965
control,party,Republican,policy_role_mean,70.965004948371
control,party,Democrat,policy_role_mean,80.1974983801507
control,party,Independent,policy_role_mean,75.4815224087095
control,party,Other,policy_role_mean,75.8696637839559
control,gender,Male,inst_trust_mean,67.9595079356083
control,gender,Female,inst_trust_mean,70.5387839450844
control,gender,Other,inst_trust_mean,69.2739341468
control,age_band,18-29,inst_trust_mean,69.5143554335999
control,age_band,30-44,inst_trust_mean,71.3251465102126
control,age_band,45-59,inst_trust_mean,67.5290502144606
control,age_band,60+,inst_trust_mean,68.6812006872045
control,race,White / Caucasian,inst_trust_mean,68.5335188426623
control,race,Black / African American,inst_trust_mean,70.7418397000887
control,race,Hispanic / Latino,inst_trust_mean,69.1080315472924
control,race,Asian / Asian American,inst_trust_mean,72.4692112043097
control,race,Other,inst_trust_mean,72.2761554610342
control,education,Less than high school,inst_trust_mean,63.8716970822743
control,education,High school diploma / GED,inst_trust_mean,66.3605766287696
control,education,Some college or Associate's degree,inst_trust_mean,68.4274923816425
control,education,Bachelor's degree,inst_trust_mean,70.3849619647223
control,education,Master's degree / Professional degree,inst_trust_mean,71.3463837095875
control,education,Doctorate degree / Ph.D.,inst_trust_mean,71.1133200899443
control,income,"Less than $30,000",inst_trust_mean,67.8433060993565
control,income,"$30,000 to $55,999",inst_trust_mean,69.1869967722278
control,income,"$56,000 to $99,999",inst_trust_mean,69.7242547863544
control,income,"$100,000 to $167,999",inst_trust_mean,69.5560269753224
control,income,"$168,000 or more",inst_trust_mean,69.8095288218976
control,party,Republican,inst_trust_mean,59.3664983195479
control,party,Democrat,inst_trust_mean,75.4410844331756
control,party,Independent,inst_trust_mean,69.7279169753471
control,party,Other,inst_trust_mean,71.0066504242508
control,gender,Male,belief_post,87.1292797952573
control,gender,Female,belief_post,89.628791182086
control,gender,Other,belief_post,88.4030571149197
control,age_band,18-29,belief_post,88.7260765019549
control,age_band,30-44,belief_post,90.7622758889849
control,age_band,45-59,belief_post,87.0314836436569
control,age_band,60+,belief_post,87.2200567469344
control,race,White / Caucasian,belief_post,87.5764559502657
control,race,Black / African American,belief_post,90.0951686828161
control,race,Hispanic / Latino,belief_post,88.3855326771874
control,race,Asian / Asian American,belief_post,91.594221132042
control,race,Other,belief_post,91.3207404624909
control,education,Less than high school,belief_post,81.5228605127158
control,education,High school diploma / GED,belief_post,85.2159680392686
control,education,Some college or Associate's degree,belief_post,87.3883213565451
control,education,Bachelor's degree,belief_post,89.620165288569
control,education,Master's degree / Professional degree,belief_post,91.2171886133501
control,education,Doctorate degree / Ph.D.,belief_post,90.547192331035
control,income,"Less than $30,000",belief_post,86.5205427138787
control,income,"$30,000 to $55,999",belief_post,88.0564955114345
control,income,"$56,000 to $99,999",belief_post,88.848187729096
control,income,"$100,000 to $167,999",belief_post,88.9499975781926
control,income,"$168,000 or more",belief_post,90.0791730657537
control,party,Republican,belief_post,78.4592542129907
control,party,Democrat,belief_post,94.6452789715418
control,party,Independent,belief_post,88.7252054270731
control,party,Other,belief_post,90.7300643696252
control,gender,Male,concern_mean,71.9567815051431
control,gender,Female,concern_mean,73.9882125147358
control,gender,Other,concern_mean,72.9920201362266
control,age_band,18-29,concern_mean,74.8154174816545
control,age_band,30-44,concern_mean,76.3104154012539
control,age_band,45-59,concern_mean,71.1868503155194
control,age_band,60+,concern_mean,70.3426931896968
control,race,White / Caucasian,concern_mean,72.0446900247728
control,race,Black / African American,concern_mean,75.3110853499071
control,race,Hispanic / Latino,concern_mean,74.1477159125389
control,race,Asian / Asian American,concern_mean,73.6140359527048
control,race,Other,concern_mean,74.2394199343372
control,education,Less than high school,concern_mean,73.0577368061456
control,education,High school diploma / GED,concern_mean,71.5719290290611
control,education,Some college or Associate's degree,concern_mean,73.2247075928399
control,education,Bachelor's degree,concern_mean,72.9461289049513
control,education,Master's degree / Professional degree,concern_mean,73.3579445076077
control,education,Doctorate degree / Ph.D.,concern_mean,73.965332029431
control,income,"Less than $30,000",concern_mean,73.6404362699269
control,income,"$30,000 to $55,999",concern_mean,73.6857244644893
control,income,"$56,000 to $99,999",concern_mean,72.9123514302113
control,income,"$100,000 to $167,999",concern_mean,71.8417017499196
control,income,"$168,000 or more",concern_mean,73.9796913778851
control,party,Republican,concern_mean,64.6883347089279
control,party,Democrat,concern_mean,79.3364580817828
control,party,Independent,concern_mean,71.8896676332702
control,party,Other,concern_mean,72.1558690267544
control,gender,Male,policy_general,74.4680053794301
control,gender,Female,policy_general,76.6920192556212
control,gender,Other,policy_general,75.6013862670047
control,age_band,18-29,policy_general,77.9651337026593
control,age_band,30-44,policy_general,79.5512786327739
control,age_band,45-59,policy_general,73.4562056960322
control,age_band,60+,policy_general,72.3191010364345
control,race,White / Caucasian,policy_general,74.490706442262
control,race,Black / African American,policy_general,77.6166662125399
control,race,Hispanic / Latino,policy_general,77.3080387829442
control,race,Asian / Asian American,policy_general,76.6699958042776
control,race,Other,policy_general,77.0667875530102
control,education,Less than high school,policy_general,76.0942215087623
control,education,High school diploma / GED,policy_general,73.7441633068749
control,education,Some college or Associate's degree,policy_general,75.6947188867619
control,education,Bachelor's degree,policy_general,75.6998414115784
control,education,Master's degree / Professional degree,policy_general,76.1231006984344
control,education,Doctorate degree / Ph.D.,policy_general,76.9405271203456
control,income,"Less than $30,000",policy_general,76.4112014523242
control,income,"$30,000 to $55,999",policy_general,76.4599789893971
control,income,"$56,000 to $99,999",policy_general,75.5257699223792
control,income,"$100,000 to $167,999",policy_general,74.1509112613896
control,income,"$168,000 or more",policy_general,76.7701332457799
control,party,Republican,policy_general,65.1176764236335
control,party,Democrat,policy_general,83.4489995342162
control,party,Independent,policy_general,74.3585054376918
control,party,Other,policy_general,75.4362131660979
control,gender,Male,policy_specific_mean,71.5459928177417
control,gender,Female,policy_specific_mean,73.0570591579629
control,gender,Other,policy_specific_mean,72.3160481344814
control,age_band,18-29,policy_specific_mean,73.8634709998905
control,age_band,30-44,policy_specific_mean,74.9542035278517
control,age_band,45-59,policy_specific_mean,70.8017631963236
control,age_band,60+,policy_specific_mean,70.204657107542
control,race,White / Caucasian,policy_specific_mean,71.6110822900171
control,race,Black / African American,policy_specific_mean,73.6777274968302
control,race,Hispanic / Latino,policy_specific_mean,73.3384775090481
control,race,Asian / Asian American,policy_specific_mean,72.8805035556096
control,race,Other,policy_specific_mean,73.55614611955
control,education,Less than high school,policy_specific_mean,72.5874859794881
control,education,High school diploma / GED,policy_specific_mean,71.068206510999
control,education,Some college or Associate's degree,policy_specific_mean,72.4662649222165
control,education,Bachelor's degree,policy_specific_mean,72.3596797940746
control,education,Master's degree / Professional degree,policy_specific_mean,72.5600238258539
control,education,Doctorate degree / Ph.D.,policy_specific_mean,73.0652792311495
control,income,"Less than $30,000",policy_specific_mean,72.941158074368
control,income,"$30,000 to $55,999",policy_specific_mean,72.8660886020182
control,income,"$56,000 to $99,999",policy_specific_mean,72.2450957119846
control,income,"$100,000 to $167,999",policy_specific_mean,71.3133325038582
control,income,"$168,000 or more",policy_specific_mean,73.1948453443322
control,party,Republican,policy_specific_mean,65.3739952126939
control,party,Democrat,policy_specific_mean,77.4594514367613
control,party,Independent,policy_specific_mean,71.5597351089978
control,party,Other,policy_specific_mean,72.3128547912387
control,gender,Male,behavior_mean,37.7211524114769
control,gender,Female,behavior_mean,43.4607996869729
control,gender,Other,behavior_mean,40.6461370948492
control,age_band,18-29,behavior_mean,41.6418947349725
control,age_band,30-44,behavior_mean,43.1283600160556
control,age_band,45-59,behavior_mean,38.9027641814897
control,age_band,60+,behavior_mean,39.1960148836738
control,race,White / Caucasian,behavior_mean,39.5989280168312
control,race,Black / African American,behavior_mean,42.7668134897105
control,race,Hispanic / Latino,behavior_mean,41.0647579006652
control,race,Asian / Asian American,behavior_mean,43.4204402425143
control,race,Other,behavior_mean,44.6190745054071
control,education,Less than high school,behavior_mean,35.5989225489494
control,education,High school diploma / GED,behavior_mean,37.9903556815716
control,education,Some college or Associate's degree,behavior_mean,39.6323008458087
control,education,Bachelor's degree,behavior_mean,41.7991298363257
control,education,Master's degree / Professional degree,behavior_mean,43.8009497455734
control,education,Doctorate degree / Ph.D.,behavior_mean,42.1319249532945
control,income,"Less than $30,000",behavior_mean,39.814550025952
control,income,"$30,000 to $55,999",behavior_mean,40.194440254566
control,income,"$56,000 to $99,999",behavior_mean,41.2409986308866
control,income,"$100,000 to $167,999",behavior_mean,40.4029866671079
control,income,"$168,000 or more",behavior_mean,41.9195011859236
control,party,Republican,behavior_mean,29.9214359752212
control,party,Democrat,behavior_mean,47.9407314915247
control,party,Independent,behavior_mean,40.0464640929363
control,party,Other,behavior_mean,44.4996778364052
control,gender,Male,donation_ams,2.35630494669669
control,gender,Female,donation_ams,2.81026532448389
control,gender,Other,donation_ams,2.58764793488941
control,age_band,18-29,donation_ams,2.46573893549662
control,age_band,30-44,donation_ams,2.67319636314677
control,age_band,45-59,donation_ams,2.44609344576941
control,age_band,60+,donation_ams,2.70000994626857
control,race,White / Caucasian,donation_ams,2.60525699441477
control,race,Black / African American,donation_ams,2.57685676362419
control,race,Hispanic / Latino,donation_ams,2.44126337743826
control,race,Asian / Asian American,donation_ams,2.71923755645338
control,race,Other,donation_ams,2.89811154979013
control,education,Less than high school,donation_ams,1.92657637043628
control,education,High school diploma / GED,donation_ams,2.08844191132613
control,education,Some college or Associate's degree,donation_ams,2.48168434015062
control,education,Bachelor's degree,donation_ams,2.69558348955693
control,education,Master's degree / Professional degree,donation_ams,3.04896274451251
control,education,Doctorate degree / Ph.D.,donation_ams,3.00811274240884
control,income,"Less than $30,000",donation_ams,1.92765297878093
control,income,"$30,000 to $55,999",donation_ams,2.41011626704453
control,income,"$56,000 to $99,999",donation_ams,2.77037111220729
control,income,"$100,000 to $167,999",donation_ams,2.85962380356876
control,income,"$168,000 or more",donation_ams,2.86911315894383
control,party,Republican,donation_ams,1.71056638781423
control,party,Democrat,donation_ams,3.20932336267411
control,party,Independent,donation_ams,2.50683723649619
control,party,Other,donation_ams,2.85485211729561
control,gender,Male,newsletter_signup,0.016244145282879
control,gender,Female,newsletter_signup,0.0180695666351739
control,gender,Other,newsletter_signup,0.0171743992235625
control,age_band,18-29,newsletter_signup,0.0184674187945418
control,age_band,30-44,newsletter_signup,0.0199248164899694
control,age_band,45-59,newsletter_signup,0.0152845418716672
control,age_band,60+,newsletter_signup,0.0154127758835609
control,race,White / Caucasian,newsletter_signup,0.0168155682864579
control,race,Black / African American,newsletter_signup,0.0170930966880902
control,race,Hispanic / Latino,newsletter_signup,0.0176292366658613
control,race,Asian / Asian American,newsletter_signup,0.0188064958671998
control,race,Other,newsletter_signup,0.0184395591227162
control,education,Less than high school,newsletter_signup,0.0146884813835368
control,education,High school diploma / GED,newsletter_signup,0.014131008174781
control,education,Some college or Associate's degree,newsletter_signup,0.017181876097249
control,education,Bachelor's degree,newsletter_signup,0.0173077587720391
control,education,Master's degree / Professional degree,newsletter_signup,0.0193821992767452
control,education,Doctorate degree / Ph.D.,newsletter_signup,0.0196356736172775
control,income,"Less than $30,000",newsletter_signup,0.0171708573583628
control,income,"$30,000 to $55,999",newsletter_signup,0.0167899144174419
control,income,"$56,000 to $99,999",newsletter_signup,0.0172615596990651
control,income,"$100,000 to $167,999",newsletter_signup,0.0166203517216831
control,income,"$168,000 or more",newsletter_signup,0.0202165259591369
control,party,Republican,newsletter_signup,0.0100944906785682
control,party,Democrat,newsletter_signup,0.022927083499685
control,party,Independent,newsletter_signup,0.0158659083568216
control,party,Other,newsletter_signup,0.0151336585782985
Corporate reliance,gender,Male,trust_multidimensional,78.2871215599368
Corporate reliance,gender,Female,trust_multidimensional,80.4333048187358
Corporate reliance,gender,Other,trust_multidimensional,79.3808391454228
Corporate reliance,age_band,18-29,trust_multidimensional,79.4176022666555
Corporate reliance,age_band,30-44,trust_multidimensional,80.650893147748
Corporate reliance,age_band,45-59,trust_multidimensional,78.509756612577
Corporate reliance,age_band,60+,trust_multidimensional,78.9318476962647
Corporate reliance,race,White / Caucasian,trust_multidimensional,79.0255944236554
Corporate reliance,race,Black / African American,trust_multidimensional,80.2385535273767
Corporate reliance,race,Hispanic / Latino,trust_multidimensional,79.0133056574959
Corporate reliance,race,Asian / Asian American,trust_multidimensional,81.0707916739944
Corporate reliance,race,Other,trust_multidimensional,81.6581700647021
Corporate reliance,education,Less than high school,trust_multidimensional,75.5696909055787
Corporate reliance,education,High school diploma / GED,trust_multidimensional,77.3572701186193
Corporate reliance,education,Some college or Associate's degree,trust_multidimensional,78.7891908897559
Corporate reliance,education,Bachelor's degree,trust_multidimensional,80.131055934124
Corporate reliance,education,Master's degree / Professional degree,trust_multidimensional,81.1184743548939
Corporate reliance,education,Doctorate degree / Ph.D.,trust_multidimensional,80.6374697931298
Corporate reliance,income,"Less than $30,000",trust_multidimensional,78.8055632090384
Corporate reliance,income,"$30,000 to $55,999",trust_multidimensional,79.2285186885487
Corporate reliance,income,"$56,000 to $99,999",trust_multidimensional,79.6385575820771
Corporate reliance,income,"$100,000 to $167,999",trust_multidimensional,79.3735597388396
Corporate reliance,income,"$168,000 or more",trust_multidimensional,80.013056470103
Corporate reliance,party,Republican,trust_multidimensional,73.1947239587834
Corporate reliance,party,Democrat,trust_multidimensional,83.2876003506726
Corporate reliance,party,Independent,trust_multidimensional,79.5695068326447
Corporate reliance,party,Other,trust_multidimensional,80.6004781488893
Corporate reliance,gender,Male,trust_post,78.3479380531951
Corporate reliance,gender,Female,trust_post,80.4669525760363
Corporate reliance,gender,Other,trust_post,79.427810164782
Corporate reliance,age_band,18-29,trust_post,79.7993045751377
Corporate reliance,age_band,30-44,trust_post,81.0430210753844
Corporate reliance,age_band,45-59,trust_post,78.1265346373848
Corporate reliance,age_band,60+,trust_post,78.7882793922165
Corporate reliance,race,White / Caucasian,trust_post,78.9022948720495
Corporate reliance,race,Black / African American,trust_post,80.8196950857566
Corporate reliance,race,Hispanic / Latino,trust_post,79.0755099468556
Corporate reliance,race,Asian / Asian American,trust_post,81.5123511657151
Corporate reliance,race,Other,trust_post,81.9880607722047
Corporate reliance,education,Less than high school,trust_post,73.0301486997407
Corporate reliance,education,High school diploma / GED,trust_post,76.9196773100305
Corporate reliance,education,Some college or Associate's degree,trust_post,78.3776317686466
Corporate reliance,education,Bachelor's degree,trust_post,80.5674984233423
Corporate reliance,education,Master's degree / Professional degree,trust_post,80.8983428892266
Corporate reliance,education,Doctorate degree / Ph.D.,trust_post,81.6112262216376
Corporate reliance,income,"Less than $30,000",trust_post,78.4658651335224
Corporate reliance,income,"$30,000 to $55,999",trust_post,79.352907827879
Corporate reliance,income,"$56,000 to $99,999",trust_post,79.7141819554904
Corporate reliance,income,"$100,000 to $167,999",trust_post,79.5129678336554
Corporate reliance,income,"$168,000 or more",trust_post,80.3744943474417
Corporate reliance,party,Republican,trust_post,70.4490021570661
Corporate reliance,party,Democrat,trust_post,85.3135829059221
Corporate reliance,party,Independent,trust_post,79.3828871443495
Corporate reliance,party,Other,trust_post,81.261995165238
Corporate reliance,gender,Male,distrust_post,22.9937738174502
Corporate reliance,gender,Female,distrust_post,20.8079721722057
Corporate reliance,gender,Other,distrust_post,21.8798662850962
Corporate reliance,age_band,18-29,distrust_post,21.2839978276515
Corporate reliance,age_band,30-44,distrust_post,20.33832809825
Corporate reliance,age_band,45-59,distrust_post,23.4798142144243
Corporate reliance,age_band,60+,distrust_post,22.3823263869293
Corporate reliance,race,White / Caucasian,distrust_post,22.2642062517589
Corporate reliance,race,Black / African American,distrust_post,20.6128050661013
Corporate reliance,race,Hispanic / Latino,distrust_post,22.543914220088
Corporate reliance,race,Asian / Asian American,distrust_post,19.9669595463835
Corporate reliance,race,Other,distrust_post,19.3800722169833
Corporate reliance,education,Less than high school,distrust_post,26.5162260148854
Corporate reliance,education,High school diploma / GED,distrust_post,24.3113607973018
Corporate reliance,education,Some college or Associate's degree,distrust_post,22.6743524805061
Corporate reliance,education,Bachelor's degree,distrust_post,20.841059089145
Corporate reliance,education,Master's degree / Professional degree,distrust_post,20.5493845580018
Corporate reliance,education,Doctorate degree / Ph.D.,distrust_post,20.2989348896607
Corporate reliance,income,"Less than $30,000",distrust_post,22.7724246217601
Corporate reliance,income,"$30,000 to $55,999",distrust_post,21.6928593547823
Corporate reliance,income,"$56,000 to $99,999",distrust_post,21.6357747311133
Corporate reliance,income,"$100,000 to $167,999",distrust_post,21.8712584059615
Corporate reliance,income,"$168,000 or more",distrust_post,21.4415128090715
Corporate reliance,party,Republican,distrust_post,30.1870438918223
Corporate reliance,party,Democrat,distrust_post,16.5920019437874
Corporate reliance,party,Independent,distrust_post,21.6913703957324
Corporate reliance,party,Other,distrust_post,20.1957355776721
Corporate reliance,gender,Male,funding_perceptions,43.4406458225003
Corporate reliance,gender,Female,funding_perceptions,40.6391017772586
Corporate reliance,gender,Other,funding_perceptions,42.0129494800597
Corporate reliance,age_band,18-29,funding_perceptions,41.065273861629
Corporate reliance,age_band,30-44,funding_perceptions,39.4909744995739
Corporate reliance,age_band,45-59,funding_perceptions,45.0392230825082
Corporate reliance,age_band,60+,funding_perceptions,42.5142764311089
Corporate reliance,race,White / Caucasian,funding_perceptions,42.6830298174357
Corporate reliance,race,Black / African American,funding_perceptions,39.6740363583961
Corporate reliance,race,Hispanic / Latino,funding_perceptions,42.0835179836369
Corporate reliance,race,Asian / Asian American,funding_perceptions,41.7062432358129
Corporate reliance,race,Other,funding_perceptions,38.0562817585331
Corporate reliance,education,Less than high school,funding_perceptions,44.8745262425572
Corporate reliance,education,High school diploma / GED,funding_perceptions,42.9058389815763
Corporate reliance,education,Some college or Associate's degree,funding_perceptions,42.4500066468208
Corporate reliance,education,Bachelor's degree,funding_perceptions,41.3421322256401
Corporate reliance,education,Master's degree / Professional degree,funding_perceptions,40.9298431117024
Corporate reliance,education,Doctorate degree / Ph.D.,funding_perceptions,42.1191504100652
Corporate reliance,income,"Less than $30,000",funding_perceptions,42.3450783354415
Corporate reliance,income,"$30,000 to $55,999",funding_perceptions,40.9223550414625
Corporate reliance,income,"$56,000 to $99,999",funding_perceptions,40.971126812533
Corporate reliance,income,"$100,000 to $167,999",funding_perceptions,44.3657017856056
Corporate reliance,income,"$168,000 or more",funding_perceptions,41.4877595723225
Corporate reliance,party,Republican,funding_perceptions,53.7856213779464
Corporate reliance,party,Democrat,funding_perceptions,34.073810755499
Corporate reliance,party,Independent,funding_perceptions,42.5055642036403
Corporate reliance,party,Other,funding_perceptions,38.4649939411203
Corporate reliance,gender,Male,policy_role_mean,75.6063036267451
Corporate reliance,gender,Female,policy_role_mean,76.6162270632134
Corporate reliance,gender,Other,policy_role_mean,76.1209712432831
Corporate reliance,age_band,18-29,policy_role_mean,77.1288329533904
Corporate reliance,age_band,30-44,policy_role_mean,78.0334423866643
Corporate reliance,age_band,45-59,policy_role_mean,75.1030988262874
Corporate reliance,age_band,60+,policy_role_mean,74.6054946793746
Corporate reliance,race,White / Caucasian,policy_role_mean,75.5942719176923
Corporate reliance,race,Black / African American,policy_role_mean,77.0731184704202
Corporate reliance,race,Hispanic / Latino,policy_role_mean,76.9702126428796
Corporate reliance,race,Asian / Asian American,policy_role_mean,76.5658694459755
Corporate reliance,race,Other,policy_role_mean,76.7179333109065
Corporate reliance,education,Less than high school,policy_role_mean,75.984953309438
Corporate reliance,education,High school diploma / GED,policy_role_mean,75.0797066768285
Corporate reliance,education,Some college or Associate's degree,policy_role_mean,76.0976206622747
Corporate reliance,education,Bachelor's degree,policy_role_mean,76.1801421297837
Corporate reliance,education,Master's degree / Professional degree,policy_role_mean,76.5887008915456
Corporate reliance,education,Doctorate degree / Ph.D.,policy_role_mean,77.0555207218004
Corporate reliance,income,"Less than $30,000",policy_role_mean,76.4007870930803
Corporate reliance,income,"$30,000 to $55,999",policy_role_mean,76.4310042524002
Corporate reliance,income,"$56,000 to $99,999",policy_role_mean,76.0309849691633
Corporate reliance,income,"$100,000 to $167,999",policy_role_mean,75.5989642112414
Corporate reliance,income,"$168,000 or more",policy_role_mean,76.9606039670706
Corporate reliance,party,Republican,policy_role_mean,71.363035120255
Corporate reliance,party,Democrat,policy_role_mean,79.769820787318
Corporate reliance,party,Independent,policy_role_mean,75.4539674087077
Corporate reliance,party,Other,policy_role_mean,75.8027567781938
Corporate reliance,gender,Male,inst_trust_mean,68.9302852187125
Corporate reliance,gender,Female,inst_trust_mean,71.1395024353141
Corporate reliance,gender,Other,inst_trust_mean,70.0561255727687
Corporate reliance,age_band,18-29,inst_trust_mean,70.4040496684739
Corporate reliance,age_band,30-44,inst_trust_mean,71.658316528497
Corporate reliance,age_band,45-59,inst_trust_mean,68.506519520179
Corporate reliance,age_band,60+,inst_trust_mean,69.6270234092759
Corporate reliance,race,White / Caucasian,inst_trust_mean,69.3937210432979
Corporate reliance,race,Black / African American,inst_trust_mean,71.3992715323296
Corporate reliance,race,Hispanic / Latino,inst_trust_mean,69.8522328634226
Corporate reliance,race,Asian / Asian American,inst_trust_mean,72.8699812771204
Corporate reliance,race,Other,inst_trust_mean,73.0847707734016
Corporate reliance,education,Less than high school,inst_trust_mean,64.3802301793996
Corporate reliance,education,High school diploma / GED,inst_trust_mean,67.1481554225326
Corporate reliance,education,Some college or Associate's degree,inst_trust_mean,69.3661926798724
Corporate reliance,education,Bachelor's degree,inst_trust_mean,71.1339037105927
Corporate reliance,education,Master's degree / Professional degree,inst_trust_mean,71.3352373947191
Corporate reliance,education,Doctorate degree / Ph.D.,inst_trust_mean,71.8299934650899
Corporate reliance,income,"Less than $30,000",inst_trust_mean,68.9504299216368
Corporate reliance,income,"$30,000 to $55,999",inst_trust_mean,70.176893583427
Corporate reliance,income,"$56,000 to $99,999",inst_trust_mean,70.4751073125014
Corporate reliance,income,"$100,000 to $167,999",inst_trust_mean,69.9732476985324
Corporate reliance,income,"$168,000 or more",inst_trust_mean,70.6352456718609
Corporate reliance,party,Republican,inst_trust_mean,60.4268953622664
Corporate reliance,party,Democrat,inst_trust_mean,76.1927856094903
Corporate reliance,party,Independent,inst_trust_mean,70.2695356654908
Corporate reliance,party,Other,inst_trust_mean,71.9525085984438
Corporate reliance,gender,Male,belief_post,88.5386788871315
Corporate reliance,gender,Female,belief_post,90.4079004348262
Corporate reliance,gender,Other,belief_post,89.4912538685556
Corporate reliance,age_band,18-29,belief_post,89.8108824885844
Corporate reliance,age_band,30-44,belief_post,91.3885242833854
Corporate reliance,age_band,45-59,belief_post,88.5208822084819
Corporate reliance,age_band,60+,belief_post,88.4025119263613
Corporate reliance,race,White / Caucasian,belief_post,88.7347666597001
Corporate reliance,race,Black / African American,belief_post,91.0524206737082
Corporate reliance,race,Hispanic / Latino,belief_post,89.4534445138745
Corporate reliance,race,Asian / Asian American,belief_post,92.3756139146363
Corporate reliance,race,Other,belief_post,92.3374557057065
Corporate reliance,education,Less than high school,belief_post,84.288957005744
Corporate reliance,education,High school diploma / GED,belief_post,86.1454363053482
Corporate reliance,education,Some college or Associate's degree,belief_post,88.5672353042665
Corporate reliance,education,Bachelor's degree,belief_post,90.7200826539294
Corporate reliance,education,Master's degree / Professional degree,belief_post,91.6343206584742
Corporate reliance,education,Doctorate degree / Ph.D.,belief_post,91.6373509576296
Corporate reliance,income,"Less than $30,000",belief_post,88.0834925286801
Corporate reliance,income,"$30,000 to $55,999",belief_post,89.2606799111736
Corporate reliance,income,"$56,000 to $99,999",belief_post,89.861242783723
Corporate reliance,income,"$100,000 to $167,999",belief_post,89.7634500012194
Corporate reliance,income,"$168,000 or more",belief_post,90.9810792026799
Corporate reliance,party,Republican,belief_post,80.5327758409353
Corporate reliance,party,Democrat,belief_post,95.1710391955148
Corporate reliance,party,Independent,belief_post,89.7786891516626
Corporate reliance,party,Other,belief_post,90.7822241344397
Corporate reliance,gender,Male,concern_mean,73.0998661749705
Corporate reliance,gender,Female,concern_mean,74.8903518779213
Corporate reliance,gender,Other,concern_mean,74.0123165409166
Corporate reliance,age_band,18-29,concern_mean,75.5941376188311
Corporate reliance,age_band,30-44,concern_mean,77.080158269074
Corporate reliance,age_band,45-59,concern_mean,72.307726028309
Corporate reliance,age_band,60+,concern_mean,71.6573061422638
Corporate reliance,race,White / Caucasian,concern_mean,73.1601725435072
Corporate reliance,race,Black / African American,concern_mean,76.0129900158699
Corporate reliance,race,Hispanic / Latino,concern_mean,75.0711768120371
Corporate reliance,race,Asian / Asian American,concern_mean,74.6692521123608
Corporate reliance,race,Other,concern_mean,75.1525067910686
Corporate reliance,education,Less than high school,concern_mean,73.6036623736731
Corporate reliance,education,High school diploma / GED,concern_mean,72.5607418962927
Corporate reliance,education,Some college or Associate's degree,concern_mean,74.1724656108471
Corporate reliance,education,Bachelor's degree,concern_mean,74.020343039237
Corporate reliance,education,Master's degree / Professional degree,concern_mean,74.4346457106093
Corporate reliance,education,Doctorate degree / Ph.D.,concern_mean,75.0732111342974
Corporate reliance,income,"Less than $30,000",concern_mean,74.4968617280835
Corporate reliance,income,"$30,000 to $55,999",concern_mean,74.553251840422
Corporate reliance,income,"$56,000 to $99,999",concern_mean,73.9528901089664
Corporate reliance,income,"$100,000 to $167,999",concern_mean,73.038810423759
Corporate reliance,income,"$168,000 or more",concern_mean,75.1419793410464
Corporate reliance,party,Republican,concern_mean,66.3023782453514
Corporate reliance,party,Democrat,concern_mean,79.8735196324792
Corporate reliance,party,Independent,concern_mean,73.0454457429414
Corporate reliance,party,Other,concern_mean,73.0953811823607
Corporate reliance,gender,Male,policy_general,74.8803410876421
Corporate reliance,gender,Female,policy_general,77.267347257769
Corporate reliance,gender,Other,policy_general,76.0967845643248
Corporate reliance,age_band,18-29,policy_general,78.3251686118786
Corporate reliance,age_band,30-44,policy_general,80.02332208466
Corporate reliance,age_band,45-59,policy_general,73.8992884193962
Corporate reliance,age_band,60+,policy_general,72.9613017909165
Corporate reliance,race,White / Caucasian,policy_general,75.0317406336487
Corporate reliance,race,Black / African American,policy_general,78.1199422706803
Corporate reliance,race,Hispanic / Latino,policy_general,77.6879543594648
Corporate reliance,race,Asian / Asian American,policy_general,77.1218789200499
Corporate reliance,race,Other,policy_general,77.3941418649034
Corporate reliance,education,Less than high school,policy_general,76.4449294088393
Corporate reliance,education,High school diploma / GED,policy_general,74.3633253677978
Corporate reliance,education,Some college or Associate's degree,policy_general,76.1209908952974
Corporate reliance,education,Bachelor's degree,policy_general,76.2124390637742
Corporate reliance,education,Master's degree / Professional degree,policy_general,76.5205202980934
Corporate reliance,education,Doctorate degree / Ph.D.,policy_general,77.4909372639353
Corporate reliance,income,"Less than $30,000",policy_general,77.0425449761051
Corporate reliance,income,"$30,000 to $55,999",policy_general,76.9587616039886
Corporate reliance,income,"$56,000 to $99,999",policy_general,75.9442430722396
Corporate reliance,income,"$100,000 to $167,999",policy_general,74.646577160647
Corporate reliance,income,"$168,000 or more",policy_general,77.3310045999472
Corporate reliance,party,Republican,policy_general,65.873356702589
Corporate reliance,party,Democrat,policy_general,83.7240030085676
Corporate reliance,party,Independent,policy_general,74.8938299701522
Corporate reliance,party,Other,policy_general,76.2228160470397
Corporate reliance,gender,Male,policy_specific_mean,71.8395053506418
Corporate reliance,gender,Female,policy_specific_mean,73.3594460902978
Corporate reliance,gender,Other,policy_specific_mean,72.6140831547706
Corporate reliance,age_band,18-29,policy_specific_mean,74.1419601841439
Corporate reliance,age_band,30-44,policy_specific_mean,75.2179025127037
Corporate reliance,age_band,45-59,policy_specific_mean,71.0683835128485
Corporate reliance,age_band,60+,policy_specific_mean,70.5676788914405
Corporate reliance,race,White / Caucasian,policy_specific_mean,71.9174107969155
Corporate reliance,race,Black / African American,policy_specific_mean,73.9016541905241
Corporate reliance,race,Hispanic / Latino,policy_specific_mean,73.6322426383026
Corporate reliance,race,Asian / Asian American,policy_specific_mean,73.2796699868408
Corporate reliance,race,Other,policy_specific_mean,73.7862215792557
Corporate reliance,education,Less than high school,policy_specific_mean,72.6450894590467
Corporate reliance,education,High school diploma / GED,policy_specific_mean,71.3594737902209
Corporate reliance,education,Some college or Associate's degree,policy_specific_mean,72.7742312063712
Corporate reliance,education,Bachelor's degree,policy_specific_mean,72.6425960940473
Corporate reliance,education,Master's degree / Professional degree,policy_specific_mean,72.9037956202391
Corporate reliance,education,Doctorate degree / Ph.D.,policy_specific_mean,73.3916398108566
Corporate reliance,income,"Less than $30,000",policy_specific_mean,73.1934434293622
Corporate reliance,income,"$30,000 to $55,999",policy_specific_mean,73.2030877068021
Corporate reliance,income,"$56,000 to $99,999",policy_specific_mean,72.5720747667838
Corporate reliance,income,"$100,000 to $167,999",policy_specific_mean,71.5658630197452
Corporate reliance,income,"$168,000 or more",policy_specific_mean,73.5036291696853
Corporate reliance,party,Republican,policy_specific_mean,65.7514195812622
Corporate reliance,party,Democrat,policy_specific_mean,77.7119594711561
Corporate reliance,party,Independent,policy_specific_mean,71.8441583252319
Corporate reliance,party,Other,policy_specific_mean,72.6413218327404
Corporate reliance,gender,Male,behavior_mean,38.2267307847065
Corporate reliance,gender,Female,behavior_mean,43.9799457191807
Corporate reliance,gender,Other,behavior_mean,41.1586296899456
Corporate reliance,age_band,18-29,behavior_mean,42.4933934902163
Corporate reliance,age_band,30-44,behavior_mean,43.6348536416383
Corporate reliance,age_band,45-59,behavior_mean,39.0218258695581
Corporate reliance,age_band,60+,behavior_mean,39.7839592900788
Corporate reliance,race,White / Caucasian,behavior_mean,40.2170704196644
Corporate reliance,race,Black / African American,behavior_mean,43.3187907355778
Corporate reliance,race,Hispanic / Latino,behavior_mean,41.4837607224246
Corporate reliance,race,Asian / Asian American,behavior_mean,42.9851888860977
Corporate reliance,race,Other,behavior_mean,45.5615758012912
Corporate reliance,education,Less than high school,behavior_mean,34.7127029469448
Corporate reliance,education,High school diploma / GED,behavior_mean,38.2640857601196
Corporate reliance,education,Some college or Associate's degree,behavior_mean,40.2810902805713
Corporate reliance,education,Bachelor's degree,behavior_mean,42.2827400107667
Corporate reliance,education,Master's degree / Professional degree,behavior_mean,43.80319154005
Corporate reliance,education,Doctorate degree / Ph.D.,behavior_mean,42.8853265661227
Corporate reliance,income,"Less than $30,000",behavior_mean,40.0555783522963
Corporate reliance,income,"$30,000 to $55,999",behavior_mean,40.5431059161573
Corporate reliance,income,"$56,000 to $99,999",behavior_mean,41.7365980115986
Corporate reliance,income,"$100,000 to $167,999",behavior_mean,41.254356260557
Corporate reliance,income,"$168,000 or more",behavior_mean,42.489959613948
Corporate reliance,party,Republican,behavior_mean,31.0138609532054
Corporate reliance,party,Democrat,behavior_mean,48.3014932336284
Corporate reliance,party,Independent,behavior_mean,40.4106163584026
Corporate reliance,party,Other,behavior_mean,43.0469066668179
Corporate reliance,gender,Male,donation_ams,2.52579874810329
Corporate reliance,gender,Female,donation_ams,2.95832371336263
Corporate reliance,gender,Other,donation_ams,2.74621802438196
Corporate reliance,age_band,18-29,donation_ams,2.64674669282994
Corporate reliance,age_band,30-44,donation_ams,2.86840105527245
Corporate reliance,age_band,45-59,donation_ams,2.51908142865346
Corporate reliance,age_band,60+,donation_ams,2.87649037434143
Corporate reliance,race,White / Caucasian,donation_ams,2.78132039683016
Corporate reliance,race,Black / African American,donation_ams,2.69612000371332
Corporate reliance,race,Hispanic / Latino,donation_ams,2.62123989893219
Corporate reliance,race,Asian / Asian American,donation_ams,2.72472276729171
Corporate reliance,race,Other,donation_ams,3.07998343736066
Corporate reliance,education,Less than high school,donation_ams,1.7153670145415
Corporate reliance,education,High school diploma / GED,donation_ams,2.35884203899393
Corporate reliance,education,Some college or Associate's degree,donation_ams,2.62170275399266
Corporate reliance,education,Bachelor's degree,donation_ams,2.83562176273186
Corporate reliance,education,Master's degree / Professional degree,donation_ams,3.40447841312118
Corporate reliance,education,Doctorate degree / Ph.D.,donation_ams,3.10771915754839
Corporate reliance,income,"Less than $30,000",donation_ams,2.06889568193577
Corporate reliance,income,"$30,000 to $55,999",donation_ams,2.55324984766855
Corporate reliance,income,"$56,000 to $99,999",donation_ams,2.9163678037387
Corporate reliance,income,"$100,000 to $167,999",donation_ams,3.02212220738179
Corporate reliance,income,"$168,000 or more",donation_ams,3.19203418998223
Corporate reliance,party,Republican,donation_ams,1.92012206084508
Corporate reliance,party,Democrat,donation_ams,3.35249398801567
Corporate reliance,party,Independent,donation_ams,2.66525681704894
Corporate reliance,party,Other,donation_ams,2.73922258885523
Corporate reliance,gender,Male,newsletter_signup,0.0154328450624154
Corporate reliance,gender,Female,newsletter_signup,0.0184838071726621
Corporate reliance,gender,Other,newsletter_signup,0.0169876474768633
Corporate reliance,age_band,18-29,newsletter_signup,0.0176887943172905
Corporate reliance,age_band,30-44,newsletter_signup,0.020252180542552
Corporate reliance,age_band,45-59,newsletter_signup,0.0145501053409197
Corporate reliance,age_band,60+,newsletter_signup,0.0155848247755346
Corporate reliance,race,White / Caucasian,newsletter_signup,0.0166417919137573
Corporate reliance,race,Black / African American,newsletter_signup,0.0168611838491886
Corporate reliance,race,Hispanic / Latino,newsletter_signup,0.0174364582420966
Corporate reliance,race,Asian / Asian American,newsletter_signup,0.0177025284723423
Corporate reliance,race,Other,newsletter_signup,0.0204492226438099
Corporate reliance,education,Less than high school,newsletter_signup,0.0181286235193463
Corporate reliance,education,High school diploma / GED,newsletter_signup,0.015020335467074
Corporate reliance,education,Some college or Associate's degree,newsletter_signup,0.0172971945513363
Corporate reliance,education,Bachelor's degree,newsletter_signup,0.017384290124662
Corporate reliance,education,Master's degree / Professional degree,newsletter_signup,0.0169010205950632
Corporate reliance,education,Doctorate degree / Ph.D.,newsletter_signup,0.0169428494336497
Corporate reliance,income,"Less than $30,000",newsletter_signup,0.0177083695496865
Corporate reliance,income,"$30,000 to $55,999",newsletter_signup,0.0174765051724526
Corporate reliance,income,"$56,000 to $99,999",newsletter_signup,0.0170068904073772
Corporate reliance,income,"$100,000 to $167,999",newsletter_signup,0.0157149095891035
Corporate reliance,income,"$168,000 or more",newsletter_signup,0.0183440357348066
Corporate reliance,party,Republican,newsletter_signup,0.00861881415234429
Corporate reliance,party,Democrat,newsletter_signup,0.0223981849679267
Corporate reliance,party,Independent,newsletter_signup,0.017339520126267
Corporate reliance,party,Other,newsletter_signup,0.0157848310475896
Social justice,gender,Male,trust_multidimensional,77.2695860816135
Social justice,gender,Female,trust_multidimensional,79.761755846623
Social justice,gender,Other,trust_multidimensional,78.5396220334981
Social justice,age_band,18-29,trust_multidimensional,78.5756322703947
Social justice,age_band,30-44,trust_multidimensional,80.0564205012523
Social justice,age_band,45-59,trust_multidimensional,77.3800398075793
Social justice,age_band,60+,trust_multidimensional,78.096958015043
Social justice,race,White / Caucasian,trust_multidimensional,78.0641173635589
Social justice,race,Black / African American,trust_multidimensional,79.5501397578023
Social justice,race,Hispanic / Latino,trust_multidimensional,78.4784965049274
Social justice,race,Asian / Asian American,trust_multidimensional,80.4350017356067
Social justice,race,Other,trust_multidimensional,80.2440298748909
Social justice,education,Less than high school,trust_multidimensional,73.6853053074184
Social justice,education,High school diploma / GED,trust_multidimensional,76.3810935756175
Social justice,education,Some college or Associate's degree,trust_multidimensional,78.03648175676
Social justice,education,Bachelor's degree,trust_multidimensional,79.371515343609
Social justice,education,Master's degree / Professional degree,trust_multidimensional,79.9206662668026
Social justice,education,Doctorate degree / Ph.D.,trust_multidimensional,79.60202711736
Social justice,income,"Less than $30,000",trust_multidimensional,77.8446798603452
Social justice,income,"$30,000 to $55,999",trust_multidimensional,78.4233111161587
Social justice,income,"$56,000 to $99,999",trust_multidimensional,78.8030861737942
Social justice,income,"$100,000 to $167,999",trust_multidimensional,78.5914947402044
Social justice,income,"$168,000 or more",trust_multidimensional,79.1223843368254
Social justice,party,Republican,trust_multidimensional,71.5294793704871
Social justice,party,Democrat,trust_multidimensional,82.9879704833344
Social justice,party,Independent,trust_multidimensional,78.7554004899895
Social justice,party,Other,trust_multidimensional,79.5865217395861
Social justice,gender,Male,trust_post,76.425310073348
Social justice,gender,Female,trust_post,79.7842618673572
Social justice,gender,Other,trust_post,78.1370672734128
Social justice,age_band,18-29,trust_post,78.1323101989648
Social justice,age_band,30-44,trust_post,80.3107603117372
Social justice,age_band,45-59,trust_post,76.2401600312847
Social justice,age_band,60+,trust_post,77.7137646913938
Social justice,race,White / Caucasian,trust_post,77.2593109963345
Social justice,race,Black / African American,trust_post,80.3197925107863
Social justice,race,Hispanic / Latino,trust_post,78.067735648935
Social justice,race,Asian / Asian American,trust_post,81.1733625094563
Social justice,race,Other,trust_post,80.6968585835411
Social justice,education,Less than high school,trust_post,72.5502112284239
Social justice,education,High school diploma / GED,trust_post,75.0510078028753
Social justice,education,Some college or Associate's degree,trust_post,77.0896712278552
Social justice,education,Bachelor's degree,trust_post,79.3884500385582
Social justice,education,Master's degree / Professional degree,trust_post,80.7951746400162
Social justice,education,Doctorate degree / Ph.D.,trust_post,80.1166079566069
Social justice,income,"Less than $30,000",trust_post,77.0001343260494
Social justice,income,"$30,000 to $55,999",trust_post,78.0563037922112
Social justice,income,"$56,000 to $99,999",trust_post,78.5129324707897
Social justice,income,"$100,000 to $167,999",trust_post,78.2248826057862
Social justice,income,"$168,000 or more",trust_post,79.0511394529815
Social justice,party,Republican,trust_post,66.8002224753634
Social justice,party,Democrat,trust_post,85.3461058467121
Social justice,party,Independent,trust_post,78.4006596591313
Social justice,party,Other,trust_post,80.4794025766304
Social justice,gender,Male,distrust_post,23.8642451376345
Social justice,gender,Female,distrust_post,20.8393667461505
Social justice,gender,Other,distrust_post,22.3227352608991
Social justice,age_band,18-29,distrust_post,22.2798424581557
Social justice,age_band,30-44,distrust_post,20.605880770049
Social justice,age_band,45-59,distrust_post,23.8795053908987
Social justice,age_band,60+,distrust_post,22.6441321168534
Social justice,race,White / Caucasian,distrust_post,22.9993283918955
Social justice,race,Black / African American,distrust_post,20.7242349259588
Social justice,race,Hispanic / Latino,distrust_post,22.25405066747
Social justice,race,Asian / Asian American,distrust_post,20.130020257556
Social justice,race,Other,distrust_post,20.4213345390893
Social justice,education,Less than high school,distrust_post,28.2975157998651
Social justice,education,High school diploma / GED,distrust_post,25.1008858181782
Social justice,education,Some college or Associate's degree,distrust_post,23.1769594363128
Social justice,education,Bachelor's degree,distrust_post,21.2217473386935
Social justice,education,Master's degree / Professional degree,distrust_post,19.9972728749371
Social justice,education,Doctorate degree / Ph.D.,distrust_post,20.6397011806424
Social justice,income,"Less than $30,000",distrust_post,23.5435866653799
Social justice,income,"$30,000 to $55,999",distrust_post,22.3283105428362
Social justice,income,"$56,000 to $99,999",distrust_post,21.9120707630904
Social justice,income,"$100,000 to $167,999",distrust_post,22.2030366563383
Social justice,income,"$168,000 or more",distrust_post,21.7623624933306
Social justice,party,Republican,distrust_post,31.8758052370746
Social justice,party,Democrat,distrust_post,16.2384933975947
Social justice,party,Independent,distrust_post,22.1080351904511
Social justice,party,Other,distrust_post,20.4141461486051
Social justice,gender,Male,funding_perceptions,42.498673445344
Social justice,gender,Female,funding_perceptions,39.7061244094624
Social justice,gender,Other,funding_perceptions,41.0755610543803
Social justice,age_band,18-29,funding_perceptions,39.1048891058296
Social justice,age_band,30-44,funding_perceptions,38.2012368296997
Social justice,age_band,45-59,funding_perceptions,44.2828923800766
Social justice,age_band,60+,funding_perceptions,42.4073082515616
Social justice,race,White / Caucasian,funding_perceptions,42.5409403252368
Social justice,race,Black / African American,funding_perceptions,36.8903574498413
Social justice,race,Hispanic / Latino,funding_perceptions,40.4141389149953
Social justice,race,Asian / Asian American,funding_perceptions,38.603621510658
Social justice,race,Other,funding_perceptions,38.0502304929356
Social justice,education,Less than high school,funding_perceptions,45.4086517614444
Social justice,education,High school diploma / GED,funding_perceptions,41.080294452403
Social justice,education,Some college or Associate's degree,funding_perceptions,40.770450774065
Social justice,education,Bachelor's degree,funding_perceptions,40.914750138638
Social justice,education,Master's degree / Professional degree,funding_perceptions,42.757198202755
Social justice,education,Doctorate degree / Ph.D.,funding_perceptions,41.6570608719016
Social justice,income,"Less than $30,000",funding_perceptions,39.8458473380106
Social justice,income,"$30,000 to $55,999",funding_perceptions,40.0241461660479
Social justice,income,"$56,000 to $99,999",funding_perceptions,40.3526905733936
Social justice,income,"$100,000 to $167,999",funding_perceptions,43.5466639076997
Social justice,income,"$168,000 or more",funding_perceptions,42.5317127849657
Social justice,party,Republican,funding_perceptions,53.2815332209365
Social justice,party,Democrat,funding_perceptions,33.2201447472871
Social justice,party,Independent,funding_perceptions,40.8983340277537
Social justice,party,Other,funding_perceptions,38.8551062779308
Social justice,gender,Male,policy_role_mean,76.7542049472622
Social justice,gender,Female,policy_role_mean,77.8601569503456
Social justice,gender,Other,policy_role_mean,77.3178097324159
Social justice,age_band,18-29,policy_role_mean,78.2890164209375
Social justice,age_band,30-44,policy_role_mean,79.313267855108
Social justice,age_band,45-59,policy_role_mean,76.2996843689437
Social justice,age_band,60+,policy_role_mean,75.7564817305638
Social justice,race,White / Caucasian,policy_role_mean,76.769818690142
Social justice,race,Black / African American,policy_role_mean,78.3260871083528
Social justice,race,Hispanic / Latino,policy_role_mean,78.1347856581719
Social justice,race,Asian / Asian American,policy_role_mean,77.9016216893114
Social justice,race,Other,policy_role_mean,78.0060768545467
Social justice,education,Less than high school,policy_role_mean,77.3075591697
Social justice,education,High school diploma / GED,policy_role_mean,76.2591539814709
Social justice,education,Some college or Associate's degree,policy_role_mean,77.2159204286188
Social justice,education,Bachelor's degree,policy_role_mean,77.4378132253752
Social justice,education,Master's degree / Professional degree,policy_role_mean,77.8436416590924
Social justice,education,Doctorate degree / Ph.D.,policy_role_mean,78.2773826615487
Social justice,income,"Less than $30,000",policy_role_mean,77.5490558333085
Social justice,income,"$30,000 to $55,999",policy_role_mean,77.6272124296839
Social justice,income,"$56,000 to $99,999",policy_role_mean,77.2359961469672
Social justice,income,"$100,000 to $167,999",policy_role_mean,76.8399490147565
Social justice,income,"$168,000 or more",policy_role_mean,78.0697648180113
Social justice,party,Republican,policy_role_mean,72.1894329064242
Social justice,party,Democrat,policy_role_mean,81.2074669086851
Social justice,party,Independent,policy_role_mean,76.6466026685701
Social justice,party,Other,policy_role_mean,77.1294141465226
Social justice,gender,Male,inst_trust_mean,68.5425801657803
Social justice,gender,Female,inst_trust_mean,71.1314046721018
Social justice,gender,Other,inst_trust_mean,69.861872391499
Social justice,age_band,18-29,inst_trust_mean,69.9787919355032
Social justice,age_band,30-44,inst_trust_mean,71.6769930921346
Social justice,age_band,45-59,inst_trust_mean,68.2574540433705
Social justice,age_band,60+,inst_trust_mean,69.444645379916
Social justice,race,White / Caucasian,inst_trust_mean,69.1386446885565
Social justice,race,Black / African American,inst_trust_mean,71.1139731610155
Social justice,race,Hispanic / Latino,inst_trust_mean,70.0869252697728
Social justice,race,Asian / Asian American,inst_trust_mean,72.5638945039395
Social justice,race,Other,inst_trust_mean,72.0670945214517
Social justice,education,Less than high school,inst_trust_mean,63.6823205695401
Social justice,education,High school diploma / GED,inst_trust_mean,67.0802410666598
Social justice,education,Some college or Associate's degree,inst_trust_mean,68.8551266226583
Social justice,education,Bachelor's degree,inst_trust_mean,71.2451428341541
Social justice,education,Master's degree / Professional degree,inst_trust_mean,71.8033238480576
Social justice,education,Doctorate degree / Ph.D.,inst_trust_mean,71.2072352267304
Social justice,income,"Less than $30,000",inst_trust_mean,68.6465655861718
Social justice,income,"$30,000 to $55,999",inst_trust_mean,69.7046194358412
Social justice,income,"$56,000 to $99,999",inst_trust_mean,70.2405646225403
Social justice,income,"$100,000 to $167,999",inst_trust_mean,70.0434283212642
Social justice,income,"$168,000 or more",inst_trust_mean,70.8600776341414
Social justice,party,Republican,inst_trust_mean,60.0977932918503
Social justice,party,Democrat,inst_trust_mean,76.0661476661592
Social justice,party,Independent,inst_trust_mean,70.1122792428773
Social justice,party,Other,inst_trust_mean,71.7088750233285
Social justice,gender,Male,belief_post,88.2538583117931
Social justice,gender,Female,belief_post,90.6607370612967
Social justice,gender,Other,belief_post,89.4804290641611
Social justice,age_band,18-29,belief_post,89.7113492872675
Social justice,age_band,30-44,belief_post,91.5922633104427
Social justice,age_band,45-59,belief_post,88.6411549753612
Social justice,age_band,60+,belief_post,88.1715219567719
Social justice,race,White / Caucasian,belief_post,88.6756424808487
Social justice,race,Black / African American,belief_post,91.0562443345609
Social justice,race,Hispanic / Latino,belief_post,89.5100682149741
Social justice,race,Asian / Asian American,belief_post,92.5976927755668
Social justice,race,Other,belief_post,92.3082904679867
Social justice,education,Less than high school,belief_post,83.7737484413355
Social justice,education,High school diploma / GED,belief_post,86.5537087239808
Social justice,education,Some college or Associate's degree,belief_post,88.4128506546071
Social justice,education,Bachelor's degree,belief_post,90.6920851791718
Social justice,education,Master's degree / Professional degree,belief_post,91.5589573180432
Social justice,education,Doctorate degree / Ph.D.,belief_post,91.693468504793
Social justice,income,"Less than $30,000",belief_post,87.7101687488329
Social justice,income,"$30,000 to $55,999",belief_post,89.4149514634316
Social justice,income,"$56,000 to $99,999",belief_post,89.8270044773119
Social justice,income,"$100,000 to $167,999",belief_post,89.9537259498968
Social justice,income,"$168,000 or more",belief_post,90.7944633550228
Social justice,party,Republican,belief_post,80.1444236501934
Social justice,party,Democrat,belief_post,95.4106047519333
Social justice,party,Independent,belief_post,89.7426243216981
Social justice,party,Other,belief_post,91.044382170068
Social justice,gender,Male,concern_mean,73.5263580351986
Social justice,gender,Female,concern_mean,75.5239122908104
Social justice,gender,Other,concern_mean,74.5443327157707
Social justice,age_band,18-29,concern_mean,76.2699791474144
Social justice,age_band,30-44,concern_mean,77.6754818442349
Social justice,age_band,45-59,concern_mean,72.8169881222081
Social justice,age_band,60+,concern_mean,72.0589612337738
Social justice,race,White / Caucasian,concern_mean,73.6494925028258
Social justice,race,Black / African American,concern_mean,76.7239632541711
Social justice,race,Hispanic / Latino,concern_mean,75.6135668191173
Social justice,race,Asian / Asian American,concern_mean,75.2300467246559
Social justice,race,Other,concern_mean,75.6809109174916
Social justice,education,Less than high school,concern_mean,74.2933842480262
Social justice,education,High school diploma / GED,concern_mean,73.1975334407662
Social justice,education,Some college or Associate's degree,concern_mean,74.7404979120946
Social justice,education,Bachelor's degree,concern_mean,74.474610319178
Social justice,education,Master's degree / Professional degree,concern_mean,74.8869993558901
Social justice,education,Doctorate degree / Ph.D.,concern_mean,75.6560687497257
Social justice,income,"Less than $30,000",concern_mean,75.1145605741673
Social justice,income,"$30,000 to $55,999",concern_mean,75.1731590215697
Social justice,income,"$56,000 to $99,999",concern_mean,74.4815145049953
Social justice,income,"$100,000 to $167,999",concern_mean,73.4408577461851
Social justice,income,"$168,000 or more",concern_mean,75.6824871737987
Social justice,party,Republican,concern_mean,66.6569150419309
Social justice,party,Democrat,concern_mean,80.5672584958939
Social justice,party,Independent,concern_mean,73.5175588363727
Social justice,party,Other,concern_mean,73.5934636870551
Social justice,gender,Male,policy_general,75.907759662234
Social justice,gender,Female,policy_general,78.1438016109979
Social justice,gender,Other,policy_general,77.0472701822332
Social justice,age_band,18-29,policy_general,79.2571910330471
Social justice,age_band,30-44,policy_general,80.8500223306002
Social justice,age_band,45-59,policy_general,75.0350847456353
Social justice,age_band,60+,policy_general,73.8908307083262
Social justice,race,White / Caucasian,policy_general,75.9775783696434
Social justice,race,Black / African American,policy_general,78.9892153295395
Social justice,race,Hispanic / Latino,policy_general,78.6923939738208
Social justice,race,Asian / Asian American,policy_general,78.1235691967515
Social justice,race,Other,policy_general,78.3292589104682
Social justice,education,Less than high school,policy_general,77.3666686569497
Social justice,education,High school diploma / GED,policy_general,75.2763832957438
Social justice,education,Some college or Associate's degree,policy_general,77.0070986170597
Social justice,education,Bachelor's degree,policy_general,77.1803841606206
Social justice,education,Master's degree / Professional degree,policy_general,77.537192947466
Social justice,education,Doctorate degree / Ph.D.,policy_general,78.6026571508369
Social justice,income,"Less than $30,000",policy_general,77.8935598326381
Social justice,income,"$30,000 to $55,999",policy_general,77.8915709143247
Social justice,income,"$56,000 to $99,999",policy_general,76.874890723546
Social justice,income,"$100,000 to $167,999",policy_general,75.7481047838639
Social justice,income,"$168,000 or more",policy_general,78.1342147553177
Social justice,party,Republican,policy_general,67.1512919720852
Social justice,party,Democrat,policy_general,84.514469552139
Social justice,party,Independent,policy_general,75.8002957580531
Social justice,party,Other,policy_general,76.7619092401787
Social justice,gender,Male,policy_specific_mean,73.0165239727192
Social justice,gender,Female,policy_specific_mean,74.515636181351
Social justice,gender,Other,policy_specific_mean,73.7804873381379
Social justice,age_band,18-29,policy_specific_mean,75.1823457558052
Social justice,age_band,30-44,policy_specific_mean,76.3546736120631
Social justice,age_band,45-59,policy_specific_mean,72.2885252627344
Social justice,age_band,60+,policy_specific_mean,71.8014697715799
Social justice,race,White / Caucasian,policy_specific_mean,73.1156472642355
Social justice,race,Black / African American,policy_specific_mean,75.0881335966226
Social justice,race,Hispanic / Latino,policy_specific_mean,74.6948182858966
Social justice,race,Asian / Asian American,policy_specific_mean,74.4691472413235
Social justice,race,Other,policy_specific_mean,74.7938108893963
Social justice,education,Less than high school,policy_specific_mean,73.607777756573
Social justice,education,High school diploma / GED,policy_specific_mean,72.4967594623836
Social justice,education,Some college or Associate's degree,policy_specific_mean,73.8572584123139
Social justice,education,Bachelor's degree,policy_specific_mean,73.8391584670927
Social justice,education,Master's degree / Professional degree,policy_specific_mean,74.2026933647376
Social justice,education,Doctorate degree / Ph.D.,policy_specific_mean,74.711884035492
Social justice,income,"Less than $30,000",policy_specific_mean,74.276756676897
Social justice,income,"$30,000 to $55,999",policy_specific_mean,74.3142339158005
Social justice,income,"$56,000 to $99,999",policy_specific_mean,73.7289119037483
Social justice,income,"$100,000 to $167,999",policy_specific_mean,72.8529095566625
Social justice,income,"$168,000 or more",policy_specific_mean,74.6626566808548
Social justice,party,Republican,policy_specific_mean,67.0533834191371
Social justice,party,Democrat,policy_specific_mean,78.7970932605247
Social justice,party,Independent,policy_specific_mean,73.0247799255529
Social justice,party,Other,policy_specific_mean,73.5284900132684
Social justice,gender,Male,behavior_mean,39.2151592048201
Social justice,gender,Female,behavior_mean,44.5524741144611
Social justice,gender,Other,behavior_mean,41.9351110784629
Social justice,age_band,18-29,behavior_mean,43.2606313184139
Social justice,age_band,30-44,behavior_mean,44.3828154653473
Social justice,age_band,45-59,behavior_mean,39.9152640971637
Social justice,age_band,60+,behavior_mean,40.5038229652385
Social justice,race,White / Caucasian,behavior_mean,40.8219111974989
Social justice,race,Black / African American,behavior_mean,44.7778083541628
Social justice,race,Hispanic / Latino,behavior_mean,42.0761250598489
Social justice,race,Asian / Asian American,behavior_mean,44.3610360496653
Social justice,race,Other,behavior_mean,46.8063483724148
Social justice,education,Less than high school,behavior_mean,35.2692799176434
Social justice,education,High school diploma / GED,behavior_mean,39.2298557178341
Social justice,education,Some college or Associate's degree,behavior_mean,41.314907122687
Social justice,education,Bachelor's degree,behavior_mean,43.0326009619493
Social justice,education,Master's degree / Professional degree,behavior_mean,44.5179058634517
Social justice,education,Doctorate degree / Ph.D.,behavior_mean,42.7693699797877
Social justice,income,"Less than $30,000",behavior_mean,40.9958017795159
Social justice,income,"$30,000 to $55,999",behavior_mean,41.6049949407581
Social justice,income,"$56,000 to $99,999",behavior_mean,42.4114781882849
Social justice,income,"$100,000 to $167,999",behavior_mean,41.8006395462785
Social justice,income,"$168,000 or more",behavior_mean,43.4013470570217
Social justice,party,Republican,behavior_mean,31.2096271639612
Social justice,party,Democrat,behavior_mean,49.3671396335363
Social justice,party,Independent,behavior_mean,41.1320284871406
Social justice,party,Other,behavior_mean,45.8367205365585
Social justice,gender,Male,donation_ams,2.55570551370344
Social justice,gender,Female,donation_ams,2.93137736448846
Social justice,gender,Other,donation_ams,2.74715184424913
Social justice,age_band,18-29,donation_ams,2.61887933192056
Social justice,age_band,30-44,donation_ams,2.83566980748467
Social justice,age_band,45-59,donation_ams,2.6670261642109
Social justice,age_band,60+,donation_ams,2.81563009968537
Social justice,race,White / Caucasian,donation_ams,2.74218611003201
Social justice,race,Black / African American,donation_ams,2.75047507379954
Social justice,race,Hispanic / Latino,donation_ams,2.69010269412347
Social justice,race,Asian / Asian American,donation_ams,2.88073150530821
Social justice,race,Other,donation_ams,2.8938253849659
Social justice,education,Less than high school,donation_ams,1.33702849698184
Social justice,education,High school diploma / GED,donation_ams,2.31518953215946
Social justice,education,Some college or Associate's degree,donation_ams,2.62374378316625
Social justice,education,Bachelor's degree,donation_ams,2.85929219150669
Social justice,education,Master's degree / Professional degree,donation_ams,3.39468292929401
Social justice,education,Doctorate degree / Ph.D.,donation_ams,3.10902256614254
Social justice,income,"Less than $30,000",donation_ams,2.03888588204094
Social justice,income,"$30,000 to $55,999",donation_ams,2.56186922873401
Social justice,income,"$56,000 to $99,999",donation_ams,2.87877620778411
Social justice,income,"$100,000 to $167,999",donation_ams,3.1051579834901
Social justice,income,"$168,000 or more",donation_ams,3.15867351936251
Social justice,party,Republican,donation_ams,1.90647497855192
Social justice,party,Democrat,donation_ams,3.34565433402473
Social justice,party,Independent,donation_ams,2.64230464893576
Social justice,party,Other,donation_ams,3.24471966518898
Social justice,gender,Male,newsletter_signup,0.0105427808199604
Social justice,gender,Female,newsletter_signup,0.0112994389876864
Social justice,gender,Other,newsletter_signup,0.01092838178896
Social justice,age_band,18-29,newsletter_signup,0.0116345712814917
Social justice,age_band,30-44,newsletter_signup,0.0120979026841251
Social justice,age_band,45-59,newsletter_signup,0.00992381051346406
Social justice,age_band,60+,newsletter_signup,0.0102262313848987
Social justice,race,White / Caucasian,newsletter_signup,0.0107912336517042
Social justice,race,Black / African American,newsletter_signup,0.0110260368238834
Social justice,race,Hispanic / Latino,newsletter_signup,0.0111964400432793
Social justice,race,Asian / Asian American,newsletter_signup,0.011143925874263
Social justice,race,Other,newsletter_signup,0.0112048991013412
Social justice,education,Less than high school,newsletter_signup,0.0094705289534659
Social justice,education,High school diploma / GED,newsletter_signup,0.009789724919677
Social justice,education,Some college or Associate's degree,newsletter_signup,0.0112569552493911
Social justice,education,Bachelor's degree,newsletter_signup,0.0107749160290159
Social justice,education,Master's degree / Professional degree,newsletter_signup,0.0120169458584144
Social justice,education,Doctorate degree / Ph.D.,newsletter_signup,0.0114763375485471
Social justice,income,"Less than $30,000",newsletter_signup,0.0106066046390597
Social justice,income,"$30,000 to $55,999",newsletter_signup,0.0107273409584524
Social justice,income,"$56,000 to $99,999",newsletter_signup,0.0113046172433102
Social justice,income,"$100,000 to $167,999",newsletter_signup,0.0105134600480524
Social justice,income,"$168,000 or more",newsletter_signup,0.0119242920915711
Social justice,party,Republican,newsletter_signup,0.00761498115267951
Social justice,party,Democrat,newsletter_signup,0.0135140685882105
Social justice,party,Independent,newsletter_signup,0.0104339967722889
Social justice,party,Other,newsletter_signup,0.0103491389393931
Interview Prof. Maraun,gender,Male,trust_multidimensional,80.0449943545712
Interview Prof. Maraun,gender,Female,trust_multidimensional,82.0391289099142
Interview Prof. Maraun,gender,Other,trust_multidimensional,81.0612263198809
Interview Prof. Maraun,age_band,18-29,trust_multidimensional,81.0300103528401
Interview Prof. Maraun,age_band,30-44,trust_multidimensional,82.276975915022
Interview Prof. Maraun,age_band,45-59,trust_multidimensional,80.3293130401397
Interview Prof. Maraun,age_band,60+,trust_multidimensional,80.5992194251513
Interview Prof. Maraun,race,White / Caucasian,trust_multidimensional,80.6352783606722
Interview Prof. Maraun,race,Black / African American,trust_multidimensional,81.7105136587253
Interview Prof. Maraun,race,Hispanic / Latino,trust_multidimensional,81.0490557369276
Interview Prof. Maraun,race,Asian / Asian American,trust_multidimensional,82.7876055175362
Interview Prof. Maraun,race,Other,trust_multidimensional,83.386532277763
Interview Prof. Maraun,education,Less than high school,trust_multidimensional,76.1474313740262
Interview Prof. Maraun,education,High school diploma / GED,trust_multidimensional,78.8512875993384
Interview Prof. Maraun,education,Some college or Associate's degree,trust_multidimensional,80.5843612853351
Interview Prof. Maraun,education,Bachelor's degree,trust_multidimensional,81.7974416455251
Interview Prof. Maraun,education,Master's degree / Professional degree,trust_multidimensional,82.9016509514598
Interview Prof. Maraun,education,Doctorate degree / Ph.D.,trust_multidimensional,82.2658060457849
Interview Prof. Maraun,income,"Less than $30,000",trust_multidimensional,80.2818463712479
Interview Prof. Maraun,income,"$30,000 to $55,999",trust_multidimensional,80.9672504430774
Interview Prof. Maraun,income,"$56,000 to $99,999",trust_multidimensional,81.2894732326277
Interview Prof. Maraun,income,"$100,000 to $167,999",trust_multidimensional,81.1371296459314
Interview Prof. Maraun,income,"$168,000 or more",trust_multidimensional,81.9352431711527
Interview Prof. Maraun,party,Republican,trust_multidimensional,75.3572921562898
Interview Prof. Maraun,party,Democrat,trust_multidimensional,84.6251179107298
Interview Prof. Maraun,party,Independent,trust_multidimensional,81.2559732315401
Interview Prof. Maraun,party,Other,trust_multidimensional,82.5431079286516
Interview Prof. Maraun,gender,Male,trust_post,76.2926202883406
Interview Prof. Maraun,gender,Female,trust_post,79.3936048750259
Interview Prof. Maraun,gender,Other,trust_post,77.8729146834599
Interview Prof. Maraun,age_band,18-29,trust_post,78.1086659660574
Interview Prof. Maraun,age_band,30-44,trust_post,79.7223431609092
Interview Prof. Maraun,age_band,45-59,trust_post,76.6150412744698
Interview Prof. Maraun,age_band,60+,trust_post,77.0923472343472
Interview Prof. Maraun,race,White / Caucasian,trust_post,77.141516281697
Interview Prof. Maraun,race,Black / African American,trust_post,78.9446953160361
Interview Prof. Maraun,race,Hispanic / Latino,trust_post,77.9919296439546
Interview Prof. Maraun,race,Asian / Asian American,trust_post,80.6297601408935
Interview Prof. Maraun,race,Other,trust_post,81.6382290196074
Interview Prof. Maraun,education,Less than high school,trust_post,68.1005640429541
Interview Prof. Maraun,education,High school diploma / GED,trust_post,74.1088976259946
Interview Prof. Maraun,education,Some college or Associate's degree,trust_post,77.0304879533691
Interview Prof. Maraun,education,Bachelor's degree,trust_post,79.2055842277711
Interview Prof. Maraun,education,Master's degree / Professional degree,trust_post,81.0092210215093
Interview Prof. Maraun,education,Doctorate degree / Ph.D.,trust_post,79.8407909911265
Interview Prof. Maraun,income,"Less than $30,000",trust_post,76.6691651098944
Interview Prof. Maraun,income,"$30,000 to $55,999",trust_post,77.3342363645863
Interview Prof. Maraun,income,"$56,000 to $99,999",trust_post,78.3330531415424
Interview Prof. Maraun,income,"$100,000 to $167,999",trust_post,78.2005722317592
Interview Prof. Maraun,income,"$168,000 or more",trust_post,79.0164074250323
Interview Prof. Maraun,party,Republican,trust_post,68.091341632694
Interview Prof. Maraun,party,Democrat,trust_post,84.3304997465758
Interview Prof. Maraun,party,Independent,trust_post,77.7224273600663
Interview Prof. Maraun,party,Other,trust_post,80.2335406607761
Interview Prof. Maraun,gender,Male,distrust_post,23.8017574392743
Interview Prof. Maraun,gender,Female,distrust_post,21.1398773732417
Interview Prof. Maraun,gender,Other,distrust_post,22.4452353311372
Interview Prof. Maraun,age_band,18-29,distrust_post,22.5675828860531
Interview Prof. Maraun,age_band,30-44,distrust_post,20.8168262950147
Interview Prof. Maraun,age_band,45-59,distrust_post,23.5211194082268
Interview Prof. Maraun,age_band,60+,distrust_post,22.9406871534483
Interview Prof. Maraun,race,White / Caucasian,distrust_post,23.1129236892603
Interview Prof. Maraun,race,Black / African American,distrust_post,21.2859950188495
Interview Prof. Maraun,race,Hispanic / Latino,distrust_post,22.3307067110101
Interview Prof. Maraun,race,Asian / Asian American,distrust_post,20.1702531891159
Interview Prof. Maraun,race,Other,distrust_post,19.2698117204446
Interview Prof. Maraun,education,Less than high school,distrust_post,28.9304120604263
Interview Prof. Maraun,education,High school diploma / GED,distrust_post,25.6862613257262
Interview Prof. Maraun,education,Some college or Associate's degree,distrust_post,23.0242552668105
Interview Prof. Maraun,education,Bachelor's degree,distrust_post,21.4530444678333
Interview Prof. Maraun,education,Master's degree / Professional degree,distrust_post,19.9858227116693
Interview Prof. Maraun,education,Doctorate degree / Ph.D.,distrust_post,20.7104128308991
Interview Prof. Maraun,income,"Less than $30,000",distrust_post,23.5660677290535
Interview Prof. Maraun,income,"$30,000 to $55,999",distrust_post,22.6295854032117
Interview Prof. Maraun,income,"$56,000 to $99,999",distrust_post,22.0418269046674
Interview Prof. Maraun,income,"$100,000 to $167,999",distrust_post,22.2972299550057
Interview Prof. Maraun,income,"$168,000 or more",distrust_post,21.6475358124157
Interview Prof. Maraun,party,Republican,distrust_post,31.3743559936726
Interview Prof. Maraun,party,Democrat,distrust_post,16.7747295356419
Interview Prof. Maraun,party,Independent,distrust_post,22.2492236648692
Interview Prof. Maraun,party,Other,distrust_post,20.3704436995997
Interview Prof. Maraun,gender,Male,funding_perceptions,43.2577401773635
Interview Prof. Maraun,gender,Female,funding_perceptions,40.4842072066751
Interview Prof. Maraun,gender,Other,funding_perceptions,41.8443185734392
Interview Prof. Maraun,age_band,18-29,funding_perceptions,40.1173313187037
Interview Prof. Maraun,age_band,30-44,funding_perceptions,39.3285950081693
Interview Prof. Maraun,age_band,45-59,funding_perceptions,44.924397866985
Interview Prof. Maraun,age_band,60+,funding_perceptions,42.8090585335771
Interview Prof. Maraun,race,White / Caucasian,funding_perceptions,42.5791736844896
Interview Prof. Maraun,race,Black / African American,funding_perceptions,41.0798587361984
Interview Prof. Maraun,race,Hispanic / Latino,funding_perceptions,41.4268132109265
Interview Prof. Maraun,race,Asian / Asian American,funding_perceptions,39.7711944596084
Interview Prof. Maraun,race,Other,funding_perceptions,36.9317767976578
Interview Prof. Maraun,education,Less than high school,funding_perceptions,46.3533935339268
Interview Prof. Maraun,education,High school diploma / GED,funding_perceptions,42.8064287476534
Interview Prof. Maraun,education,Some college or Associate's degree,funding_perceptions,41.8737260649816
Interview Prof. Maraun,education,Bachelor's degree,funding_perceptions,41.2634192158894
Interview Prof. Maraun,education,Master's degree / Professional degree,funding_perceptions,43.9780737512676
Interview Prof. Maraun,education,Doctorate degree / Ph.D.,funding_perceptions,41.5232448490628
Interview Prof. Maraun,income,"Less than $30,000",funding_perceptions,40.4760958434158
Interview Prof. Maraun,income,"$30,000 to $55,999",funding_perceptions,40.6861336835684
Interview Prof. Maraun,income,"$56,000 to $99,999",funding_perceptions,42.2316841384384
Interview Prof. Maraun,income,"$100,000 to $167,999",funding_perceptions,43.502549612655
Interview Prof. Maraun,income,"$168,000 or more",funding_perceptions,40.5358386455678
Interview Prof. Maraun,party,Republican,funding_perceptions,52.3626882783601
Interview Prof. Maraun,party,Democrat,funding_perceptions,34.8579157104093
Interview Prof. Maraun,party,Independent,funding_perceptions,41.7246467795942
Interview Prof. Maraun,party,Other,funding_perceptions,42.8196113735105
Interview Prof. Maraun,gender,Male,policy_role_mean,74.5366670533484
Interview Prof. Maraun,gender,Female,policy_role_mean,76.8335677860625
Interview Prof. Maraun,gender,Other,policy_role_mean,75.7071918504204
Interview Prof. Maraun,age_band,18-29,policy_role_mean,76.2784002622302
Interview Prof. Maraun,age_band,30-44,policy_role_mean,77.7492350082301
Interview Prof. Maraun,age_band,45-59,policy_role_mean,74.2237675126162
Interview Prof. Maraun,age_band,60+,policy_role_mean,74.7125193788865
Interview Prof. Maraun,race,White / Caucasian,policy_role_mean,74.8352471721243
Interview Prof. Maraun,race,Black / African American,policy_role_mean,77.8788341939908
Interview Prof. Maraun,race,Hispanic / Latino,policy_role_mean,76.0335670190533
Interview Prof. Maraun,race,Asian / Asian American,policy_role_mean,77.4773855452997
Interview Prof. Maraun,race,Other,policy_role_mean,78.6551343773142
Interview Prof. Maraun,education,Less than high school,policy_role_mean,70.7925473565386
Interview Prof. Maraun,education,High school diploma / GED,policy_role_mean,73.9025647421917
Interview Prof. Maraun,education,Some college or Associate's degree,policy_role_mean,75.3482802466294
Interview Prof. Maraun,education,Bachelor's degree,policy_role_mean,76.4036026683065
Interview Prof. Maraun,education,Master's degree / Professional degree,policy_role_mean,76.6967025013366
Interview Prof. Maraun,education,Doctorate degree / Ph.D.,policy_role_mean,76.5191724133575
Interview Prof. Maraun,income,"Less than $30,000",policy_role_mean,75.6682396343427
Interview Prof. Maraun,income,"$30,000 to $55,999",policy_role_mean,75.9318044693006
Interview Prof. Maraun,income,"$56,000 to $99,999",policy_role_mean,75.9783172202597
Interview Prof. Maraun,income,"$100,000 to $167,999",policy_role_mean,75.0146174546725
Interview Prof. Maraun,income,"$168,000 or more",policy_role_mean,76.2340843928737
Interview Prof. Maraun,party,Republican,policy_role_mean,66.2653175817973
Interview Prof. Maraun,party,Democrat,policy_role_mean,81.5599721395114
Interview Prof. Maraun,party,Independent,policy_role_mean,76.1317193249167
Interview Prof. Maraun,party,Other,policy_role_mean,77.8069418716962
Interview Prof. Maraun,gender,Male,inst_trust_mean,69.3539069575224
Interview Prof. Maraun,gender,Female,inst_trust_mean,71.6804628885687
Interview Prof. Maraun,gender,Other,inst_trust_mean,70.5395443558992
Interview Prof. Maraun,age_band,18-29,inst_trust_mean,70.6622014582401
Interview Prof. Maraun,age_band,30-44,inst_trust_mean,72.1252600690546
Interview Prof. Maraun,age_band,45-59,inst_trust_mean,69.1714375873958
Interview Prof. Maraun,age_band,60+,inst_trust_mean,70.1368031305709
Interview Prof. Maraun,race,White / Caucasian,inst_trust_mean,69.8779114705385
Interview Prof. Maraun,race,Black / African American,inst_trust_mean,71.7748368203667
Interview Prof. Maraun,race,Hispanic / Latino,inst_trust_mean,70.4610742302312
Interview Prof. Maraun,race,Asian / Asian American,inst_trust_mean,73.2724312778598
Interview Prof. Maraun,race,Other,inst_trust_mean,73.4019269798111
Interview Prof. Maraun,education,Less than high school,inst_trust_mean,63.9983604957134
Interview Prof. Maraun,education,High school diploma / GED,inst_trust_mean,67.3314278440007
Interview Prof. Maraun,education,Some college or Associate's degree,inst_trust_mean,69.8075070995408
Interview Prof. Maraun,education,Bachelor's degree,inst_trust_mean,71.8459525044691
Interview Prof. Maraun,education,Master's degree / Professional degree,inst_trust_mean,72.170074795281
Interview Prof. Maraun,education,Doctorate degree / Ph.D.,inst_trust_mean,71.9401380380949
Interview Prof. Maraun,income,"Less than $30,000",inst_trust_mean,69.1814608395005
Interview Prof. Maraun,income,"$30,000 to $55,999",inst_trust_mean,70.380939599284
Interview Prof. Maraun,income,"$56,000 to $99,999",inst_trust_mean,70.9676968596175
Interview Prof. Maraun,income,"$100,000 to $167,999",inst_trust_mean,70.6898976878897
Interview Prof. Maraun,income,"$168,000 or more",inst_trust_mean,71.7825490775703
Interview Prof. Maraun,party,Republican,inst_trust_mean,61.5219088271856
Interview Prof. Maraun,party,Democrat,inst_trust_mean,76.2472779105168
Interview Prof. Maraun,party,Independent,inst_trust_mean,70.8140896859175
Interview Prof. Maraun,party,Other,inst_trust_mean,72.1326176588877
Interview Prof. Maraun,gender,Male,belief_post,88.2826059437711
Interview Prof. Maraun,gender,Female,belief_post,90.5137112515162
Interview Prof. Maraun,gender,Other,belief_post,89.4196006995301
Interview Prof. Maraun,age_band,18-29,belief_post,89.537306515085
Interview Prof. Maraun,age_band,30-44,belief_post,91.41215831816
Interview Prof. Maraun,age_band,45-59,belief_post,88.867189880764
Interview Prof. Maraun,age_band,60+,belief_post,88.072494798054
Interview Prof. Maraun,race,White / Caucasian,belief_post,88.5664998567259
Interview Prof. Maraun,race,Black / African American,belief_post,90.7277124962334
Interview Prof. Maraun,race,Hispanic / Latino,belief_post,89.8867742091662
Interview Prof. Maraun,race,Asian / Asian American,belief_post,92.2958600540602
Interview Prof. Maraun,race,Other,belief_post,92.2012664228013
Interview Prof. Maraun,education,Less than high school,belief_post,81.2702281805566
Interview Prof. Maraun,education,High school diploma / GED,belief_post,85.4786447489654
Interview Prof. Maraun,education,Some college or Associate's degree,belief_post,88.5634566637146
Interview Prof. Maraun,education,Bachelor's degree,belief_post,90.8247116424779
Interview Prof. Maraun,education,Master's degree / Professional degree,belief_post,92.1347086024569
Interview Prof. Maraun,education,Doctorate degree / Ph.D.,belief_post,91.4372373885556
Interview Prof. Maraun,income,"Less than $30,000",belief_post,87.7047867390129
Interview Prof. Maraun,income,"$30,000 to $55,999",belief_post,89.0373980579723
Interview Prof. Maraun,income,"$56,000 to $99,999",belief_post,89.7253100697705
Interview Prof. Maraun,income,"$100,000 to $167,999",belief_post,90.1330539487595
Interview Prof. Maraun,income,"$168,000 or more",belief_post,90.903000207672
Interview Prof. Maraun,party,Republican,belief_post,80.8568707892881
Interview Prof. Maraun,party,Democrat,belief_post,94.9527466912601
Interview Prof. Maraun,party,Independent,belief_post,89.4775241580212
Interview Prof. Maraun,party,Other,belief_post,91.3242157376641
Interview Prof. Maraun,gender,Male,concern_mean,70.3893904642776
Interview Prof. Maraun,gender,Female,concern_mean,76.3854991987752
Interview Prof. Maraun,gender,Other,concern_mean,73.4450706073966
Interview Prof. Maraun,age_band,18-29,concern_mean,74.3540682123402
Interview Prof. Maraun,age_band,30-44,concern_mean,76.7449009120144
Interview Prof. Maraun,age_band,45-59,concern_mean,70.7585251873223
Interview Prof. Maraun,age_band,60+,concern_mean,72.0614215027574
Interview Prof. Maraun,race,White / Caucasian,concern_mean,72.149350456539
Interview Prof. Maraun,race,Black / African American,concern_mean,76.7293760525286
Interview Prof. Maraun,race,Hispanic / Latino,concern_mean,73.5625453800073
Interview Prof. Maraun,race,Asian / Asian American,concern_mean,76.9595651204247
Interview Prof. Maraun,race,Other,concern_mean,77.8481357379619
Interview Prof. Maraun,education,Less than high school,concern_mean,66.2306415862985
Interview Prof. Maraun,education,High school diploma / GED,concern_mean,70.8676272909028
Interview Prof. Maraun,education,Some college or Associate's degree,concern_mean,72.8542606870721
Interview Prof. Maraun,education,Bachelor's degree,concern_mean,74.5553727386769
Interview Prof. Maraun,education,Master's degree / Professional degree,concern_mean,75.5353927729372
Interview Prof. Maraun,education,Doctorate degree / Ph.D.,concern_mean,74.212112921678
Interview Prof. Maraun,income,"Less than $30,000",concern_mean,73.7683128516621
Interview Prof. Maraun,income,"$30,000 to $55,999",concern_mean,74.0233882536117
Interview Prof. Maraun,income,"$56,000 to $99,999",concern_mean,73.8843576467293
Interview Prof. Maraun,income,"$100,000 to $167,999",concern_mean,71.7872617875565
Interview Prof. Maraun,income,"$168,000 or more",concern_mean,74.6476038850366
Interview Prof. Maraun,party,Republican,concern_mean,58.4776809008178
Interview Prof. Maraun,party,Democrat,concern_mean,83.2961471589076
Interview Prof. Maraun,party,Independent,concern_mean,73.1707545911379
Interview Prof. Maraun,party,Other,concern_mean,77.9554788450351
Interview Prof. Maraun,gender,Male,policy_general,74.628087281694
Interview Prof. Maraun,gender,Female,policy_general,76.9895180833396
Interview Prof. Maraun,gender,Other,policy_general,75.8314972813198
Interview Prof. Maraun,age_band,18-29,policy_general,78.1786857224606
Interview Prof. Maraun,age_band,30-44,policy_general,79.8063725144503
Interview Prof. Maraun,age_band,45-59,policy_general,73.5888772821215
Interview Prof. Maraun,age_band,60+,policy_general,72.6111826057069
Interview Prof. Maraun,race,White / Caucasian,policy_general,74.7331505615355
Interview Prof. Maraun,race,Black / African American,policy_general,77.8787587349868
Interview Prof. Maraun,race,Hispanic / Latino,policy_general,77.4932250508793
Interview Prof. Maraun,race,Asian / Asian American,policy_general,76.8773129984971
Interview Prof. Maraun,race,Other,policy_general,77.2351664477254
Interview Prof. Maraun,education,Less than high school,policy_general,76.171856966453
Interview Prof. Maraun,education,High school diploma / GED,policy_general,74.0706610230771
Interview Prof. Maraun,education,Some college or Associate's degree,policy_general,75.9347716634392
Interview Prof. Maraun,education,Bachelor's degree,policy_general,75.9298748459101
Interview Prof. Maraun,education,Master's degree / Professional degree,policy_general,76.2425622992048
Interview Prof. Maraun,education,Doctorate degree / Ph.D.,policy_general,77.0773966875217
Interview Prof. Maraun,income,"Less than $30,000",policy_general,76.7222516084667
Interview Prof. Maraun,income,"$30,000 to $55,999",policy_general,76.7433729784757
Interview Prof. Maraun,income,"$56,000 to $99,999",policy_general,75.757810008814
Interview Prof. Maraun,income,"$100,000 to $167,999",policy_general,74.291148611995
Interview Prof. Maraun,income,"$168,000 or more",policy_general,76.9413722010876
Interview Prof. Maraun,party,Republican,policy_general,65.3560767262706
Interview Prof. Maraun,party,Democrat,policy_general,83.6266238537223
Interview Prof. Maraun,party,Independent,policy_general,74.6409972763634
Interview Prof. Maraun,party,Other,policy_general,75.8280458006474
Interview Prof. Maraun,gender,Male,policy_specific_mean,71.999606618666
Interview Prof. Maraun,gender,Female,policy_specific_mean,73.591478423602
Interview Prof. Maraun,gender,Other,policy_specific_mean,72.8108412510115
Interview Prof. Maraun,age_band,18-29,policy_specific_mean,74.3165580279487
Interview Prof. Maraun,age_band,30-44,policy_specific_mean,75.3857354081684
Interview Prof. Maraun,age_band,45-59,policy_specific_mean,71.2971709761606
Interview Prof. Maraun,age_band,60+,policy_specific_mean,70.7795415623601
Interview Prof. Maraun,race,White / Caucasian,policy_specific_mean,72.1450451639371
Interview Prof. Maraun,race,Black / African American,policy_specific_mean,74.2260111677505
Interview Prof. Maraun,race,Hispanic / Latino,policy_specific_mean,73.6850229084532
Interview Prof. Maraun,race,Asian / Asian American,policy_specific_mean,73.4362211623838
Interview Prof. Maraun,race,Other,policy_specific_mean,73.7825378043761
Interview Prof. Maraun,education,Less than high school,policy_specific_mean,72.968464832634
Interview Prof. Maraun,education,High school diploma / GED,policy_specific_mean,71.6616343820137
Interview Prof. Maraun,education,Some college or Associate's degree,policy_specific_mean,72.9689979967478
Interview Prof. Maraun,education,Bachelor's degree,policy_specific_mean,72.8429723946584
Interview Prof. Maraun,education,Master's degree / Professional degree,policy_specific_mean,72.9815179469625
Interview Prof. Maraun,education,Doctorate degree / Ph.D.,policy_specific_mean,73.4932524304702
Interview Prof. Maraun,income,"Less than $30,000",policy_specific_mean,73.3383043673969
Interview Prof. Maraun,income,"$30,000 to $55,999",policy_specific_mean,73.4241979383668
Interview Prof. Maraun,income,"$56,000 to $99,999",policy_specific_mean,72.7827158003097
Interview Prof. Maraun,income,"$100,000 to $167,999",policy_specific_mean,71.8018360531852
Interview Prof. Maraun,income,"$168,000 or more",policy_specific_mean,73.5233090419041
Interview Prof. Maraun,party,Republican,policy_specific_mean,66.0565797064702
Interview Prof. Maraun,party,Democrat,policy_specific_mean,77.8199846142156
Interview Prof. Maraun,party,Independent,policy_specific_mean,72.0696110840314
Interview Prof. Maraun,party,Other,policy_specific_mean,72.7903187333326
Interview Prof. Maraun,gender,Male,behavior_mean,38.4829423291356
Interview Prof. Maraun,gender,Female,behavior_mean,44.3368773096019
Interview Prof. Maraun,gender,Other,behavior_mean,41.4661692302767
Interview Prof. Maraun,age_band,18-29,behavior_mean,42.5764985575215
Interview Prof. Maraun,age_band,30-44,behavior_mean,43.4863326071522
Interview Prof. Maraun,age_band,45-59,behavior_mean,39.9687451398477
Interview Prof. Maraun,age_band,60+,behavior_mean,40.1484976298912
Interview Prof. Maraun,race,White / Caucasian,behavior_mean,40.5392826221771
Interview Prof. Maraun,race,Black / African American,behavior_mean,43.6426438683769
Interview Prof. Maraun,race,Hispanic / Latino,behavior_mean,41.6898369790008
Interview Prof. Maraun,race,Asian / Asian American,behavior_mean,43.532612756913
Interview Prof. Maraun,race,Other,behavior_mean,45.5600624855246
Interview Prof. Maraun,education,Less than high school,behavior_mean,34.5501471007823
Interview Prof. Maraun,education,High school diploma / GED,behavior_mean,38.011060088349
Interview Prof. Maraun,education,Some college or Associate's degree,behavior_mean,40.7376252390015
Interview Prof. Maraun,education,Bachelor's degree,behavior_mean,42.5148756147469
Interview Prof. Maraun,education,Master's degree / Professional degree,behavior_mean,45.0453366528781
Interview Prof. Maraun,education,Doctorate degree / Ph.D.,behavior_mean,43.3376059617858
Interview Prof. Maraun,income,"Less than $30,000",behavior_mean,40.00220832958
Interview Prof. Maraun,income,"$30,000 to $55,999",behavior_mean,41.1328800074824
Interview Prof. Maraun,income,"$56,000 to $99,999",behavior_mean,41.9084996518282
Interview Prof. Maraun,income,"$100,000 to $167,999",behavior_mean,41.6293136443002
Interview Prof. Maraun,income,"$168,000 or more",behavior_mean,43.4667752425547
Interview Prof. Maraun,party,Republican,behavior_mean,31.278379597665
Interview Prof. Maraun,party,Democrat,behavior_mean,48.3424981896845
Interview Prof. Maraun,party,Independent,behavior_mean,40.9088359673417
Interview Prof. Maraun,party,Other,behavior_mean,45.7896829209277
Interview Prof. Maraun,gender,Male,donation_ams,2.55075748018862
Interview Prof. Maraun,gender,Female,donation_ams,2.95765555539879
Interview Prof. Maraun,gender,Other,donation_ams,2.75811702347703
Interview Prof. Maraun,age_band,18-29,donation_ams,2.6588687195442
Interview Prof. Maraun,age_band,30-44,donation_ams,2.78310573058371
Interview Prof. Maraun,age_band,45-59,donation_ams,2.71669041214463
Interview Prof. Maraun,age_band,60+,donation_ams,2.8325257122611
Interview Prof. Maraun,race,White / Caucasian,donation_ams,2.77270428209181
Interview Prof. Maraun,race,Black / African American,donation_ams,2.66227854001536
Interview Prof. Maraun,race,Hispanic / Latino,donation_ams,2.61671314558912
Interview Prof. Maraun,race,Asian / Asian American,donation_ams,2.92419898244003
Interview Prof. Maraun,race,Other,donation_ams,3.40026024559423
Interview Prof. Maraun,education,Less than high school,donation_ams,1.7285879268103
Interview Prof. Maraun,education,High school diploma / GED,donation_ams,2.33779617666613
Interview Prof. Maraun,education,Some college or Associate's degree,donation_ams,2.6083925002111
Interview Prof. Maraun,education,Bachelor's degree,donation_ams,2.88732921663662
Interview Prof. Maraun,education,Master's degree / Professional degree,donation_ams,3.2167098875134
Interview Prof. Maraun,education,Doctorate degree / Ph.D.,donation_ams,3.17362228937473
Interview Prof. Maraun,income,"Less than $30,000",donation_ams,2.0267909872952
Interview Prof. Maraun,income,"$30,000 to $55,999",donation_ams,2.59926760352949
Interview Prof. Maraun,income,"$56,000 to $99,999",donation_ams,2.90545014159826
Interview Prof. Maraun,income,"$100,000 to $167,999",donation_ams,3.07090076884576
Interview Prof. Maraun,income,"$168,000 or more",donation_ams,3.23686368328639
Interview Prof. Maraun,party,Republican,donation_ams,1.95034099467549
Interview Prof. Maraun,party,Democrat,donation_ams,3.31326767514242
Interview Prof. Maraun,party,Independent,donation_ams,2.71090798507223
Interview Prof. Maraun,party,Other,donation_ams,2.98412949346418
Interview Prof. Maraun,gender,Male,newsletter_signup,0.0157724466075981
Interview Prof. Maraun,gender,Female,newsletter_signup,0.0164135682317808
Interview Prof. Maraun,gender,Other,newsletter_signup,0.0160991689375432
Interview Prof. Maraun,age_band,18-29,newsletter_signup,0.0163365437648304
Interview Prof. Maraun,age_band,30-44,newsletter_signup,0.0174621095881972
Interview Prof. Maraun,age_band,45-59,newsletter_signup,0.0151368743463309
Interview Prof. Maraun,age_band,60+,newsletter_signup,0.0155085661660607
Interview Prof. Maraun,race,White / Caucasian,newsletter_signup,0.0157783579174001
Interview Prof. Maraun,race,Black / African American,newsletter_signup,0.0170832606587897
Interview Prof. Maraun,race,Hispanic / Latino,newsletter_signup,0.0161910332212323
Interview Prof. Maraun,race,Asian / Asian American,newsletter_signup,0.0167502914326517
Interview Prof. Maraun,race,Other,newsletter_signup,0.0165391979791861
Interview Prof. Maraun,education,Less than high school,newsletter_signup,0.0130289092319703
Interview Prof. Maraun,education,High school diploma / GED,newsletter_signup,0.0153504824660184
Interview Prof. Maraun,education,Some college or Associate's degree,newsletter_signup,0.0167444805878489
Interview Prof. Maraun,education,Bachelor's degree,newsletter_signup,0.0160991925460826
Interview Prof. Maraun,education,Master's degree / Professional degree,newsletter_signup,0.0166432576964531
Interview Prof. Maraun,education,Doctorate degree / Ph.D.,newsletter_signup,0.0149859691496418
Interview Prof. Maraun,income,"Less than $30,000",newsletter_signup,0.0168114573668598
Interview Prof. Maraun,income,"$30,000 to $55,999",newsletter_signup,0.0165689462231539
Interview Prof. Maraun,income,"$56,000 to $99,999",newsletter_signup,0.0160082338982311
Interview Prof. Maraun,income,"$100,000 to $167,999",newsletter_signup,0.015230928111308
Interview Prof. Maraun,income,"$168,000 or more",newsletter_signup,0.0165637575104504
Interview Prof. Maraun,party,Republican,newsletter_signup,0.0117583666223358
Interview Prof. Maraun,party,Democrat,newsletter_signup,0.0196002459613601
Interview Prof. Maraun,party,Independent,newsletter_signup,0.0151780131882947
Interview Prof. Maraun,party,Other,newsletter_signup,0.0164521490757697
Funding,gender,Male,trust_multidimensional,76.1319953155638
Funding,gender,Female,trust_multidimensional,78.4290820244611
Funding,gender,Other,trust_multidimensional,77.302614888057
Funding,age_band,18-29,trust_multidimensional,76.9837326708017
Funding,age_band,30-44,trust_multidimensional,78.7641619869495
Funding,age_band,45-59,trust_multidimensional,76.1463115361144
Funding,age_band,60+,trust_multidimensional,77.1356951047007
Funding,race,White / Caucasian,trust_multidimensional,76.8725229493484
Funding,race,Black / African American,trust_multidimensional,78.0772434834943
Funding,race,Hispanic / Latino,trust_multidimensional,77.3583163152331
Funding,race,Asian / Asian American,trust_multidimensional,78.6761299279702
Funding,race,Other,trust_multidimensional,79.5668564272325
Funding,education,Less than high school,trust_multidimensional,72.5124048269384
Funding,education,High school diploma / GED,trust_multidimensional,74.7332003141491
Funding,education,Some college or Associate's degree,trust_multidimensional,76.6934856723347
Funding,education,Bachelor's degree,trust_multidimensional,78.3412930666076
Funding,education,Master's degree / Professional degree,trust_multidimensional,78.6622500475415
Funding,education,Doctorate degree / Ph.D.,trust_multidimensional,78.4715526418788
Funding,income,"Less than $30,000",trust_multidimensional,76.2700877691893
Funding,income,"$30,000 to $55,999",trust_multidimensional,77.1274010702825
Funding,income,"$56,000 to $99,999",trust_multidimensional,77.70112889608
Funding,income,"$100,000 to $167,999",trust_multidimensional,77.4831463034958
Funding,income,"$168,000 or more",trust_multidimensional,77.7075928792088
Funding,party,Republican,trust_multidimensional,70.408676112637
Funding,party,Democrat,trust_multidimensional,81.6171046112573
Funding,party,Independent,trust_multidimensional,77.5898772670723
Funding,party,Other,trust_multidimensional,78.4571129201563
Funding,gender,Male,trust_post,72.0905790802701
Funding,gender,Female,trust_post,76.0313272334293
Funding,gender,Other,trust_post,74.0988258305936
Funding,age_band,18-29,trust_post,73.9143975764228
Funding,age_band,30-44,trust_post,76.9054309188199
Funding,age_band,45-59,trust_post,71.5836141204595
Funding,age_band,60+,trust_post,73.7175266121703
Funding,race,White / Caucasian,trust_post,73.255049142417
Funding,race,Black / African American,trust_post,76.1507703899373
Funding,race,Hispanic / Latino,trust_post,73.6063289536576
Funding,race,Asian / Asian American,trust_post,77.4574214522026
Funding,race,Other,trust_post,78.5182983955083
Funding,education,Less than high school,trust_post,65.478058345108
Funding,education,High school diploma / GED,trust_post,69.9681379920182
Funding,education,Some college or Associate's degree,trust_post,73.167152018717
Funding,education,Bachelor's degree,trust_post,75.7232638231111
Funding,education,Master's degree / Professional degree,trust_post,76.3821176025983
Funding,education,Doctorate degree / Ph.D.,trust_post,76.0119390431475
Funding,income,"Less than $30,000",trust_post,72.4590134853848
Funding,income,"$30,000 to $55,999",trust_post,73.7440242259055
Funding,income,"$56,000 to $99,999",trust_post,74.9229265489702
Funding,income,"$100,000 to $167,999",trust_post,74.0951041202415
Funding,income,"$168,000 or more",trust_post,75.0100700345525
Funding,party,Republican,trust_post,60.9024064415
Funding,party,Democrat,trust_post,82.4050674246458
Funding,party,Independent,trust_post,74.5703929954714
Funding,party,Other,trust_post,76.4059543326463
Funding,gender,Male,distrust_post,28.0753637944357
Funding,gender,Female,distrust_post,24.3664011051845
Funding,gender,Other,distrust_post,26.1852373569498
Funding,age_band,18-29,distrust_post,26.2222138333905
Funding,age_band,30-44,distrust_post,23.6966353210861
Funding,age_band,45-59,distrust_post,28.5808588039267
Funding,age_band,60+,distrust_post,26.4833236981211
Funding,race,White / Caucasian,distrust_post,26.8515482069177
Funding,race,Black / African American,distrust_post,24.6595905355353
Funding,race,Hispanic / Latino,distrust_post,26.779085471711
Funding,race,Asian / Asian American,distrust_post,23.0345481959247
Funding,race,Other,distrust_post,22.12705476586
Funding,education,Less than high school,distrust_post,32.8818148417203
Funding,education,High school diploma / GED,distrust_post,29.9419406708434
Funding,education,Some college or Associate's degree,distrust_post,26.9817104974159
Funding,education,Bachelor's degree,distrust_post,24.9174601451875
Funding,education,Master's degree / Professional degree,distrust_post,23.8667840687606
Funding,education,Doctorate degree / Ph.D.,distrust_post,24.0483830466846
Funding,income,"Less than $30,000",distrust_post,27.786776909662
Funding,income,"$30,000 to $55,999",distrust_post,26.4518267526792
Funding,income,"$56,000 to $99,999",distrust_post,25.273135802831
Funding,income,"$100,000 to $167,999",distrust_post,26.3985305058171
Funding,income,"$168,000 or more",distrust_post,25.3661501190848
Funding,party,Republican,distrust_post,37.803181009273
Funding,party,Democrat,distrust_post,19.0793323625347
Funding,party,Independent,distrust_post,25.5012514106211
Funding,party,Other,distrust_post,23.8332764068209
Funding,gender,Male,funding_perceptions,50.7265289742199
Funding,gender,Female,funding_perceptions,48.9347281348298
Funding,gender,Other,funding_perceptions,49.8134084008974
Funding,age_band,18-29,funding_perceptions,49.6572107016443
Funding,age_band,30-44,funding_perceptions,47.8150857205906
Funding,age_band,45-59,funding_perceptions,51.8590017508803
Funding,age_band,60+,funding_perceptions,50.0836961075009
Funding,race,White / Caucasian,funding_perceptions,49.5810011364773
Funding,race,Black / African American,funding_perceptions,48.514218894033
Funding,race,Hispanic / Latino,funding_perceptions,51.7174682146741
Funding,race,Asian / Asian American,funding_perceptions,50.1429600072438
Funding,race,Other,funding_perceptions,47.3387188702035
Funding,education,Less than high school,funding_perceptions,52.2707608245135
Funding,education,High school diploma / GED,funding_perceptions,49.2529432536945
Funding,education,Some college or Associate's degree,funding_perceptions,49.1418030260629
Funding,education,Bachelor's degree,funding_perceptions,50.6668683133862
Funding,education,Master's degree / Professional degree,funding_perceptions,50.8810895409213
Funding,education,Doctorate degree / Ph.D.,funding_perceptions,49.0641516595974
Funding,income,"Less than $30,000",funding_perceptions,47.1922110856016
Funding,income,"$30,000 to $55,999",funding_perceptions,50.6228886940775
Funding,income,"$56,000 to $99,999",funding_perceptions,49.5701650894255
Funding,income,"$100,000 to $167,999",funding_perceptions,50.9362277877803
Funding,income,"$168,000 or more",funding_perceptions,51.6550028859312
Funding,party,Republican,funding_perceptions,57.7815111288517
Funding,party,Democrat,funding_perceptions,45.0764206134023
Funding,party,Independent,funding_perceptions,49.2188417591939
Funding,party,Other,funding_perceptions,47.4552166645034
Funding,gender,Male,policy_role_mean,72.98972883231
Funding,gender,Female,policy_role_mean,75.6911078410036
Funding,gender,Other,policy_role_mean,74.3663800175049
Funding,age_band,18-29,policy_role_mean,74.6151548328052
Funding,age_band,30-44,policy_role_mean,76.5125363429037
Funding,age_band,45-59,policy_role_mean,72.5975833527037
Funding,age_band,60+,policy_role_mean,73.7058807996658
Funding,race,White / Caucasian,policy_role_mean,73.6457929030244
Funding,race,Black / African American,policy_role_mean,76.7832466585626
Funding,race,Hispanic / Latino,policy_role_mean,74.2024851301732
Funding,race,Asian / Asian American,policy_role_mean,75.7870469331275
Funding,race,Other,policy_role_mean,76.984197972216
Funding,education,Less than high school,policy_role_mean,69.1409583502176
Funding,education,High school diploma / GED,policy_role_mean,72.8801000343035
Funding,education,Some college or Associate's degree,policy_role_mean,74.0656097722826
Funding,education,Bachelor's degree,policy_role_mean,75.0001310347993
Funding,education,Master's degree / Professional degree,policy_role_mean,75.2322066934821
Funding,education,Doctorate degree / Ph.D.,policy_role_mean,74.9041286097362
Funding,income,"Less than $30,000",policy_role_mean,74.4905463521385
Funding,income,"$30,000 to $55,999",policy_role_mean,74.4887344980119
Funding,income,"$56,000 to $99,999",policy_role_mean,74.8241617770591
Funding,income,"$100,000 to $167,999",policy_role_mean,73.5204430199737
Funding,income,"$168,000 or more",policy_role_mean,74.2350050301105
Funding,party,Republican,policy_role_mean,64.9123924897921
Funding,party,Democrat,policy_role_mean,80.1199387804749
Funding,party,Independent,policy_role_mean,74.8925905761574
Funding,party,Other,policy_role_mean,77.0196025653232
Funding,gender,Male,inst_trust_mean,66.6059277364636
Funding,gender,Female,inst_trust_mean,69.3390287764522
Funding,gender,Other,inst_trust_mean,67.9987448028023
Funding,age_band,18-29,inst_trust_mean,67.8386244062112
Funding,age_band,30-44,inst_trust_mean,69.9117158126913
Funding,age_band,45-59,inst_trust_mean,66.4293082974507
Funding,age_band,60+,inst_trust_mean,67.6538902563865
Funding,race,White / Caucasian,inst_trust_mean,67.4361922849537
Funding,race,Black / African American,inst_trust_mean,69.0824343011059
Funding,race,Hispanic / Latino,inst_trust_mean,67.7816657264281
Funding,race,Asian / Asian American,inst_trust_mean,70.5402025802367
Funding,race,Other,inst_trust_mean,70.7478883678659
Funding,education,Less than high school,inst_trust_mean,61.4843280000004
Funding,education,High school diploma / GED,inst_trust_mean,65.0338817857178
Funding,education,Some college or Associate's degree,inst_trust_mean,67.0734448992809
Funding,education,Bachelor's degree,inst_trust_mean,69.2545419019189
Funding,education,Master's degree / Professional degree,inst_trust_mean,69.9033386405957
Funding,education,Doctorate degree / Ph.D.,inst_trust_mean,69.7822145479213
Funding,income,"Less than $30,000",inst_trust_mean,66.7625197590432
Funding,income,"$30,000 to $55,999",inst_trust_mean,67.6822294917718
Funding,income,"$56,000 to $99,999",inst_trust_mean,68.6011697040933
Funding,income,"$100,000 to $167,999",inst_trust_mean,68.0737489208265
Funding,income,"$168,000 or more",inst_trust_mean,68.6475849010787
Funding,party,Republican,inst_trust_mean,58.4234002300783
Funding,party,Democrat,inst_trust_mean,73.9509133601675
Funding,party,Independent,inst_trust_mean,68.4286219578
Funding,party,Other,inst_trust_mean,69.8872654488034
Funding,gender,Male,belief_post,87.7238662603295
Funding,gender,Female,belief_post,89.7921198345929
Funding,gender,Other,belief_post,88.7778700580677
Funding,age_band,18-29,belief_post,88.8346698820708
Funding,age_band,30-44,belief_post,90.9933125030587
Funding,age_band,45-59,belief_post,87.7446267389323
Funding,age_band,60+,belief_post,87.6390241394948
Funding,race,White / Caucasian,belief_post,87.9250899347741
Funding,race,Black / African American,belief_post,90.1178803870985
Funding,race,Hispanic / Latino,belief_post,89.114624297506
Funding,race,Asian / Asian American,belief_post,92.0328937510762
Funding,race,Other,belief_post,91.3494213025368
Funding,education,Less than high school,belief_post,82.3915422258164
Funding,education,High school diploma / GED,belief_post,85.6683166145549
Funding,education,Some college or Associate's degree,belief_post,87.7868958680824
Funding,education,Bachelor's degree,belief_post,90.2042779969707
Funding,education,Master's degree / Professional degree,belief_post,90.7522688692661
Funding,education,Doctorate degree / Ph.D.,belief_post,90.3148648517618
Funding,income,"Less than $30,000",belief_post,87.1407606102697
Funding,income,"$30,000 to $55,999",belief_post,88.5497060774228
Funding,income,"$56,000 to $99,999",belief_post,89.2549764386808
Funding,income,"$100,000 to $167,999",belief_post,89.2635526849699
Funding,income,"$168,000 or more",belief_post,89.390832490961
Funding,party,Republican,belief_post,79.2688881737859
Funding,party,Democrat,belief_post,94.8002057011767
Funding,party,Independent,belief_post,89.0374903335406
Funding,party,Other,belief_post,90.7102832068261
Funding,gender,Male,concern_mean,71.3129747366206
Funding,gender,Female,concern_mean,73.3967841088384
Funding,gender,Other,concern_mean,72.3749059327807
Funding,age_band,18-29,concern_mean,73.9929514329376
Funding,age_band,30-44,concern_mean,75.715617176306
Funding,age_band,45-59,concern_mean,70.4299889731661
Funding,age_band,60+,concern_mean,69.9443607137402
Funding,race,White / Caucasian,concern_mean,71.4964329431444
Funding,race,Black / African American,concern_mean,74.3421973455237
Funding,race,Hispanic / Latino,concern_mean,73.484204054505
Funding,race,Asian / Asian American,concern_mean,73.1592728584131
Funding,race,Other,concern_mean,73.599274658244
Funding,education,Less than high school,concern_mean,71.7141005629153
Funding,education,High school diploma / GED,concern_mean,70.8477383240161
Funding,education,Some college or Associate's degree,concern_mean,72.5498954722282
Funding,education,Bachelor's degree,concern_mean,72.4001885035803
Funding,education,Master's degree / Professional degree,concern_mean,72.8800435377885
Funding,education,Doctorate degree / Ph.D.,concern_mean,73.4059284794411
Funding,income,"Less than $30,000",concern_mean,72.8984933269904
Funding,income,"$30,000 to $55,999",concern_mean,73.0244558213417
Funding,income,"$56,000 to $99,999",concern_mean,72.3389408421025
Funding,income,"$100,000 to $167,999",concern_mean,71.2318537409297
Funding,income,"$168,000 or more",concern_mean,73.5763814098364
Funding,party,Republican,concern_mean,63.8348313899289
Funding,party,Democrat,concern_mean,78.8036707032863
Funding,party,Independent,concern_mean,71.3598520535742
Funding,party,Other,concern_mean,71.7307805959788
Funding,gender,Male,policy_general,72.8549282514433
Funding,gender,Female,policy_general,75.6522782071724
Funding,gender,Other,policy_general,74.2804872417094
Funding,age_band,18-29,policy_general,76.5613261634381
Funding,age_band,30-44,policy_general,78.4704126673451
Funding,age_band,45-59,policy_general,71.8647678080506
Funding,age_band,60+,policy_general,71.0504874721258
Funding,race,White / Caucasian,policy_general,73.1357393257846
Funding,race,Black / African American,policy_general,76.4102333184532
Funding,race,Hispanic / Latino,policy_general,76.0011606329062
Funding,race,Asian / Asian American,policy_general,75.4593137926185
Funding,race,Other,policy_general,75.619273280227
Funding,education,Less than high school,policy_general,74.1673574327469
Funding,education,High school diploma / GED,policy_general,72.4210569384305
Funding,education,Some college or Associate's degree,policy_general,74.3525738457047
Funding,education,Bachelor's degree,policy_general,74.3946782557454
Funding,education,Master's degree / Professional degree,policy_general,74.9442074549695
Funding,education,Doctorate degree / Ph.D.,policy_general,75.6219804669639
Funding,income,"Less than $30,000",policy_general,75.0713781847939
Funding,income,"$30,000 to $55,999",policy_general,75.2442777636076
Funding,income,"$56,000 to $99,999",policy_general,74.2189151913718
Funding,income,"$100,000 to $167,999",policy_general,72.7134504009403
Funding,income,"$168,000 or more",policy_general,75.5427890522409
Funding,party,Republican,policy_general,63.2363602609633
Funding,party,Democrat,policy_general,82.5686901294723
Funding,party,Independent,policy_general,72.9282752197975
Funding,party,Other,policy_general,74.2323202926681
Funding,gender,Male,policy_specific_mean,71.0094107317705
Funding,gender,Female,policy_specific_mean,72.6755569543783
Funding,gender,Other,policy_specific_mean,71.8584963893844
Funding,age_band,18-29,policy_specific_mean,73.2454394509527
Funding,age_band,30-44,policy_specific_mean,74.5315443979547
Funding,age_band,45-59,policy_specific_mean,70.2962593531986
Funding,age_band,60+,policy_specific_mean,69.8579604520742
Funding,race,White / Caucasian,policy_specific_mean,71.1508105518445
Funding,race,Black / African American,policy_specific_mean,73.3050433570771
Funding,race,Hispanic / Latino,policy_specific_mean,72.8447681453204
Funding,race,Asian / Asian American,policy_specific_mean,72.438376897881
Funding,race,Other,policy_specific_mean,72.9790631897843
Funding,education,Less than high school,policy_specific_mean,71.6607304198702
Funding,education,High school diploma / GED,policy_specific_mean,70.6309682498556
Funding,education,Some college or Associate's degree,policy_specific_mean,71.98029570108
Funding,education,Bachelor's degree,policy_specific_mean,71.9108912873225
Funding,education,Master's degree / Professional degree,policy_specific_mean,72.0974902354005
Funding,education,Doctorate degree / Ph.D.,policy_specific_mean,72.6749465560634
Funding,income,"Less than $30,000",policy_specific_mean,72.3594351814322
Funding,income,"$30,000 to $55,999",policy_specific_mean,72.3843994774643
Funding,income,"$56,000 to $99,999",policy_specific_mean,71.8031807670375
Funding,income,"$100,000 to $167,999",policy_specific_mean,70.9318606962106
Funding,income,"$168,000 or more",policy_specific_mean,72.7726623909613
Funding,party,Republican,policy_specific_mean,64.9493039455643
Funding,party,Democrat,policy_specific_mean,76.9865465790968
Funding,party,Independent,policy_specific_mean,71.1012324051661
Funding,party,Other,policy_specific_mean,71.7680257260148
Funding,gender,Male,behavior_mean,37.0183713608572
Funding,gender,Female,behavior_mean,42.8533253814493
Funding,gender,Other,behavior_mean,39.9919253649991
Funding,age_band,18-29,behavior_mean,40.877502352894
Funding,age_band,30-44,behavior_mean,42.3210264794377
Funding,age_band,45-59,behavior_mean,38.2149082846465
Funding,age_band,60+,behavior_mean,38.7677275732652
Funding,race,White / Caucasian,behavior_mean,39.0412953873649
Funding,race,Black / African American,behavior_mean,41.7935876763743
Funding,race,Hispanic / Latino,behavior_mean,40.7022911815874
Funding,race,Asian / Asian American,behavior_mean,41.7115686882303
Funding,race,Other,behavior_mean,43.9124032888313
Funding,education,Less than high school,behavior_mean,31.2318092061344
Funding,education,High school diploma / GED,behavior_mean,37.1158573613693
Funding,education,Some college or Associate's degree,behavior_mean,39.3572965361429
Funding,education,Bachelor's degree,behavior_mean,41.1285752793884
Funding,education,Master's degree / Professional degree,behavior_mean,42.8215702676972
Funding,education,Doctorate degree / Ph.D.,behavior_mean,40.9866491163782
Funding,income,"Less than $30,000",behavior_mean,38.7682829945793
Funding,income,"$30,000 to $55,999",behavior_mean,39.6296018970479
Funding,income,"$56,000 to $99,999",behavior_mean,40.6272770640393
Funding,income,"$100,000 to $167,999",behavior_mean,39.8733111774895
Funding,income,"$168,000 or more",behavior_mean,41.3501128170134
Funding,party,Republican,behavior_mean,29.5002403276271
Funding,party,Democrat,behavior_mean,47.2603987359383
Funding,party,Independent,behavior_mean,39.2619476523885
Funding,party,Other,behavior_mean,43.2620034189881
Funding,gender,Male,donation_ams,2.44780020848271
Funding,gender,Female,donation_ams,2.91647203048529
Funding,gender,Other,donation_ams,2.68664030354191
Funding,age_band,18-29,donation_ams,2.57078704741917
Funding,age_band,30-44,donation_ams,2.73965517002719
Funding,age_band,45-59,donation_ams,2.55685874558214
Funding,age_band,60+,donation_ams,2.81375026856619
Funding,race,White / Caucasian,donation_ams,2.69201349014823
Funding,race,Black / African American,donation_ams,2.60103322295863
Funding,race,Hispanic / Latino,donation_ams,2.61918205561952
Funding,race,Asian / Asian American,donation_ams,2.7960181586435
Funding,race,Other,donation_ams,3.13363785182504
Funding,education,Less than high school,donation_ams,1.78548939454585
Funding,education,High school diploma / GED,donation_ams,2.21501576872595
Funding,education,Some college or Associate's degree,donation_ams,2.56507963336485
Funding,education,Bachelor's degree,donation_ams,2.84296275830821
Funding,education,Master's degree / Professional degree,donation_ams,3.07680764271062
Funding,education,Doctorate degree / Ph.D.,donation_ams,2.9989169561328
Funding,income,"Less than $30,000",donation_ams,2.07428891513948
Funding,income,"$30,000 to $55,999",donation_ams,2.5024606532112
Funding,income,"$56,000 to $99,999",donation_ams,2.84103419409601
Funding,income,"$100,000 to $167,999",donation_ams,2.92453646031122
Funding,income,"$168,000 or more",donation_ams,3.16635073940671
Funding,party,Republican,donation_ams,1.79596866106891
Funding,party,Democrat,donation_ams,3.31376246791971
Funding,party,Independent,donation_ams,2.61994903139101
Funding,party,Other,donation_ams,2.86276435832706
Funding,gender,Male,newsletter_signup,0.0114573173555779
Funding,gender,Female,newsletter_signup,0.0133990373096236
Funding,gender,Other,newsletter_signup,0.012446838288202
Funding,age_band,18-29,newsletter_signup,0.0134534816414233
Funding,age_band,30-44,newsletter_signup,0.0143898482512616
Funding,age_band,45-59,newsletter_signup,0.0108761809468339
Funding,age_band,60+,newsletter_signup,0.0113161549602435
Funding,race,White / Caucasian,newsletter_signup,0.0121691550397669
Funding,race,Black / African American,newsletter_signup,0.012854907314548
Funding,race,Hispanic / Latino,newsletter_signup,0.0127797856416854
Funding,race,Asian / Asian American,newsletter_signup,0.0129047306188881
Funding,race,Other,newsletter_signup,0.0133999223611449
Funding,education,Less than high school,newsletter_signup,0.0133911355894296
Funding,education,High school diploma / GED,newsletter_signup,0.0116180816798952
Funding,education,Some college or Associate's degree,newsletter_signup,0.0127193193292011
Funding,education,Bachelor's degree,newsletter_signup,0.0123202358205128
Funding,education,Master's degree / Professional degree,newsletter_signup,0.0126567287716769
Funding,education,Doctorate degree / Ph.D.,newsletter_signup,0.0128749807783468
Funding,income,"Less than $30,000",newsletter_signup,0.0135136168292817
Funding,income,"$30,000 to $55,999",newsletter_signup,0.0127753392739308
Funding,income,"$56,000 to $99,999",newsletter_signup,0.0122871826801298
Funding,income,"$100,000 to $167,999",newsletter_signup,0.0114915736802179
Funding,income,"$168,000 or more",newsletter_signup,0.013131795063203
Funding,party,Republican,newsletter_signup,0.00662918971527547
Funding,party,Democrat,newsletter_signup,0.0167719401356528
Funding,party,Independent,newsletter_signup,0.0117487174451819
Funding,party,Other,newsletter_signup,0.0128832048235326
Oil industry misinformation,gender,Male,trust_multidimensional,80.8081891499053
Oil industry misinformation,gender,Female,trust_multidimensional,82.6959948167422
Oil industry misinformation,gender,Other,trust_multidimensional,81.7702347941133
Oil industry misinformation,age_band,18-29,trust_multidimensional,81.8543965153201
Oil industry misinformation,age_band,30-44,trust_multidimensional,82.8160302617418
Oil industry misinformation,age_band,45-59,trust_multidimensional,81.0319729172516
Oil industry misinformation,age_band,60+,trust_multidimensional,81.3809142657123
Oil industry misinformation,race,White / Caucasian,trust_multidimensional,81.3935835768688
Oil industry misinformation,race,Black / African American,trust_multidimensional,82.4189785651409
Oil industry misinformation,race,Hispanic / Latino,trust_multidimensional,81.872381824858
Oil industry misinformation,race,Asian / Asian American,trust_multidimensional,82.9756183756463
Oil industry misinformation,race,Other,trust_multidimensional,83.5262380524767
Oil industry misinformation,education,Less than high school,trust_multidimensional,78.4074569672685
Oil industry misinformation,education,High school diploma / GED,trust_multidimensional,80.2983386617393
Oil industry misinformation,education,Some college or Associate's degree,trust_multidimensional,81.2616300525195
Oil industry misinformation,education,Bachelor's degree,trust_multidimensional,82.3100315813541
Oil industry misinformation,education,Master's degree / Professional degree,trust_multidimensional,83.2263035989449
Oil industry misinformation,education,Doctorate degree / Ph.D.,trust_multidimensional,82.9155898441147
Oil industry misinformation,income,"Less than $30,000",trust_multidimensional,81.3861618733431
Oil industry misinformation,income,"$30,000 to $55,999",trust_multidimensional,81.7240628170715
Oil industry misinformation,income,"$56,000 to $99,999",trust_multidimensional,81.8461544179914
Oil industry misinformation,income,"$100,000 to $167,999",trust_multidimensional,81.7970909123308
Oil industry misinformation,income,"$168,000 or more",trust_multidimensional,82.4700719627451
Oil industry misinformation,party,Republican,trust_multidimensional,77.0170678388904
Oil industry misinformation,party,Democrat,trust_multidimensional,85.0010250802243
Oil industry misinformation,party,Independent,trust_multidimensional,81.5605682261625
Oil industry misinformation,party,Other,trust_multidimensional,82.9355165756743
Oil industry misinformation,gender,Male,trust_post,81.9395268067111
Oil industry misinformation,gender,Female,trust_post,84.2410643358244
Oil industry misinformation,gender,Other,trust_post,83.1124145640483
Oil industry misinformation,age_band,18-29,trust_post,83.4748647772612
Oil industry misinformation,age_band,30-44,trust_post,84.5653872850533
Oil industry misinformation,age_band,45-59,trust_post,82.1742700427114
Oil industry misinformation,age_band,60+,trust_post,82.3463903458467
Oil industry misinformation,race,White / Caucasian,trust_post,82.4275350919496
Oil industry misinformation,race,Black / African American,trust_post,84.6783102308755
Oil industry misinformation,race,Hispanic / Latino,trust_post,83.1757263178068
Oil industry misinformation,race,Asian / Asian American,trust_post,85.4208995123168
Oil industry misinformation,race,Other,trust_post,85.0958740529674
Oil industry misinformation,education,Less than high school,trust_post,78.5388661426193
Oil industry misinformation,education,High school diploma / GED,trust_post,80.8672000060305
Oil industry misinformation,education,Some college or Associate's degree,trust_post,82.1540480402726
Oil industry misinformation,education,Bachelor's degree,trust_post,84.2002039825466
Oil industry misinformation,education,Master's degree / Professional degree,trust_post,85.2828917675521
Oil industry misinformation,education,Doctorate degree / Ph.D.,trust_post,84.4981344431383
Oil industry misinformation,income,"Less than $30,000",trust_post,82.2045305562046
Oil industry misinformation,income,"$30,000 to $55,999",trust_post,83.2124866837437
Oil industry misinformation,income,"$56,000 to $99,999",trust_post,83.1817758569514
Oil industry misinformation,income,"$100,000 to $167,999",trust_post,83.2408086862413
Oil industry misinformation,income,"$168,000 or more",trust_post,84.4771713674117
Oil industry misinformation,party,Republican,trust_post,75.7392694964016
Oil industry misinformation,party,Democrat,trust_post,87.9013850138937
Oil industry misinformation,party,Independent,trust_post,83.0135184764155
Oil industry misinformation,party,Other,trust_post,85.9117558085123
Oil industry misinformation,gender,Male,distrust_post,19.4534577517151
Oil industry misinformation,gender,Female,distrust_post,17.4773731955582
Oil industry misinformation,gender,Other,distrust_post,18.4464242560361
Oil industry misinformation,age_band,18-29,distrust_post,18.2563632300814
Oil industry misinformation,age_band,30-44,distrust_post,17.2871452050557
Oil industry misinformation,age_band,45-59,distrust_post,19.1867625991365
Oil industry misinformation,age_band,60+,distrust_post,18.9989822567857
Oil industry misinformation,race,White / Caucasian,distrust_post,19.0054914140471
Oil industry misinformation,race,Black / African American,distrust_post,17.1256751455011
Oil industry misinformation,race,Hispanic / Latino,distrust_post,18.6094062312605
Oil industry misinformation,race,Asian / Asian American,distrust_post,16.1508023436007
Oil industry misinformation,race,Other,distrust_post,16.5985354151391
Oil industry misinformation,education,Less than high school,distrust_post,21.4468057586339
Oil industry misinformation,education,High school diploma / GED,distrust_post,20.6003326120269
Oil industry misinformation,education,Some college or Associate's degree,distrust_post,19.4259687977402
Oil industry misinformation,education,Bachelor's degree,distrust_post,17.4600245946191
Oil industry misinformation,education,Master's degree / Professional degree,distrust_post,16.1097686642204
Oil industry misinformation,education,Doctorate degree / Ph.D.,distrust_post,16.9209184262732
Oil industry misinformation,income,"Less than $30,000",distrust_post,19.2565344738548
Oil industry misinformation,income,"$30,000 to $55,999",distrust_post,18.4346929241632
Oil industry misinformation,income,"$56,000 to $99,999",distrust_post,18.4193253927417
Oil industry misinformation,income,"$100,000 to $167,999",distrust_post,18.1789568796995
Oil industry misinformation,income,"$168,000 or more",distrust_post,17.3807420376798
Oil industry misinformation,party,Republican,distrust_post,24.9684564872841
Oil industry misinformation,party,Democrat,distrust_post,14.2044222758657
Oil industry misinformation,party,Independent,distrust_post,18.4636349653172
Oil industry misinformation,party,Other,distrust_post,16.776854611815
Oil industry misinformation,gender,Male,funding_perceptions,42.1371232976143
Oil industry misinformation,gender,Female,funding_perceptions,40.5912554302554
Oil industry misinformation,gender,Other,funding_perceptions,41.3493327562258
Oil industry misinformation,age_band,18-29,funding_perceptions,40.0411232515542
Oil industry misinformation,age_band,30-44,funding_perceptions,38.3965428105401
Oil industry misinformation,age_band,45-59,funding_perceptions,44.2290051531628
Oil industry misinformation,age_band,60+,funding_perceptions,42.5577878817161
Oil industry misinformation,race,White / Caucasian,funding_perceptions,42.3270249589581
Oil industry misinformation,race,Black / African American,funding_perceptions,38.1875563691361
Oil industry misinformation,race,Hispanic / Latino,funding_perceptions,41.068582703756
Oil industry misinformation,race,Asian / Asian American,funding_perceptions,40.7202603856343
Oil industry misinformation,race,Other,funding_perceptions,37.4366008761232
Oil industry misinformation,education,Less than high school,funding_perceptions,40.3672010354653
Oil industry misinformation,education,High school diploma / GED,funding_perceptions,41.5007826205116
Oil industry misinformation,education,Some college or Associate's degree,funding_perceptions,40.9532784056081
Oil industry misinformation,education,Bachelor's degree,funding_perceptions,41.4751054993614
Oil industry misinformation,education,Master's degree / Professional degree,funding_perceptions,39.0005556117538
Oil industry misinformation,education,Doctorate degree / Ph.D.,funding_perceptions,42.9010392415996
Oil industry misinformation,income,"Less than $30,000",funding_perceptions,41.1632729494332
Oil industry misinformation,income,"$30,000 to $55,999",funding_perceptions,41.3920562412779
Oil industry misinformation,income,"$56,000 to $99,999",funding_perceptions,40.2248300031395
Oil industry misinformation,income,"$100,000 to $167,999",funding_perceptions,42.8586545325579
Oil industry misinformation,income,"$168,000 or more",funding_perceptions,42.5057142281995
Oil industry misinformation,party,Republican,funding_perceptions,53.0333118138755
Oil industry misinformation,party,Democrat,funding_perceptions,34.1059009490415
Oil industry misinformation,party,Independent,funding_perceptions,40.8212765397095
Oil industry misinformation,party,Other,funding_perceptions,38.7911138633257
Oil industry misinformation,gender,Male,policy_role_mean,76.7751271262218
Oil industry misinformation,gender,Female,policy_role_mean,79.1130467332673
Oil industry misinformation,gender,Other,policy_role_mean,77.9665555735341
Oil industry misinformation,age_band,18-29,policy_role_mean,78.6660011892809
Oil industry misinformation,age_band,30-44,policy_role_mean,79.834286184254
Oil industry misinformation,age_band,45-59,policy_role_mean,76.5583636612846
Oil industry misinformation,age_band,60+,policy_role_mean,76.9793811708077
Oil industry misinformation,race,White / Caucasian,policy_role_mean,77.0050942204899
Oil industry misinformation,race,Black / African American,policy_role_mean,79.9555061144516
Oil industry misinformation,race,Hispanic / Latino,policy_role_mean,78.687334014088
Oil industry misinformation,race,Asian / Asian American,policy_role_mean,79.9100222844175
Oil industry misinformation,race,Other,policy_role_mean,80.6679896723216
Oil industry misinformation,education,Less than high school,policy_role_mean,75.1064609154236
Oil industry misinformation,education,High school diploma / GED,policy_role_mean,76.6541413120546
Oil industry misinformation,education,Some college or Associate's degree,policy_role_mean,77.6517017045153
Oil industry misinformation,education,Bachelor's degree,policy_role_mean,78.5534980135963
Oil industry misinformation,education,Master's degree / Professional degree,policy_role_mean,78.7399017634414
Oil industry misinformation,education,Doctorate degree / Ph.D.,policy_role_mean,78.3796932281304
Oil industry misinformation,income,"Less than $30,000",policy_role_mean,77.9933479338408
Oil industry misinformation,income,"$30,000 to $55,999",policy_role_mean,78.2422914639306
Oil industry misinformation,income,"$56,000 to $99,999",policy_role_mean,78.1634649724783
Oil industry misinformation,income,"$100,000 to $167,999",policy_role_mean,77.4196269355783
Oil industry misinformation,income,"$168,000 or more",policy_role_mean,77.9895384910578
Oil industry misinformation,party,Republican,policy_role_mean,69.1848397446975
Oil industry misinformation,party,Democrat,policy_role_mean,83.472826855139
Oil industry misinformation,party,Independent,policy_role_mean,78.203396690414
Oil industry misinformation,party,Other,policy_role_mean,80.6056910606591
Oil industry misinformation,gender,Male,inst_trust_mean,70.8250632607604
Oil industry misinformation,gender,Female,inst_trust_mean,73.2767653668527
Oil industry misinformation,gender,Other,inst_trust_mean,72.0744764675837
Oil industry misinformation,age_band,18-29,inst_trust_mean,72.358604580282
Oil industry misinformation,age_band,30-44,inst_trust_mean,73.7018832459756
Oil industry misinformation,age_band,45-59,inst_trust_mean,70.6347015962476
Oil industry misinformation,age_band,60+,inst_trust_mean,71.5843385516585
Oil industry misinformation,race,White / Caucasian,inst_trust_mean,71.3692540635173
Oil industry misinformation,race,Black / African American,inst_trust_mean,73.456112344203
Oil industry misinformation,race,Hispanic / Latino,inst_trust_mean,72.0492463629052
Oil industry misinformation,race,Asian / Asian American,inst_trust_mean,74.8204239320521
Oil industry misinformation,race,Other,inst_trust_mean,74.8536140802638
Oil industry misinformation,education,Less than high school,inst_trust_mean,66.0918802189581
Oil industry misinformation,education,High school diploma / GED,inst_trust_mean,69.4729960704796
Oil industry misinformation,education,Some college or Associate's degree,inst_trust_mean,71.235168560064
Oil industry misinformation,education,Bachelor's degree,inst_trust_mean,73.0950536795756
Oil industry misinformation,education,Master's degree / Professional degree,inst_trust_mean,74.4111200532573
Oil industry misinformation,education,Doctorate degree / Ph.D.,inst_trust_mean,73.7754891644565
Oil industry misinformation,income,"Less than $30,000",inst_trust_mean,71.1048136590761
Oil industry misinformation,income,"$30,000 to $55,999",inst_trust_mean,71.9164869204517
Oil industry misinformation,income,"$56,000 to $99,999",inst_trust_mean,72.4413186130709
Oil industry misinformation,income,"$100,000 to $167,999",inst_trust_mean,72.0609489228722
Oil industry misinformation,income,"$168,000 or more",inst_trust_mean,73.2310084431735
Oil industry misinformation,party,Republican,inst_trust_mean,63.1315700796762
Oil industry misinformation,party,Democrat,inst_trust_mean,77.9002325097933
Oil industry misinformation,party,Independent,inst_trust_mean,72.0942804845835
Oil industry misinformation,party,Other,inst_trust_mean,73.7825455467254
Oil industry misinformation,gender,Male,belief_post,89.4903013339018
Oil industry misinformation,gender,Female,belief_post,91.6359704280551
Oil industry misinformation,gender,Other,belief_post,90.5837568956708
Oil industry misinformation,age_band,18-29,belief_post,91.0337882668096
Oil industry misinformation,age_band,30-44,belief_post,92.2321119973973
Oil industry misinformation,age_band,45-59,belief_post,89.7263249776984
Oil industry misinformation,age_band,60+,belief_post,89.5360412358341
Oil industry misinformation,race,White / Caucasian,belief_post,89.7618441315877
Oil industry misinformation,race,Black / African American,belief_post,92.0096431306974
Oil industry misinformation,race,Hispanic / Latino,belief_post,91.1508736355665
Oil industry misinformation,race,Asian / Asian American,belief_post,92.9184311246934
Oil industry misinformation,race,Other,belief_post,92.8084516317869
Oil industry misinformation,education,Less than high school,belief_post,85.9328971158172
Oil industry misinformation,education,High school diploma / GED,belief_post,87.7283321995993
Oil industry misinformation,education,Some college or Associate's degree,belief_post,89.7035251646204
Oil industry misinformation,education,Bachelor's degree,belief_post,91.6987790807765
Oil industry misinformation,education,Master's degree / Professional degree,belief_post,92.8571536925525
Oil industry misinformation,education,Doctorate degree / Ph.D.,belief_post,92.3211911213294
Oil industry misinformation,income,"Less than $30,000",belief_post,89.6163557286953
Oil industry misinformation,income,"$30,000 to $55,999",belief_post,90.3523428144733
Oil industry misinformation,income,"$56,000 to $99,999",belief_post,90.7119956580039
Oil industry misinformation,income,"$100,000 to $167,999",belief_post,90.9075851155173
Oil industry misinformation,income,"$168,000 or more",belief_post,92.0707597572455
Oil industry misinformation,party,Republican,belief_post,83.0910720923955
Oil industry misinformation,party,Democrat,belief_post,95.470055390204
Oil industry misinformation,party,Independent,belief_post,90.5823283804589
Oil industry misinformation,party,Other,belief_post,92.1210349192956
Oil industry misinformation,gender,Male,concern_mean,72.2070349978074
Oil industry misinformation,gender,Female,concern_mean,77.628901795713
Oil industry misinformation,gender,Other,concern_mean,74.9700754039425
Oil industry misinformation,age_band,18-29,concern_mean,75.686247501385
Oil industry misinformation,age_band,30-44,concern_mean,77.8874338382575
Oil industry misinformation,age_band,45-59,concern_mean,73.1161449229344
Oil industry misinformation,age_band,60+,concern_mean,73.4175286668946
Oil industry misinformation,race,White / Caucasian,concern_mean,73.6024332940696
Oil industry misinformation,race,Black / African American,concern_mean,78.1221943079238
Oil industry misinformation,race,Hispanic / Latino,concern_mean,75.6907610082318
Oil industry misinformation,race,Asian / Asian American,concern_mean,77.7910886945186
Oil industry misinformation,race,Other,concern_mean,79.2431608956779
Oil industry misinformation,education,Less than high school,concern_mean,69.1220202742035
Oil industry misinformation,education,High school diploma / GED,concern_mean,72.4358389518362
Oil industry misinformation,education,Some college or Associate's degree,concern_mean,74.4092743158905
Oil industry misinformation,education,Bachelor's degree,concern_mean,75.8011385115266
Oil industry misinformation,education,Master's degree / Professional degree,concern_mean,77.1955092179565
Oil industry misinformation,education,Doctorate degree / Ph.D.,concern_mean,76.4117723643958
Oil industry misinformation,income,"Less than $30,000",concern_mean,74.8578675974787
Oil industry misinformation,income,"$30,000 to $55,999",concern_mean,75.6069961588958
Oil industry misinformation,income,"$56,000 to $99,999",concern_mean,75.2627262477151
Oil industry misinformation,income,"$100,000 to $167,999",concern_mean,74.0319466477754
Oil industry misinformation,income,"$168,000 or more",concern_mean,75.1999512008636
Oil industry misinformation,party,Republican,concern_mean,60.8261229123937
Oil industry misinformation,party,Democrat,concern_mean,84.2997539831104
Oil industry misinformation,party,Independent,concern_mean,74.7466981421442
Oil industry misinformation,party,Other,concern_mean,78.5594466899491
Oil industry misinformation,gender,Male,policy_general,76.5702476098393
Oil industry misinformation,gender,Female,policy_general,78.6595178024396
Oil industry misinformation,gender,Other,policy_general,77.6349616975624
Oil industry misinformation,age_band,18-29,policy_general,79.8815780624383
Oil industry misinformation,age_band,30-44,policy_general,81.2176687905595
Oil industry misinformation,age_band,45-59,policy_general,75.6557913940977
Oil industry misinformation,age_band,60+,policy_general,74.6156049950496
Oil industry misinformation,race,White / Caucasian,policy_general,76.6651185960097
Oil industry misinformation,race,Black / African American,policy_general,79.2204434707272
Oil industry misinformation,race,Hispanic / Latino,policy_general,79.2211843158805
Oil industry misinformation,race,Asian / Asian American,policy_general,78.6112770559989
Oil industry misinformation,race,Other,policy_general,78.9559834632229
Oil industry misinformation,education,Less than high school,policy_general,78.1804083140188
Oil industry misinformation,education,High school diploma / GED,policy_general,75.9637182264139
Oil industry misinformation,education,Some college or Associate's degree,policy_general,77.7540939701485
Oil industry misinformation,education,Bachelor's degree,policy_general,77.7817178408675
Oil industry misinformation,education,Master's degree / Professional degree,policy_general,77.77742242216
Oil industry misinformation,education,Doctorate degree / Ph.D.,policy_general,78.6452385392431
Oil industry misinformation,income,"Less than $30,000",policy_general,78.5734913813487
Oil industry misinformation,income,"$30,000 to $55,999",policy_general,78.5204748972942
Oil industry misinformation,income,"$56,000 to $99,999",policy_general,77.5153089904239
Oil industry misinformation,income,"$100,000 to $167,999",policy_general,76.1934438887052
Oil industry misinformation,income,"$168,000 or more",policy_general,78.571904133164
Oil industry misinformation,party,Republican,policy_general,68.0741651306351
Oil industry misinformation,party,Democrat,policy_general,84.7305564519218
Oil industry misinformation,party,Independent,policy_general,76.5521751257527
Oil industry misinformation,party,Other,policy_general,77.8746063950995
Oil industry misinformation,gender,Male,policy_specific_mean,73.2948086349369
Oil industry misinformation,gender,Female,policy_specific_mean,74.7753488171177
Oil industry misinformation,gender,Other,policy_specific_mean,74.0493075001344
Oil industry misinformation,age_band,18-29,policy_specific_mean,75.5690528921197
Oil industry misinformation,age_band,30-44,policy_specific_mean,76.612961536278
Oil industry misinformation,age_band,45-59,policy_specific_mean,72.5525822565082
Oil industry misinformation,age_band,60+,policy_specific_mean,72.0057683490685
Oil industry misinformation,race,White / Caucasian,policy_specific_mean,73.3896549773934
Oil industry misinformation,race,Black / African American,policy_specific_mean,75.378324956486
Oil industry misinformation,race,Hispanic / Latino,policy_specific_mean,74.986577146156
Oil industry misinformation,race,Asian / Asian American,policy_specific_mean,74.5801915531022
Oil industry misinformation,race,Other,policy_specific_mean,75.0853459623755
Oil industry misinformation,education,Less than high school,policy_specific_mean,74.1343702356394
Oil industry misinformation,education,High school diploma / GED,policy_specific_mean,72.8752818187964
Oil industry misinformation,education,Some college or Associate's degree,policy_specific_mean,74.1658744975835
Oil industry misinformation,education,Bachelor's degree,policy_specific_mean,74.1231274824971
Oil industry misinformation,education,Master's degree / Professional degree,policy_specific_mean,74.1684252234919
Oil industry misinformation,education,Doctorate degree / Ph.D.,policy_specific_mean,74.7705918677127
Oil industry misinformation,income,"Less than $30,000",policy_specific_mean,74.5910759388205
Oil industry misinformation,income,"$30,000 to $55,999",policy_specific_mean,74.6006896135274
Oil industry misinformation,income,"$56,000 to $99,999",policy_specific_mean,73.9869017744748
Oil industry misinformation,income,"$100,000 to $167,999",policy_specific_mean,73.0870874022041
Oil industry misinformation,income,"$168,000 or more",policy_specific_mean,74.9483006465973
Oil industry misinformation,party,Republican,policy_specific_mean,67.2222460362897
Oil industry misinformation,party,Democrat,policy_specific_mean,79.0999848282172
Oil industry misinformation,party,Independent,policy_specific_mean,73.2987949409066
Oil industry misinformation,party,Other,policy_specific_mean,74.2269979520839
Oil industry misinformation,gender,Male,behavior_mean,39.2034696887003
Oil industry misinformation,gender,Female,behavior_mean,44.9769832344491
Oil industry misinformation,gender,Other,behavior_mean,42.1457129799657
Oil industry misinformation,age_band,18-29,behavior_mean,42.9586596144464
Oil industry misinformation,age_band,30-44,behavior_mean,44.3123003168228
Oil industry misinformation,age_band,45-59,behavior_mean,40.674487268897
Oil industry misinformation,age_band,60+,behavior_mean,40.8792514007237
Oil industry misinformation,race,White / Caucasian,behavior_mean,41.0528046534809
Oil industry misinformation,race,Black / African American,behavior_mean,44.1461931744841
Oil industry misinformation,race,Hispanic / Latino,behavior_mean,42.9223728967394
Oil industry misinformation,race,Asian / Asian American,behavior_mean,44.7526953413718
Oil industry misinformation,race,Other,behavior_mean,45.6990394800623
Oil industry misinformation,education,Less than high school,behavior_mean,36.1510748220484
Oil industry misinformation,education,High school diploma / GED,behavior_mean,39.4640047596026
Oil industry misinformation,education,Some college or Associate's degree,behavior_mean,41.3910815121801
Oil industry misinformation,education,Bachelor's degree,behavior_mean,43.2320245495301
Oil industry misinformation,education,Master's degree / Professional degree,behavior_mean,44.3903672175531
Oil industry misinformation,education,Doctorate degree / Ph.D.,behavior_mean,43.4877149738762
Oil industry misinformation,income,"Less than $30,000",behavior_mean,40.5198793709615
Oil industry misinformation,income,"$30,000 to $55,999",behavior_mean,41.9174738846491
Oil industry misinformation,income,"$56,000 to $99,999",behavior_mean,42.8107504672015
Oil industry misinformation,income,"$100,000 to $167,999",behavior_mean,42.2062863278491
Oil industry misinformation,income,"$168,000 or more",behavior_mean,43.3101728341874
Oil industry misinformation,party,Republican,behavior_mean,32.3716358055432
Oil industry misinformation,party,Democrat,behavior_mean,48.946190743783
Oil industry misinformation,party,Independent,behavior_mean,41.405531712438
Oil industry misinformation,party,Other,behavior_mean,45.3746694133505
Oil industry misinformation,gender,Male,donation_ams,2.70093420437628
Oil industry misinformation,gender,Female,donation_ams,3.09431487046802
Oil industry misinformation,gender,Other,donation_ams,2.90140513365541
Oil industry misinformation,age_band,18-29,donation_ams,2.76302158619547
Oil industry misinformation,age_band,30-44,donation_ams,2.92101445421144
Oil industry misinformation,age_band,45-59,donation_ams,2.81825922341645
Oil industry misinformation,age_band,60+,donation_ams,3.03681148952968
Oil industry misinformation,race,White / Caucasian,donation_ams,2.92067653677234
Oil industry misinformation,race,Black / African American,donation_ams,2.80986898830183
Oil industry misinformation,race,Hispanic / Latino,donation_ams,2.80806305223399
Oil industry misinformation,race,Asian / Asian American,donation_ams,3.01529915011319
Oil industry misinformation,race,Other,donation_ams,3.22970614832853
Oil industry misinformation,education,Less than high school,donation_ams,1.71580716505631
Oil industry misinformation,education,High school diploma / GED,donation_ams,2.45508291031976
Oil industry misinformation,education,Some college or Associate's degree,donation_ams,2.77058304430635
Oil industry misinformation,education,Bachelor's degree,donation_ams,2.99068932255227
Oil industry misinformation,education,Master's degree / Professional degree,donation_ams,3.53813009861641
Oil industry misinformation,education,Doctorate degree / Ph.D.,donation_ams,3.37079558626167
Oil industry misinformation,income,"Less than $30,000",donation_ams,2.25111794193067
Oil industry misinformation,income,"$30,000 to $55,999",donation_ams,2.76147627690631
Oil industry misinformation,income,"$56,000 to $99,999",donation_ams,3.00815107242247
Oil industry misinformation,income,"$100,000 to $167,999",donation_ams,3.22389310417734
Oil industry misinformation,income,"$168,000 or more",donation_ams,3.29045967330382
Oil industry misinformation,party,Republican,donation_ams,2.17571214256857
Oil industry misinformation,party,Democrat,donation_ams,3.41504175668281
Oil industry misinformation,party,Independent,donation_ams,2.80748386130426
Oil industry misinformation,party,Other,donation_ams,3.41057596358276
Oil industry misinformation,gender,Male,newsletter_signup,0.0130745522731194
Oil industry misinformation,gender,Female,newsletter_signup,0.0140394182806405
Oil industry misinformation,gender,Other,newsletter_signup,0.0135662581494638
Oil industry misinformation,age_band,18-29,newsletter_signup,0.0148803991836456
Oil industry misinformation,age_band,30-44,newsletter_signup,0.0155441299478197
Oil industry misinformation,age_band,45-59,newsletter_signup,0.012330503440952
Oil industry misinformation,age_band,60+,newsletter_signup,0.0119572767574306
Oil industry misinformation,race,White / Caucasian,newsletter_signup,0.0130815081173659
Oil industry misinformation,race,Black / African American,newsletter_signup,0.0142160823814103
Oil industry misinformation,race,Hispanic / Latino,newsletter_signup,0.0139643559430638
Oil industry misinformation,race,Asian / Asian American,newsletter_signup,0.0151269638697485
Oil industry misinformation,race,Other,newsletter_signup,0.0148671846751904
Oil industry misinformation,education,Less than high school,newsletter_signup,0.0126523000709609
Oil industry misinformation,education,High school diploma / GED,newsletter_signup,0.0120123946811412
Oil industry misinformation,education,Some college or Associate's degree,newsletter_signup,0.0136897650394676
Oil industry misinformation,education,Bachelor's degree,newsletter_signup,0.0134957309655127
Oil industry misinformation,education,Master's degree / Professional degree,newsletter_signup,0.0143312502373518
Oil industry misinformation,education,Doctorate degree / Ph.D.,newsletter_signup,0.0150386345554739
Oil industry misinformation,income,"Less than $30,000",newsletter_signup,0.0140004684874875
Oil industry misinformation,income,"$30,000 to $55,999",newsletter_signup,0.0136719913418495
Oil industry misinformation,income,"$56,000 to $99,999",newsletter_signup,0.0135127326270427
Oil industry misinformation,income,"$100,000 to $167,999",newsletter_signup,0.0128220638686342
Oil industry misinformation,income,"$168,000 or more",newsletter_signup,0.0153289190640684
Oil industry misinformation,party,Republican,newsletter_signup,0.00780376442771601
Oil industry misinformation,party,Democrat,newsletter_signup,0.0181055709246076
Oil industry misinformation,party,Independent,newsletter_signup,0.0125561808273528
Oil industry misinformation,party,Other,newsletter_signup,0.0134674131930308
Measurement & modeling (1),gender,Male,trust_multidimensional,77.9130573728614
Measurement & modeling (1),gender,Female,trust_multidimensional,80.1819910025029
Measurement & modeling (1),gender,Other,trust_multidimensional,79.0693298397467
Measurement & modeling (1),age_band,18-29,trust_multidimensional,79.0328732395222
Measurement & modeling (1),age_band,30-44,trust_multidimensional,80.5217578620661
Measurement & modeling (1),age_band,45-59,trust_multidimensional,78.1725418051371
Measurement & modeling (1),age_band,60+,trust_multidimensional,78.5334298547026
Measurement & modeling (1),race,White / Caucasian,trust_multidimensional,78.5541463827654
Measurement & modeling (1),race,Black / African American,trust_multidimensional,80.0469434609592
Measurement & modeling (1),race,Hispanic / Latino,trust_multidimensional,79.0242026988769
Measurement & modeling (1),race,Asian / Asian American,trust_multidimensional,81.0203045294553
Measurement & modeling (1),race,Other,trust_multidimensional,81.5534754258903
Measurement & modeling (1),education,Less than high school,trust_multidimensional,74.1741401459257
Measurement & modeling (1),education,High school diploma / GED,trust_multidimensional,76.3992043542704
Measurement & modeling (1),education,Some college or Associate's degree,trust_multidimensional,78.4674883686114
Measurement & modeling (1),education,Bachelor's degree,trust_multidimensional,80.1604104546331
Measurement & modeling (1),education,Master's degree / Professional degree,trust_multidimensional,80.8894519070517
Measurement & modeling (1),education,Doctorate degree / Ph.D.,trust_multidimensional,79.9910413461283
Measurement & modeling (1),income,"Less than $30,000",trust_multidimensional,78.1273266459767
Measurement & modeling (1),income,"$30,000 to $55,999",trust_multidimensional,78.8557261936538
Measurement & modeling (1),income,"$56,000 to $99,999",trust_multidimensional,79.4116561559122
Measurement & modeling (1),income,"$100,000 to $167,999",trust_multidimensional,79.2043367658154
Measurement & modeling (1),income,"$168,000 or more",trust_multidimensional,79.8732502911255
Measurement & modeling (1),party,Republican,trust_multidimensional,71.97768894815
Measurement & modeling (1),party,Democrat,trust_multidimensional,83.5264923724905
Measurement & modeling (1),party,Independent,trust_multidimensional,79.2972074221321
Measurement & modeling (1),party,Other,trust_multidimensional,80.6679738313699
Measurement & modeling (1),gender,Male,trust_post,75.2313968119869
Measurement & modeling (1),gender,Female,trust_post,78.1295406150399
Measurement & modeling (1),gender,Other,trust_post,76.7083214080907
Measurement & modeling (1),age_band,18-29,trust_post,76.7973517543807
Measurement & modeling (1),age_band,30-44,trust_post,78.7676693567019
Measurement & modeling (1),age_band,45-59,trust_post,75.2511171040369
Measurement & modeling (1),age_band,60+,trust_post,75.9942868261454
Measurement & modeling (1),race,White / Caucasian,trust_post,75.863397859876
Measurement & modeling (1),race,Black / African American,trust_post,78.5311358628878
Measurement & modeling (1),race,Hispanic / Latino,trust_post,76.5519479380253
Measurement & modeling (1),race,Asian / Asian American,trust_post,79.6616534443668
Measurement & modeling (1),race,Other,trust_post,80.9432501979741
Measurement & modeling (1),education,Less than high school,trust_post,68.0465687787528
Measurement & modeling (1),education,High school diploma / GED,trust_post,72.788187856152
Measurement & modeling (1),education,Some college or Associate's degree,trust_post,75.5193282753529
Measurement & modeling (1),education,Bachelor's degree,trust_post,78.3289142816293
Measurement & modeling (1),education,Master's degree / Professional degree,trust_post,79.2366790464361
Measurement & modeling (1),education,Doctorate degree / Ph.D.,trust_post,79.0960336361409
Measurement & modeling (1),income,"Less than $30,000",trust_post,75.2922528500677
Measurement & modeling (1),income,"$30,000 to $55,999",trust_post,76.3367975015105
Measurement & modeling (1),income,"$56,000 to $99,999",trust_post,77.1083087081323
Measurement & modeling (1),income,"$100,000 to $167,999",trust_post,77.1591907352072
Measurement & modeling (1),income,"$168,000 or more",trust_post,77.7768149256234
Measurement & modeling (1),party,Republican,trust_post,65.4464521789692
Measurement & modeling (1),party,Democrat,trust_post,84.0003920480188
Measurement & modeling (1),party,Independent,trust_post,76.6794891244735
Measurement & modeling (1),party,Other,trust_post,80.06940565996
Measurement & modeling (1),gender,Male,distrust_post,24.3137048547012
Measurement & modeling (1),gender,Female,distrust_post,22.1019720365221
Measurement & modeling (1),gender,Other,distrust_post,23.1865825235947
Measurement & modeling (1),age_band,18-29,distrust_post,23.2961764785774
Measurement & modeling (1),age_band,30-44,distrust_post,21.3567759584059
Measurement & modeling (1),age_band,45-59,distrust_post,24.2721100235783
Measurement & modeling (1),age_band,60+,distrust_post,23.8529905090072
Measurement & modeling (1),race,White / Caucasian,distrust_post,23.9970210812794
Measurement & modeling (1),race,Black / African American,distrust_post,21.8641778811352
Measurement & modeling (1),race,Hispanic / Latino,distrust_post,22.9607250965047
Measurement & modeling (1),race,Asian / Asian American,distrust_post,20.4289416308863
Measurement & modeling (1),race,Other,distrust_post,19.5184148004163
Measurement & modeling (1),education,Less than high school,distrust_post,30.4125712984771
Measurement & modeling (1),education,High school diploma / GED,distrust_post,26.817008587882
Measurement & modeling (1),education,Some college or Associate's degree,distrust_post,24.214235455463
Measurement & modeling (1),education,Bachelor's degree,distrust_post,21.8249763861939
Measurement & modeling (1),education,Master's degree / Professional degree,distrust_post,20.745020464017
Measurement & modeling (1),education,Doctorate degree / Ph.D.,distrust_post,20.8147107987165
Measurement & modeling (1),income,"Less than $30,000",distrust_post,24.6826473395859
Measurement & modeling (1),income,"$30,000 to $55,999",distrust_post,23.5945264692321
Measurement & modeling (1),income,"$56,000 to $99,999",distrust_post,22.9700348982782
Measurement & modeling (1),income,"$100,000 to $167,999",distrust_post,22.3548144465775
Measurement & modeling (1),income,"$168,000 or more",distrust_post,22.191622171989
Measurement & modeling (1),party,Republican,distrust_post,32.9151446889821
Measurement & modeling (1),party,Democrat,distrust_post,16.9561593318852
Measurement & modeling (1),party,Independent,distrust_post,23.0638284747692
Measurement & modeling (1),party,Other,distrust_post,20.7723273247566
Measurement & modeling (1),gender,Male,funding_perceptions,43.3856216599704
Measurement & modeling (1),gender,Female,funding_perceptions,40.3731948772139
Measurement & modeling (1),gender,Other,funding_perceptions,41.8504572541434
Measurement & modeling (1),age_band,18-29,funding_perceptions,40.121871695513
Measurement & modeling (1),age_band,30-44,funding_perceptions,39.2038407626226
Measurement & modeling (1),age_band,45-59,funding_perceptions,46.17773991356
Measurement & modeling (1),age_band,60+,funding_perceptions,42.0021158023381
Measurement & modeling (1),race,White / Caucasian,funding_perceptions,42.1961078142537
Measurement & modeling (1),race,Black / African American,funding_perceptions,40.1079957476124
Measurement & modeling (1),race,Hispanic / Latino,funding_perceptions,42.56104541391
Measurement & modeling (1),race,Asian / Asian American,funding_perceptions,40.7314130480238
Measurement & modeling (1),race,Other,funding_perceptions,40.0933331701125
Measurement & modeling (1),education,Less than high school,funding_perceptions,46.2989144680442
Measurement & modeling (1),education,High school diploma / GED,funding_perceptions,42.1523115592059
Measurement & modeling (1),education,Some college or Associate's degree,funding_perceptions,41.6337165949393
Measurement & modeling (1),education,Bachelor's degree,funding_perceptions,41.217548945316
Measurement & modeling (1),education,Master's degree / Professional degree,funding_perceptions,41.2133023897853
Measurement & modeling (1),education,Doctorate degree / Ph.D.,funding_perceptions,44.2805671498532
Measurement & modeling (1),income,"Less than $30,000",funding_perceptions,39.8885426703106
Measurement & modeling (1),income,"$30,000 to $55,999",funding_perceptions,40.3531570866072
Measurement & modeling (1),income,"$56,000 to $99,999",funding_perceptions,41.9299021699029
Measurement & modeling (1),income,"$100,000 to $167,999",funding_perceptions,44.061721091595
Measurement & modeling (1),income,"$168,000 or more",funding_perceptions,43.0541845684794
Measurement & modeling (1),party,Republican,funding_perceptions,54.0703631273141
Measurement & modeling (1),party,Democrat,funding_perceptions,33.901825049106
Measurement & modeling (1),party,Independent,funding_perceptions,41.8851399156728
Measurement & modeling (1),party,Other,funding_perceptions,38.7073032563305
Measurement & modeling (1),gender,Male,policy_role_mean,76.177485699715
Measurement & modeling (1),gender,Female,policy_role_mean,77.2528294305949
Measurement & modeling (1),gender,Other,policy_role_mean,76.7254921870845
Measurement & modeling (1),age_band,18-29,policy_role_mean,77.6639148063889
Measurement & modeling (1),age_band,30-44,policy_role_mean,78.6250427146352
Measurement & modeling (1),age_band,45-59,policy_role_mean,75.8220042755257
Measurement & modeling (1),age_band,60+,policy_role_mean,75.1814370311529
Measurement & modeling (1),race,White / Caucasian,policy_role_mean,76.1601882597133
Measurement & modeling (1),race,Black / African American,policy_role_mean,77.7701289490141
Measurement & modeling (1),race,Hispanic / Latino,policy_role_mean,77.5998222663021
Measurement & modeling (1),race,Asian / Asian American,policy_role_mean,77.2937122836036
Measurement & modeling (1),race,Other,policy_role_mean,77.2891329508502
Measurement & modeling (1),education,Less than high school,policy_role_mean,76.4105735220498
Measurement & modeling (1),education,High school diploma / GED,policy_role_mean,75.6251664085805
Measurement & modeling (1),education,Some college or Associate's degree,policy_role_mean,76.6884012286282
Measurement & modeling (1),education,Bachelor's degree,policy_role_mean,76.8343508152037
Measurement & modeling (1),education,Master's degree / Professional degree,policy_role_mean,77.0517324168814
Measurement & modeling (1),education,Doctorate degree / Ph.D.,policy_role_mean,77.6658734876752
Measurement & modeling (1),income,"Less than $30,000",policy_role_mean,76.9058855784882
Measurement & modeling (1),income,"$30,000 to $55,999",policy_role_mean,77.0119493892466
Measurement & modeling (1),income,"$56,000 to $99,999",policy_role_mean,76.6317829119176
Measurement & modeling (1),income,"$100,000 to $167,999",policy_role_mean,76.3101165259484
Measurement & modeling (1),income,"$168,000 or more",policy_role_mean,77.520369659721
Measurement & modeling (1),party,Republican,policy_role_mean,71.8552259276747
Measurement & modeling (1),party,Democrat,policy_role_mean,80.4990184075202
Measurement & modeling (1),party,Independent,policy_role_mean,76.0239454255742
Measurement & modeling (1),party,Other,policy_role_mean,76.0194540641045
Measurement & modeling (1),gender,Male,inst_trust_mean,68.7332876285045
Measurement & modeling (1),gender,Female,inst_trust_mean,71.1575058952874
Measurement & modeling (1),gender,Other,inst_trust_mean,69.9686947814429
Measurement & modeling (1),age_band,18-29,inst_trust_mean,70.164644576065
Measurement & modeling (1),age_band,30-44,inst_trust_mean,71.6383689742993
Measurement & modeling (1),age_band,45-59,inst_trust_mean,68.543298247893
Measurement & modeling (1),age_band,60+,inst_trust_mean,69.4898107195239
Measurement & modeling (1),race,White / Caucasian,inst_trust_mean,69.310820775424
Measurement & modeling (1),race,Black / African American,inst_trust_mean,71.1834361916476
Measurement & modeling (1),race,Hispanic / Latino,inst_trust_mean,69.7190906330883
Measurement & modeling (1),race,Asian / Asian American,inst_trust_mean,73.1553162282353
Measurement & modeling (1),race,Other,inst_trust_mean,72.8681055894774
Measurement & modeling (1),education,Less than high school,inst_trust_mean,63.0118909874756
Measurement & modeling (1),education,High school diploma / GED,inst_trust_mean,66.889664431406
Measurement & modeling (1),education,Some college or Associate's degree,inst_trust_mean,69.1284718444367
Measurement & modeling (1),education,Bachelor's degree,inst_trust_mean,71.2905007468934
Measurement & modeling (1),education,Master's degree / Professional degree,inst_trust_mean,71.710438722391
Measurement & modeling (1),education,Doctorate degree / Ph.D.,inst_trust_mean,71.4860373646931
Measurement & modeling (1),income,"Less than $30,000",inst_trust_mean,68.6529487156247
Measurement & modeling (1),income,"$30,000 to $55,999",inst_trust_mean,69.7900828005933
Measurement & modeling (1),income,"$56,000 to $99,999",inst_trust_mean,70.4981297537086
Measurement & modeling (1),income,"$100,000 to $167,999",inst_trust_mean,69.9676362262483
Measurement & modeling (1),income,"$168,000 or more",inst_trust_mean,71.1506062343406
Measurement & modeling (1),party,Republican,inst_trust_mean,60.2444127058452
Measurement & modeling (1),party,Democrat,inst_trust_mean,76.1096332798418
Measurement & modeling (1),party,Independent,inst_trust_mean,70.2476012964234
Measurement & modeling (1),party,Other,inst_trust_mean,72.0714615873222
Measurement & modeling (1),gender,Male,belief_post,88.1362696542172
Measurement & modeling (1),gender,Female,belief_post,90.2369880862099
Measurement & modeling (1),gender,Other,belief_post,89.2068178852713
Measurement & modeling (1),age_band,18-29,belief_post,89.6995372412538
Measurement & modeling (1),age_band,30-44,belief_post,91.2048852987484
Measurement & modeling (1),age_band,45-59,belief_post,88.5793117238991
Measurement & modeling (1),age_band,60+,belief_post,87.6660028220832
Measurement & modeling (1),race,White / Caucasian,belief_post,88.2447398385094
Measurement & modeling (1),race,Black / African American,belief_post,91.0700452598685
Measurement & modeling (1),race,Hispanic / Latino,belief_post,89.6459222135013
Measurement & modeling (1),race,Asian / Asian American,belief_post,91.9194066430023
Measurement & modeling (1),race,Other,belief_post,92.4777184711376
Measurement & modeling (1),education,Less than high school,belief_post,82.4731519900308
Measurement & modeling (1),education,High school diploma / GED,belief_post,85.9354911580133
Measurement & modeling (1),education,Some college or Associate's degree,belief_post,88.1054907580144
Measurement & modeling (1),education,Bachelor's degree,belief_post,90.7393751093332
Measurement & modeling (1),education,Master's degree / Professional degree,belief_post,90.9252177765743
Measurement & modeling (1),education,Doctorate degree / Ph.D.,belief_post,91.0300366656139
Measurement & modeling (1),income,"Less than $30,000",belief_post,87.8333223088158
Measurement & modeling (1),income,"$30,000 to $55,999",belief_post,88.442841023872
Measurement & modeling (1),income,"$56,000 to $99,999",belief_post,89.6058528760905
Measurement & modeling (1),income,"$100,000 to $167,999",belief_post,89.8102317111299
Measurement & modeling (1),income,"$168,000 or more",belief_post,90.8503202768815
Measurement & modeling (1),party,Republican,belief_post,80.2911051085627
Measurement & modeling (1),party,Democrat,belief_post,95.0053079290174
Measurement & modeling (1),party,Independent,belief_post,89.2339487281392
Measurement & modeling (1),party,Other,belief_post,90.9760211135965
Measurement & modeling (1),gender,Male,concern_mean,72.467430238491
Measurement & modeling (1),gender,Female,concern_mean,74.4590253554638
Measurement & modeling (1),gender,Other,concern_mean,73.4823680792699
Measurement & modeling (1),age_band,18-29,concern_mean,75.1796787569318
Measurement & modeling (1),age_band,30-44,concern_mean,76.6833401037796
Measurement & modeling (1),age_band,45-59,concern_mean,71.7385340077486
Measurement & modeling (1),age_band,60+,concern_mean,70.9688487490337
Measurement & modeling (1),race,White / Caucasian,concern_mean,72.5803862774442
Measurement & modeling (1),race,Black / African American,concern_mean,75.6024841584587
Measurement & modeling (1),race,Hispanic / Latino,concern_mean,74.5733706581281
Measurement & modeling (1),race,Asian / Asian American,concern_mean,74.2870246167002
Measurement & modeling (1),race,Other,concern_mean,74.6090332344577
Measurement & modeling (1),education,Less than high school,concern_mean,72.5998177424082
Measurement & modeling (1),education,High school diploma / GED,concern_mean,72.0341200906623
Measurement & modeling (1),education,Some college or Associate's degree,concern_mean,73.6531945279601
Measurement & modeling (1),education,Bachelor's degree,concern_mean,73.4927217744528
Measurement & modeling (1),education,Master's degree / Professional degree,concern_mean,73.8556770005824
Measurement & modeling (1),education,Doctorate degree / Ph.D.,concern_mean,74.5480444445975
Measurement & modeling (1),income,"Less than $30,000",concern_mean,73.9837024461666
Measurement & modeling (1),income,"$30,000 to $55,999",concern_mean,74.0585653138724
Measurement & modeling (1),income,"$56,000 to $99,999",concern_mean,73.4100965601347
Measurement & modeling (1),income,"$100,000 to $167,999",concern_mean,72.4834444086036
Measurement & modeling (1),income,"$168,000 or more",concern_mean,74.6281575526479
Measurement & modeling (1),party,Republican,concern_mean,65.4867921438832
Measurement & modeling (1),party,Democrat,concern_mean,79.5695228927863
Measurement & modeling (1),party,Independent,concern_mean,72.4642963802264
Measurement & modeling (1),party,Other,concern_mean,72.5580858900819
Measurement & modeling (1),gender,Male,policy_general,74.8045407575264
Measurement & modeling (1),gender,Female,policy_general,77.3394821928681
Measurement & modeling (1),gender,Other,policy_general,76.096373602948
Measurement & modeling (1),age_band,18-29,policy_general,78.360673332067
Measurement & modeling (1),age_band,30-44,policy_general,80.0896594811104
Measurement & modeling (1),age_band,45-59,policy_general,74.0114249280719
Measurement & modeling (1),age_band,60+,policy_general,72.7977589124012
Measurement & modeling (1),race,White / Caucasian,policy_general,74.9544108450924
Measurement & modeling (1),race,Black / African American,policy_general,78.1641459232689
Measurement & modeling (1),race,Hispanic / Latino,policy_general,77.8513518056219
Measurement & modeling (1),race,Asian / Asian American,policy_general,77.2489838424922
Measurement & modeling (1),race,Other,policy_general,77.4889542976754
Measurement & modeling (1),education,Less than high school,policy_general,76.3894500001479
Measurement & modeling (1),education,High school diploma / GED,policy_general,74.2698550816753
Measurement & modeling (1),education,Some college or Associate's degree,policy_general,76.1434696086924
Measurement & modeling (1),education,Bachelor's degree,policy_general,76.2239620472367
Measurement & modeling (1),education,Master's degree / Professional degree,policy_general,76.4258247939871
Measurement & modeling (1),education,Doctorate degree / Ph.D.,policy_general,77.5269722807905
Measurement & modeling (1),income,"Less than $30,000",policy_general,76.9892540836615
Measurement & modeling (1),income,"$30,000 to $55,999",policy_general,76.9720033113136
Measurement & modeling (1),income,"$56,000 to $99,999",policy_general,75.9242382256655
Measurement & modeling (1),income,"$100,000 to $167,999",policy_general,74.7174295813373
Measurement & modeling (1),income,"$168,000 or more",policy_general,77.2678446626897
Measurement & modeling (1),party,Republican,policy_general,65.6747746363896
Measurement & modeling (1),party,Democrat,policy_general,83.9351927185721
Measurement & modeling (1),party,Independent,policy_general,74.811374888904
Measurement & modeling (1),party,Other,policy_general,75.8785510508658
Measurement & modeling (1),gender,Male,policy_specific_mean,72.0104936626374
Measurement & modeling (1),gender,Female,policy_specific_mean,73.4957823738281
Measurement & modeling (1),gender,Other,policy_specific_mean,72.7674124282149
Measurement & modeling (1),age_band,18-29,policy_specific_mean,74.2125164912824
Measurement & modeling (1),age_band,30-44,policy_specific_mean,75.3642176943667
Measurement & modeling (1),age_band,45-59,policy_specific_mean,71.2553835577292
Measurement & modeling (1),age_band,60+,policy_specific_mean,70.7559794885321
Measurement & modeling (1),race,White / Caucasian,policy_specific_mean,72.0722149003875
Measurement & modeling (1),race,Black / African American,policy_specific_mean,74.1450228947808
Measurement & modeling (1),race,Hispanic / Latino,policy_specific_mean,73.7358233614727
Measurement & modeling (1),race,Asian / Asian American,policy_specific_mean,73.3959672763309
Measurement & modeling (1),race,Other,policy_specific_mean,73.9226047874054
Measurement & modeling (1),education,Less than high school,policy_specific_mean,72.6567536437586
Measurement & modeling (1),education,High school diploma / GED,policy_specific_mean,71.5652154142679
Measurement & modeling (1),education,Some college or Associate's degree,policy_specific_mean,72.9042478430136
Measurement & modeling (1),education,Bachelor's degree,policy_specific_mean,72.8251859216667
Measurement & modeling (1),education,Master's degree / Professional degree,policy_specific_mean,72.9534577604252
Measurement & modeling (1),education,Doctorate degree / Ph.D.,policy_specific_mean,73.5026000533959
Measurement & modeling (1),income,"Less than $30,000",policy_specific_mean,73.3152611046995
Measurement & modeling (1),income,"$30,000 to $55,999",policy_specific_mean,73.3207802025106
Measurement & modeling (1),income,"$56,000 to $99,999",policy_specific_mean,72.7221253117531
Measurement & modeling (1),income,"$100,000 to $167,999",policy_specific_mean,71.7845815573906
Measurement & modeling (1),income,"$168,000 or more",policy_specific_mean,73.6206953873346
Measurement & modeling (1),party,Republican,policy_specific_mean,65.9294567025724
Measurement & modeling (1),party,Democrat,policy_specific_mean,77.8344654497058
Measurement & modeling (1),party,Independent,policy_specific_mean,72.0217566785971
Measurement & modeling (1),party,Other,policy_specific_mean,72.7597358965495
Measurement & modeling (1),gender,Male,behavior_mean,38.3282658325276
Measurement & modeling (1),gender,Female,behavior_mean,43.8866221014029
Measurement & modeling (1),gender,Other,behavior_mean,41.1608627101435
Measurement & modeling (1),age_band,18-29,behavior_mean,42.159724035548
Measurement & modeling (1),age_band,30-44,behavior_mean,43.3222873670131
Measurement & modeling (1),age_band,45-59,behavior_mean,39.7018374933536
Measurement & modeling (1),age_band,60+,behavior_mean,39.7683851385843
Measurement & modeling (1),race,White / Caucasian,behavior_mean,40.1701513061058
Measurement & modeling (1),race,Black / African American,behavior_mean,43.0632079896716
Measurement & modeling (1),race,Hispanic / Latino,behavior_mean,41.5992625748606
Measurement & modeling (1),race,Asian / Asian American,behavior_mean,43.3211506081728
Measurement & modeling (1),race,Other,behavior_mean,46.2392462598172
Measurement & modeling (1),education,Less than high school,behavior_mean,35.211810684598
Measurement & modeling (1),education,High school diploma / GED,behavior_mean,37.7714906734671
Measurement & modeling (1),education,Some college or Associate's degree,behavior_mean,40.3211232302697
Measurement & modeling (1),education,Bachelor's degree,behavior_mean,42.3823889581289
Measurement & modeling (1),education,Master's degree / Professional degree,behavior_mean,44.8298735464038
Measurement & modeling (1),education,Doctorate degree / Ph.D.,behavior_mean,42.6074116862147
Measurement & modeling (1),income,"Less than $30,000",behavior_mean,39.7260718789275
Measurement & modeling (1),income,"$30,000 to $55,999",behavior_mean,40.8025592962174
Measurement & modeling (1),income,"$56,000 to $99,999",behavior_mean,41.6757394702558
Measurement & modeling (1),income,"$100,000 to $167,999",behavior_mean,41.1631471059431
Measurement & modeling (1),income,"$168,000 or more",behavior_mean,43.3724449833928
Measurement & modeling (1),party,Republican,behavior_mean,30.9015050107639
Measurement & modeling (1),party,Democrat,behavior_mean,48.0711033342717
Measurement & modeling (1),party,Independent,behavior_mean,40.6592480920417
Measurement & modeling (1),party,Other,behavior_mean,45.1179052549946
Measurement & modeling (1),gender,Male,donation_ams,2.47179766676354
Measurement & modeling (1),gender,Female,donation_ams,2.88403426258788
Measurement & modeling (1),gender,Other,donation_ams,2.68187777636531
Measurement & modeling (1),age_band,18-29,donation_ams,2.53892341648827
Measurement & modeling (1),age_band,30-44,donation_ams,2.72453033741649
Measurement & modeling (1),age_band,45-59,donation_ams,2.5706503251219
Measurement & modeling (1),age_band,60+,donation_ams,2.82165612688968
Measurement & modeling (1),race,White / Caucasian,donation_ams,2.69929408316533
Measurement & modeling (1),race,Black / African American,donation_ams,2.61263768595825
Measurement & modeling (1),race,Hispanic / Latino,donation_ams,2.59366679446709
Measurement & modeling (1),race,Asian / Asian American,donation_ams,2.67576809817806
Measurement & modeling (1),race,Other,donation_ams,3.20969491634839
Measurement & modeling (1),education,Less than high school,donation_ams,1.74936736070589
Measurement & modeling (1),education,High school diploma / GED,donation_ams,2.14487682214547
Measurement & modeling (1),education,Some college or Associate's degree,donation_ams,2.58619492142282
Measurement & modeling (1),education,Bachelor's degree,donation_ams,2.79821199592867
Measurement & modeling (1),education,Master's degree / Professional degree,donation_ams,3.36587029254521
Measurement & modeling (1),education,Doctorate degree / Ph.D.,donation_ams,3.02196284223559
Measurement & modeling (1),income,"Less than $30,000",donation_ams,2.05316476521676
Measurement & modeling (1),income,"$30,000 to $55,999",donation_ams,2.50445109416953
Measurement & modeling (1),income,"$56,000 to $99,999",donation_ams,2.88041265804278
Measurement & modeling (1),income,"$100,000 to $167,999",donation_ams,2.88195447310288
Measurement & modeling (1),income,"$168,000 or more",donation_ams,3.06905451860986
Measurement & modeling (1),party,Republican,donation_ams,1.84496529114434
Measurement & modeling (1),party,Democrat,donation_ams,3.24695408318197
Measurement & modeling (1),party,Independent,donation_ams,2.64668207130493
Measurement & modeling (1),party,Other,donation_ams,2.92568185628815
Measurement & modeling (1),gender,Male,newsletter_signup,0.0193953543171819
Measurement & modeling (1),gender,Female,newsletter_signup,0.0185086149332799
Measurement & modeling (1),gender,Other,newsletter_signup,0.0189434625908158
Measurement & modeling (1),age_band,18-29,newsletter_signup,0.0202010956627238
Measurement & modeling (1),age_band,30-44,newsletter_signup,0.0218305751431024
Measurement & modeling (1),age_band,45-59,newsletter_signup,0.0164387686610668
Measurement & modeling (1),age_band,60+,newsletter_signup,0.0175454331885974
Measurement & modeling (1),race,White / Caucasian,newsletter_signup,0.0186679224926949
Measurement & modeling (1),race,Black / African American,newsletter_signup,0.0194407432806375
Measurement & modeling (1),race,Hispanic / Latino,newsletter_signup,0.0184786883946161
Measurement & modeling (1),race,Asian / Asian American,newsletter_signup,0.0199417659081307
Measurement & modeling (1),race,Other,newsletter_signup,0.023419835259585
Measurement & modeling (1),education,Less than high school,newsletter_signup,0.0200283469018494
Measurement & modeling (1),education,High school diploma / GED,newsletter_signup,0.0171353637600054
Measurement & modeling (1),education,Some college or Associate's degree,newsletter_signup,0.0194682997134833
Measurement & modeling (1),education,Bachelor's degree,newsletter_signup,0.0189132605916196
Measurement & modeling (1),education,Master's degree / Professional degree,newsletter_signup,0.0195684042984319
Measurement & modeling (1),education,Doctorate degree / Ph.D.,newsletter_signup,0.0192510590215962
Measurement & modeling (1),income,"Less than $30,000",newsletter_signup,0.0199203438387874
Measurement & modeling (1),income,"$30,000 to $55,999",newsletter_signup,0.020129574325458
Measurement & modeling (1),income,"$56,000 to $99,999",newsletter_signup,0.0191331371980171
Measurement & modeling (1),income,"$100,000 to $167,999",newsletter_signup,0.0169248956994889
Measurement & modeling (1),income,"$168,000 or more",newsletter_signup,0.0192139844501395
Measurement & modeling (1),party,Republican,newsletter_signup,0.0100038776534734
Measurement & modeling (1),party,Democrat,newsletter_signup,0.0242430689698036
Measurement & modeling (1),party,Independent,newsletter_signup,0.0199412613687427
Measurement & modeling (1),party,Other,newsletter_signup,0.0184231933241513
Former skeptics,gender,Male,trust_multidimensional,77.5073775075243
Former skeptics,gender,Female,trust_multidimensional,79.4881290889831
Former skeptics,gender,Other,trust_multidimensional,78.5167893684356
Former skeptics,age_band,18-29,trust_multidimensional,78.4676674418593
Former skeptics,age_band,30-44,trust_multidimensional,79.5981179286008
Former skeptics,age_band,45-59,trust_multidimensional,77.5860972218693
Former skeptics,age_band,60+,trust_multidimensional,78.3271283503411
Former skeptics,race,White / Caucasian,trust_multidimensional,78.2688169265181
Former skeptics,race,Black / African American,trust_multidimensional,79.2694063837453
Former skeptics,race,Hispanic / Latino,trust_multidimensional,78.060582406235
Former skeptics,race,Asian / Asian American,trust_multidimensional,80.0621791153717
Former skeptics,race,Other,trust_multidimensional,79.8458210955886
Former skeptics,education,Less than high school,trust_multidimensional,73.4228561296699
Former skeptics,education,High school diploma / GED,trust_multidimensional,76.4059795663382
Former skeptics,education,Some college or Associate's degree,trust_multidimensional,77.8874647235959
Former skeptics,education,Bachelor's degree,trust_multidimensional,79.3046225688514
Former skeptics,education,Master's degree / Professional degree,trust_multidimensional,80.3093976396289
Former skeptics,education,Doctorate degree / Ph.D.,trust_multidimensional,79.9293593714056
Former skeptics,income,"Less than $30,000",trust_multidimensional,77.7723826298294
Former skeptics,income,"$30,000 to $55,999",trust_multidimensional,78.3523196526788
Former skeptics,income,"$56,000 to $99,999",trust_multidimensional,78.7315663955916
Former skeptics,income,"$100,000 to $167,999",trust_multidimensional,78.7157177761675
Former skeptics,income,"$168,000 or more",trust_multidimensional,79.1033451233984
Former skeptics,party,Republican,trust_multidimensional,73.2127325397242
Former skeptics,party,Democrat,trust_multidimensional,82.0963932689019
Former skeptics,party,Independent,trust_multidimensional,78.3115136058
Former skeptics,party,Other,trust_multidimensional,79.904332664542
Former skeptics,gender,Male,trust_post,77.2326181186296
Former skeptics,gender,Female,trust_post,80.182722922812
Former skeptics,gender,Other,trust_post,78.7360225879976
Former skeptics,age_band,18-29,trust_post,78.505694806496
Former skeptics,age_band,30-44,trust_post,80.2578968861769
Former skeptics,age_band,45-59,trust_post,77.3461289268793
Former skeptics,age_band,60+,trust_post,78.6336018927358
Former skeptics,race,White / Caucasian,trust_post,78.2441058672753
Former skeptics,race,Black / African American,trust_post,80.0373839300185
Former skeptics,race,Hispanic / Latino,trust_post,78.3252840316228
Former skeptics,race,Asian / Asian American,trust_post,81.1236225684488
Former skeptics,race,Other,trust_post,80.6112960825401
Former skeptics,education,Less than high school,trust_post,70.1528945967931
Former skeptics,education,High school diploma / GED,trust_post,75.5349881991257
Former skeptics,education,Some college or Associate's degree,trust_post,77.577488611754
Former skeptics,education,Bachelor's degree,trust_post,80.0430962246368
Former skeptics,education,Master's degree / Professional degree,trust_post,81.6371767703465
Former skeptics,education,Doctorate degree / Ph.D.,trust_post,81.1148764404625
Former skeptics,income,"Less than $30,000",trust_post,77.2119896722504
Former skeptics,income,"$30,000 to $55,999",trust_post,78.2220791831814
Former skeptics,income,"$56,000 to $99,999",trust_post,79.0206179487198
Former skeptics,income,"$100,000 to $167,999",trust_post,79.4974246135123
Former skeptics,income,"$168,000 or more",trust_post,80.03771719781
Former skeptics,party,Republican,trust_post,71.2683294698709
Former skeptics,party,Democrat,trust_post,84.3951944554664
Former skeptics,party,Independent,trust_post,77.6291907704293
Former skeptics,party,Other,trust_post,79.8584190299284
Former skeptics,gender,Male,distrust_post,23.3900968060256
Former skeptics,gender,Female,distrust_post,20.7568648861932
Former skeptics,gender,Other,distrust_post,22.0481740948236
Former skeptics,age_band,18-29,distrust_post,22.2055595237148
Former skeptics,age_band,30-44,distrust_post,20.689605684459
Former skeptics,age_band,45-59,distrust_post,23.031338773852
Former skeptics,age_band,60+,distrust_post,22.3620074849052
Former skeptics,race,White / Caucasian,distrust_post,22.5971055621884
Former skeptics,race,Black / African American,distrust_post,20.9133415126056
Former skeptics,race,Hispanic / Latino,distrust_post,22.1968215526757
Former skeptics,race,Asian / Asian American,distrust_post,19.5495184885164
Former skeptics,race,Other,distrust_post,20.1782545844586
Former skeptics,education,Less than high school,distrust_post,28.5853644596658
Former skeptics,education,High school diploma / GED,distrust_post,24.8859134909985
Former skeptics,education,Some college or Associate's degree,distrust_post,23.0099475893838
Former skeptics,education,Bachelor's degree,distrust_post,20.8739128373611
Former skeptics,education,Master's degree / Professional degree,distrust_post,19.7886694111944
Former skeptics,education,Doctorate degree / Ph.D.,distrust_post,20.1511833050566
Former skeptics,income,"Less than $30,000",distrust_post,23.3564518571898
Former skeptics,income,"$30,000 to $55,999",distrust_post,22.2293086334486
Former skeptics,income,"$56,000 to $99,999",distrust_post,21.9392535983463
Former skeptics,income,"$100,000 to $167,999",distrust_post,21.3971770305297
Former skeptics,income,"$168,000 or more",distrust_post,20.9573717959528
Former skeptics,party,Republican,distrust_post,29.1148500531026
Former skeptics,party,Democrat,distrust_post,17.0481363939728
Former skeptics,party,Independent,distrust_post,22.5795019655923
Former skeptics,party,Other,distrust_post,20.9909177550797
Former skeptics,gender,Male,funding_perceptions,43.8932153909162
Former skeptics,gender,Female,funding_perceptions,41.3741875888166
Former skeptics,gender,Other,funding_perceptions,42.6094923005468
Former skeptics,age_band,18-29,funding_perceptions,42.0323740492392
Former skeptics,age_band,30-44,funding_perceptions,40.3927040340356
Former skeptics,age_band,45-59,funding_perceptions,44.4456524516809
Former skeptics,age_band,60+,funding_perceptions,43.4938747031196
Former skeptics,race,White / Caucasian,funding_perceptions,43.7836488120944
Former skeptics,race,Black / African American,funding_perceptions,40.1670195487011
Former skeptics,race,Hispanic / Latino,funding_perceptions,41.4149654649904
Former skeptics,race,Asian / Asian American,funding_perceptions,40.4089425213163
Former skeptics,race,Other,funding_perceptions,41.03384316626
Former skeptics,education,Less than high school,funding_perceptions,49.3712166340497
Former skeptics,education,High school diploma / GED,funding_perceptions,42.6912432192357
Former skeptics,education,Some college or Associate's degree,funding_perceptions,43.1113457528815
Former skeptics,education,Bachelor's degree,funding_perceptions,41.8427649371834
Former skeptics,education,Master's degree / Professional degree,funding_perceptions,44.0119668925602
Former skeptics,education,Doctorate degree / Ph.D.,funding_perceptions,42.621828506406
Former skeptics,income,"Less than $30,000",funding_perceptions,42.0476963372406
Former skeptics,income,"$30,000 to $55,999",funding_perceptions,42.2165167032427
Former skeptics,income,"$56,000 to $99,999",funding_perceptions,42.119463373862
Former skeptics,income,"$100,000 to $167,999",funding_perceptions,44.1126344601186
Former skeptics,income,"$168,000 or more",funding_perceptions,42.4314561857485
Former skeptics,party,Republican,funding_perceptions,52.5518863551807
Former skeptics,party,Democrat,funding_perceptions,35.3799216686991
Former skeptics,party,Independent,funding_perceptions,43.74782974295
Former skeptics,party,Other,funding_perceptions,40.0153781902895
Former skeptics,gender,Male,policy_role_mean,74.9424066927072
Former skeptics,gender,Female,policy_role_mean,77.0489139731835
Former skeptics,gender,Other,policy_role_mean,76.0159049818983
Former skeptics,age_band,18-29,policy_role_mean,76.4912424626968
Former skeptics,age_band,30-44,policy_role_mean,77.9700337366313
Former skeptics,age_band,45-59,policy_role_mean,74.3777677018836
Former skeptics,age_band,60+,policy_role_mean,75.2725880099882
Former skeptics,race,White / Caucasian,policy_role_mean,75.3765387393339
Former skeptics,race,Black / African American,policy_role_mean,77.9355036284122
Former skeptics,race,Hispanic / Latino,policy_role_mean,75.6785971325582
Former skeptics,race,Asian / Asian American,policy_role_mean,78.2663079124737
Former skeptics,race,Other,policy_role_mean,78.2058534275344
Former skeptics,education,Less than high school,policy_role_mean,71.888065886492
Former skeptics,education,High school diploma / GED,policy_role_mean,74.2674791835769
Former skeptics,education,Some college or Associate's degree,policy_role_mean,75.5738722693323
Former skeptics,education,Bachelor's degree,policy_role_mean,76.7106720223208
Former skeptics,education,Master's degree / Professional degree,policy_role_mean,77.3453262428294
Former skeptics,education,Doctorate degree / Ph.D.,policy_role_mean,76.8465500269573
Former skeptics,income,"Less than $30,000",policy_role_mean,75.9458206510707
Former skeptics,income,"$30,000 to $55,999",policy_role_mean,76.1655678165136
Former skeptics,income,"$56,000 to $99,999",policy_role_mean,76.2537699369635
Former skeptics,income,"$100,000 to $167,999",policy_role_mean,75.4840455558762
Former skeptics,income,"$168,000 or more",policy_role_mean,76.4314644226707
Former skeptics,party,Republican,policy_role_mean,67.553811602521
Former skeptics,party,Democrat,policy_role_mean,81.5801017132731
Former skeptics,party,Independent,policy_role_mean,75.9281359972374
Former skeptics,party,Other,policy_role_mean,77.9550743841124
Former skeptics,gender,Male,inst_trust_mean,69.2466453487747
Former skeptics,gender,Female,inst_trust_mean,71.7491365802188
Former skeptics,gender,Other,inst_trust_mean,70.5219412286273
Former skeptics,age_band,18-29,inst_trust_mean,70.7118477358598
Former skeptics,age_band,30-44,inst_trust_mean,72.1764868755563
Former skeptics,age_band,45-59,inst_trust_mean,69.182945296452
Former skeptics,age_band,60+,inst_trust_mean,69.9957114780708
Former skeptics,race,White / Caucasian,inst_trust_mean,69.9291398637967
Former skeptics,race,Black / African American,inst_trust_mean,71.7866454003205
Former skeptics,race,Hispanic / Latino,inst_trust_mean,70.372459314379
Former skeptics,race,Asian / Asian American,inst_trust_mean,73.0926842245041
Former skeptics,race,Other,inst_trust_mean,72.6033978462303
Former skeptics,education,Less than high school,inst_trust_mean,63.7742855139112
Former skeptics,education,High school diploma / GED,inst_trust_mean,67.5602564343879
Former skeptics,education,Some college or Associate's degree,inst_trust_mean,69.6063961440817
Former skeptics,education,Bachelor's degree,inst_trust_mean,71.6821206016406
Former skeptics,education,Master's degree / Professional degree,inst_trust_mean,72.5440076158022
Former skeptics,education,Doctorate degree / Ph.D.,inst_trust_mean,72.5722849193356
Former skeptics,income,"Less than $30,000",inst_trust_mean,69.0228953122257
Former skeptics,income,"$30,000 to $55,999",inst_trust_mean,70.3321308799033
Former skeptics,income,"$56,000 to $99,999",inst_trust_mean,70.8713702440004
Former skeptics,income,"$100,000 to $167,999",inst_trust_mean,70.9066204210086
Former skeptics,income,"$168,000 or more",inst_trust_mean,71.8067967373523
Former skeptics,party,Republican,inst_trust_mean,62.429725569766
Former skeptics,party,Democrat,inst_trust_mean,76.006606330553
Former skeptics,party,Independent,inst_trust_mean,70.2993935848415
Former skeptics,party,Other,inst_trust_mean,71.3627925993075
Former skeptics,gender,Male,belief_post,88.3450216332057
Former skeptics,gender,Female,belief_post,90.5689083098713
Former skeptics,gender,Other,belief_post,89.4783376985628
Former skeptics,age_band,18-29,belief_post,89.5868952025055
Former skeptics,age_band,30-44,belief_post,91.371264250764
Former skeptics,age_band,45-59,belief_post,88.4590781996008
Former skeptics,age_band,60+,belief_post,88.5672364796127
Former skeptics,race,White / Caucasian,belief_post,88.8805352415657
Former skeptics,race,Black / African American,belief_post,90.6278811826802
Former skeptics,race,Hispanic / Latino,belief_post,89.2832306512553
Former skeptics,race,Asian / Asian American,belief_post,92.4037759224122
Former skeptics,race,Other,belief_post,91.6244154950526
Former skeptics,education,Less than high school,belief_post,82.7009137911759
Former skeptics,education,High school diploma / GED,belief_post,86.5805525740019
Former skeptics,education,Some college or Associate's degree,belief_post,88.3220273195695
Former skeptics,education,Bachelor's degree,belief_post,90.8881999497084
Former skeptics,education,Master's degree / Professional degree,belief_post,91.8840790313788
Former skeptics,education,Doctorate degree / Ph.D.,belief_post,91.201400361397
Former skeptics,income,"Less than $30,000",belief_post,88.304962510304
Former skeptics,income,"$30,000 to $55,999",belief_post,89.0179210695569
Former skeptics,income,"$56,000 to $99,999",belief_post,89.8469103890039
Former skeptics,income,"$100,000 to $167,999",belief_post,89.7426852441011
Former skeptics,income,"$168,000 or more",belief_post,91.0963596573066
Former skeptics,party,Republican,belief_post,81.9312203576675
Former skeptics,party,Democrat,belief_post,94.7189658203993
Former skeptics,party,Independent,belief_post,89.0524538659395
Former skeptics,party,Other,belief_post,90.634364625317
Former skeptics,gender,Male,concern_mean,71.2494481138137
Former skeptics,gender,Female,concern_mean,76.7053322149016
Former skeptics,gender,Other,concern_mean,74.029824095813
Former skeptics,age_band,18-29,concern_mean,74.5926739645195
Former skeptics,age_band,30-44,concern_mean,76.960823391411
Former skeptics,age_band,45-59,concern_mean,71.9689047112717
Former skeptics,age_band,60+,concern_mean,72.7192605702372
Former skeptics,race,White / Caucasian,concern_mean,72.7780309547283
Former skeptics,race,Black / African American,concern_mean,77.2168035720969
Former skeptics,race,Hispanic / Latino,concern_mean,74.2373271265245
Former skeptics,race,Asian / Asian American,concern_mean,77.3177285447555
Former skeptics,race,Other,concern_mean,77.8593627842881
Former skeptics,education,Less than high school,concern_mean,65.9168479369414
Former skeptics,education,High school diploma / GED,concern_mean,71.268544648443
Former skeptics,education,Some college or Associate's degree,concern_mean,73.4141471747404
Former skeptics,education,Bachelor's degree,concern_mean,75.0990778991414
Former skeptics,education,Master's degree / Professional degree,concern_mean,75.6372415212185
Former skeptics,education,Doctorate degree / Ph.D.,concern_mean,75.470959870739
Former skeptics,income,"Less than $30,000",concern_mean,74.1556631552514
Former skeptics,income,"$30,000 to $55,999",concern_mean,74.2008467805523
Former skeptics,income,"$56,000 to $99,999",concern_mean,74.330601438521
Former skeptics,income,"$100,000 to $167,999",concern_mean,73.2671553150886
Former skeptics,income,"$168,000 or more",concern_mean,74.3591209964793
Former skeptics,party,Republican,concern_mean,61.1250883830174
Former skeptics,party,Democrat,concern_mean,83.1301303459747
Former skeptics,party,Independent,concern_mean,72.9737563646274
Former skeptics,party,Other,concern_mean,77.2921073020029
Former skeptics,gender,Male,policy_general,75.9903982992001
Former skeptics,gender,Female,policy_general,77.9805154106725
Former skeptics,gender,Other,policy_general,77.0045829328144
Former skeptics,age_band,18-29,policy_general,78.9126063054215
Former skeptics,age_band,30-44,policy_general,80.3762969244681
Former skeptics,age_band,45-59,policy_general,75.0895422560347
Former skeptics,age_band,60+,policy_general,74.3365219018958
Former skeptics,race,White / Caucasian,policy_general,76.0891658478287
Former skeptics,race,Black / African American,policy_general,78.9121001605249
Former skeptics,race,Hispanic / Latino,policy_general,78.2565215152788
Former skeptics,race,Asian / Asian American,policy_general,77.8167743246989
Former skeptics,race,Other,policy_general,78.2971404122122
Former skeptics,education,Less than high school,policy_general,77.0695293793417
Former skeptics,education,High school diploma / GED,policy_general,75.5567104595719
Former skeptics,education,Some college or Associate's degree,policy_general,77.1932687681573
Former skeptics,education,Bachelor's degree,policy_general,76.9869570427605
Former skeptics,education,Master's degree / Professional degree,policy_general,77.3977821012424
Former skeptics,education,Doctorate degree / Ph.D.,policy_general,78.0399270114345
Former skeptics,income,"Less than $30,000",policy_general,77.7733335381171
Former skeptics,income,"$30,000 to $55,999",policy_general,77.8000888399683
Former skeptics,income,"$56,000 to $99,999",policy_general,76.9308614462842
Former skeptics,income,"$100,000 to $167,999",policy_general,75.659006453065
Former skeptics,income,"$168,000 or more",policy_general,78.0630164465821
Former skeptics,party,Republican,policy_general,68.2646607528462
Former skeptics,party,Democrat,policy_general,83.5194608595567
Former skeptics,party,Independent,policy_general,76.001038847218
Former skeptics,party,Other,policy_general,76.9405290577974
Former skeptics,gender,Male,policy_specific_mean,72.0007146781522
Former skeptics,gender,Female,policy_specific_mean,73.3189017039728
Former skeptics,gender,Other,policy_specific_mean,72.6724766654796
Former skeptics,age_band,18-29,policy_specific_mean,73.8560639707394
Former skeptics,age_band,30-44,policy_specific_mean,74.9821425253572
Former skeptics,age_band,45-59,policy_specific_mean,71.3986398057037
Former skeptics,age_band,60+,policy_specific_mean,70.8972123987414
Former skeptics,race,White / Caucasian,policy_specific_mean,72.0305579941153
Former skeptics,race,Black / African American,policy_specific_mean,74.0188996860303
Former skeptics,race,Hispanic / Latino,policy_specific_mean,73.5521270700638
Former skeptics,race,Asian / Asian American,policy_specific_mean,73.1570359351772
Former skeptics,race,Other,policy_specific_mean,73.7350462572478
Former skeptics,education,Less than high school,policy_specific_mean,72.5331310209796
Former skeptics,education,High school diploma / GED,policy_specific_mean,71.5683262995117
Former skeptics,education,Some college or Associate's degree,policy_specific_mean,72.799640055809
Former skeptics,education,Bachelor's degree,policy_specific_mean,72.707245485427
Former skeptics,education,Master's degree / Professional degree,policy_specific_mean,72.9421753102036
Former skeptics,education,Doctorate degree / Ph.D.,policy_specific_mean,73.371937746065
Former skeptics,income,"Less than $30,000",policy_specific_mean,73.0867890817329
Former skeptics,income,"$30,000 to $55,999",policy_specific_mean,73.1420850543224
Former skeptics,income,"$56,000 to $99,999",policy_specific_mean,72.6353625289628
Former skeptics,income,"$100,000 to $167,999",policy_specific_mean,71.8606805309779
Former skeptics,income,"$168,000 or more",policy_specific_mean,73.4451161739207
Former skeptics,party,Republican,policy_specific_mean,66.7295823277401
Former skeptics,party,Democrat,policy_specific_mean,77.0989015986317
Former skeptics,party,Independent,policy_specific_mean,72.0063751414419
Former skeptics,party,Other,policy_specific_mean,72.5142589348006
Former skeptics,gender,Male,behavior_mean,38.0746424828348
Former skeptics,gender,Female,behavior_mean,43.5981687679671
Former skeptics,gender,Other,behavior_mean,40.8894896340162
Former skeptics,age_band,18-29,behavior_mean,42.3057791718092
Former skeptics,age_band,30-44,behavior_mean,42.807784359913
Former skeptics,age_band,45-59,behavior_mean,39.2244628091698
Former skeptics,age_band,60+,behavior_mean,39.5822633051063
Former skeptics,race,White / Caucasian,behavior_mean,39.9884330439957
Former skeptics,race,Black / African American,behavior_mean,43.2374234254317
Former skeptics,race,Hispanic / Latino,behavior_mean,40.7591009065928
Former skeptics,race,Asian / Asian American,behavior_mean,43.4474088321586
Former skeptics,race,Other,behavior_mean,44.7922460174718
Former skeptics,education,Less than high school,behavior_mean,34.1644458253485
Former skeptics,education,High school diploma / GED,behavior_mean,37.4285254154348
Former skeptics,education,Some college or Associate's degree,behavior_mean,40.3608067810847
Former skeptics,education,Bachelor's degree,behavior_mean,41.9639434972325
Former skeptics,education,Master's degree / Professional degree,behavior_mean,43.602179204374
Former skeptics,education,Doctorate degree / Ph.D.,behavior_mean,42.3674043825462
Former skeptics,income,"Less than $30,000",behavior_mean,39.3435153911525
Former skeptics,income,"$30,000 to $55,999",behavior_mean,40.553530029225
Former skeptics,income,"$56,000 to $99,999",behavior_mean,41.5892799676351
Former skeptics,income,"$100,000 to $167,999",behavior_mean,40.837892212751
Former skeptics,income,"$168,000 or more",behavior_mean,42.4285958063575
Former skeptics,party,Republican,behavior_mean,31.8258605875668
Former skeptics,party,Democrat,behavior_mean,47.5527582022645
Former skeptics,party,Independent,behavior_mean,39.7248647436864
Former skeptics,party,Other,behavior_mean,43.4735199704191
Former skeptics,gender,Male,donation_ams,2.65755661651412
Former skeptics,gender,Female,donation_ams,3.12470537291009
Former skeptics,gender,Other,donation_ams,2.89562054130409
Former skeptics,age_band,18-29,donation_ams,2.80554512013975
Former skeptics,age_band,30-44,donation_ams,2.86253755042547
Former skeptics,age_band,45-59,donation_ams,2.7615355200985
Former skeptics,age_band,60+,donation_ams,3.08168009916368
Former skeptics,race,White / Caucasian,donation_ams,2.9231253923265
Former skeptics,race,Black / African American,donation_ams,2.87735552589034
Former skeptics,race,Hispanic / Latino,donation_ams,2.73357627520745
Former skeptics,race,Asian / Asian American,donation_ams,2.99674063148846
Former skeptics,race,Other,donation_ams,3.20005127244425
Former skeptics,education,Less than high school,donation_ams,1.90290007511071
Former skeptics,education,High school diploma / GED,donation_ams,2.39350350798063
Former skeptics,education,Some college or Associate's degree,donation_ams,2.77733725198869
Former skeptics,education,Bachelor's degree,donation_ams,3.02414211199641
Former skeptics,education,Master's degree / Professional degree,donation_ams,3.43845908104767
Former skeptics,education,Doctorate degree / Ph.D.,donation_ams,3.27895324150299
Former skeptics,income,"Less than $30,000",donation_ams,2.1661259651102
Former skeptics,income,"$30,000 to $55,999",donation_ams,2.7250981743804
Former skeptics,income,"$56,000 to $99,999",donation_ams,3.06287047795238
Former skeptics,income,"$100,000 to $167,999",donation_ams,3.20576214609355
Former skeptics,income,"$168,000 or more",donation_ams,3.29589538814453
Former skeptics,party,Republican,donation_ams,2.20561345315074
Former skeptics,party,Democrat,donation_ams,3.44221318752811
Former skeptics,party,Independent,donation_ams,2.76090194199627
Former skeptics,party,Other,donation_ams,2.97948880733444
Former skeptics,gender,Male,newsletter_signup,0.0141066926444834
Former skeptics,gender,Female,newsletter_signup,0.016006895049287
Former skeptics,gender,Other,newsletter_signup,0.0150750557968825
Former skeptics,age_band,18-29,newsletter_signup,0.0164060326021192
Former skeptics,age_band,30-44,newsletter_signup,0.0168139296790999
Former skeptics,age_band,45-59,newsletter_signup,0.0134725384302736
Former skeptics,age_band,60+,newsletter_signup,0.0139284237009141
Former skeptics,race,White / Caucasian,newsletter_signup,0.0148696791451971
Former skeptics,race,Black / African American,newsletter_signup,0.015891850209499
Former skeptics,race,Hispanic / Latino,newsletter_signup,0.0150099618897062
Former skeptics,race,Asian / Asian American,newsletter_signup,0.0158925700087023
Former skeptics,race,Other,newsletter_signup,0.0143605366943807
Former skeptics,education,Less than high school,newsletter_signup,0.0130184687952841
Former skeptics,education,High school diploma / GED,newsletter_signup,0.0144091894691815
Former skeptics,education,Some college or Associate's degree,newsletter_signup,0.0150501033256782
Former skeptics,education,Bachelor's degree,newsletter_signup,0.0150108383096784
Former skeptics,education,Master's degree / Professional degree,newsletter_signup,0.0153222897777262
Former skeptics,education,Doctorate degree / Ph.D.,newsletter_signup,0.0162055156792169
Former skeptics,income,"Less than $30,000",newsletter_signup,0.0154573520849213
Former skeptics,income,"$30,000 to $55,999",newsletter_signup,0.0151528713724571
Former skeptics,income,"$56,000 to $99,999",newsletter_signup,0.0150617066212225
Former skeptics,income,"$100,000 to $167,999",newsletter_signup,0.0141803622671964
Former skeptics,income,"$168,000 or more",newsletter_signup,0.0174536292466366
Former skeptics,party,Republican,newsletter_signup,0.0103025156483722
Former skeptics,party,Democrat,newsletter_signup,0.019249544481749
Former skeptics,party,Independent,newsletter_signup,0.013847463294132
Former skeptics,party,Other,newsletter_signup,0.0128289287351185
High public trust,gender,Male,trust_multidimensional,78.4436938266224
High public trust,gender,Female,trust_multidimensional,80.6607788554685
High public trust,gender,Other,trust_multidimensional,79.5735437006372
High public trust,age_band,18-29,trust_multidimensional,79.5246411680915
High public trust,age_band,30-44,trust_multidimensional,80.7682475183516
High public trust,age_band,45-59,trust_multidimensional,78.6904005277803
High public trust,age_band,60+,trust_multidimensional,79.2529174065614
High public trust,race,White / Caucasian,trust_multidimensional,79.111630138421
High public trust,race,Black / African American,trust_multidimensional,80.4374667879106
High public trust,race,Hispanic / Latino,trust_multidimensional,79.5760357827406
High public trust,race,Asian / Asian American,trust_multidimensional,81.2717175556061
High public trust,race,Other,trust_multidimensional,81.6972933777859
High public trust,education,Less than high school,trust_multidimensional,74.8404188811213
High public trust,education,High school diploma / GED,trust_multidimensional,77.1517001451388
High public trust,education,Some college or Associate's degree,trust_multidimensional,78.9819175306966
High public trust,education,Bachelor's degree,trust_multidimensional,80.6089570319426
High public trust,education,Master's degree / Professional degree,trust_multidimensional,81.1460342256604
High public trust,education,Doctorate degree / Ph.D.,trust_multidimensional,80.4425903311053
High public trust,income,"Less than $30,000",trust_multidimensional,78.7476078975128
High public trust,income,"$30,000 to $55,999",trust_multidimensional,79.4510646739725
High public trust,income,"$56,000 to $99,999",trust_multidimensional,79.7570594725347
High public trust,income,"$100,000 to $167,999",trust_multidimensional,79.7721018007158
High public trust,income,"$168,000 or more",trust_multidimensional,80.4524975057048
High public trust,party,Republican,trust_multidimensional,72.8749805208246
High public trust,party,Democrat,trust_multidimensional,83.687258357094
High public trust,party,Independent,trust_multidimensional,79.8875111900767
High public trust,party,Other,trust_multidimensional,81.5054657478179
High public trust,gender,Male,trust_post,75.0848088345287
High public trust,gender,Female,trust_post,78.5151774043977
High public trust,gender,Other,trust_post,76.8329607755069
High public trust,age_band,18-29,trust_post,76.3537022154326
High public trust,age_band,30-44,trust_post,78.9480229343191
High public trust,age_band,45-59,trust_post,75.2654586824706
High public trust,age_band,60+,trust_post,76.5245704267003
High public trust,race,White / Caucasian,trust_post,76.1175579534741
High public trust,race,Black / African American,trust_post,78.113370756753
High public trust,race,Hispanic / Latino,trust_post,76.5849285370739
High public trust,race,Asian / Asian American,trust_post,80.1425573604956
High public trust,race,Other,trust_post,80.3931208225085
High public trust,education,Less than high school,trust_post,68.5151903293865
High public trust,education,High school diploma / GED,trust_post,72.2519417656604
High public trust,education,Some college or Associate's degree,trust_post,75.7838435137226
High public trust,education,Bachelor's degree,trust_post,78.6147849320637
High public trust,education,Master's degree / Professional degree,trust_post,79.1673262716582
High public trust,education,Doctorate degree / Ph.D.,trust_post,79.0617555319396
High public trust,income,"Less than $30,000",trust_post,74.9016647574645
High public trust,income,"$30,000 to $55,999",trust_post,76.4951584290766
High public trust,income,"$56,000 to $99,999",trust_post,77.1568997027359
High public trust,income,"$100,000 to $167,999",trust_post,77.5231452383648
High public trust,income,"$168,000 or more",trust_post,78.7836698290316
High public trust,party,Republican,trust_post,65.3577595672273
High public trust,party,Democrat,trust_post,84.067596950607
High public trust,party,Independent,trust_post,77.1560619731652
High public trust,party,Other,trust_post,79.5547143055392
High public trust,gender,Male,distrust_post,24.1219440452859
High public trust,gender,Female,distrust_post,21.0767071766465
High public trust,gender,Other,distrust_post,22.5700592742411
High public trust,age_band,18-29,distrust_post,22.9590675407065
High public trust,age_band,30-44,distrust_post,20.7410945977404
High public trust,age_band,45-59,distrust_post,23.9650751634175
High public trust,age_band,60+,distrust_post,22.8240131977503
High public trust,race,White / Caucasian,distrust_post,23.2209723613885
High public trust,race,Black / African American,distrust_post,21.8163518874094
High public trust,race,Hispanic / Latino,distrust_post,22.4490686201828
High public trust,race,Asian / Asian American,distrust_post,19.5871837722914
High public trust,race,Other,distrust_post,19.7116025068036
High public trust,education,Less than high school,distrust_post,28.9028100878304
High public trust,education,High school diploma / GED,distrust_post,26.1312576855254
High public trust,education,Some college or Associate's degree,distrust_post,23.599668016292
High public trust,education,Bachelor's degree,distrust_post,21.0882604466625
High public trust,education,Master's degree / Professional degree,distrust_post,20.9355050198072
High public trust,education,Doctorate degree / Ph.D.,distrust_post,20.4482090421533
High public trust,income,"Less than $30,000",distrust_post,24.1029911252722
High public trust,income,"$30,000 to $55,999",distrust_post,22.844198345434
High public trust,income,"$56,000 to $99,999",distrust_post,22.2976177190441
High public trust,income,"$100,000 to $167,999",distrust_post,21.9756393837872
High public trust,income,"$168,000 or more",distrust_post,21.2878122259133
High public trust,party,Republican,distrust_post,32.2462294312773
High public trust,party,Democrat,distrust_post,16.503358495164
High public trust,party,Independent,distrust_post,22.3162700868437
High public trust,party,Other,distrust_post,19.5825676494498
High public trust,gender,Male,funding_perceptions,42.6178911139691
High public trust,gender,Female,funding_perceptions,41.9736632831349
High public trust,gender,Other,funding_perceptions,42.2895858284097
High public trust,age_band,18-29,funding_perceptions,41.4892546062792
High public trust,age_band,30-44,funding_perceptions,40.4051471126242
High public trust,age_band,45-59,funding_perceptions,44.5314499056959
High public trust,age_band,60+,funding_perceptions,42.7387356815687
High public trust,race,White / Caucasian,funding_perceptions,42.9729361331916
High public trust,race,Black / African American,funding_perceptions,40.4775580457288
High public trust,race,Hispanic / Latino,funding_perceptions,42.2945951445193
High public trust,race,Asian / Asian American,funding_perceptions,40.8015182075643
High public trust,race,Other,funding_perceptions,38.9905248174585
High public trust,education,Less than high school,funding_perceptions,46.2930365229022
High public trust,education,High school diploma / GED,funding_perceptions,42.8426613813883
High public trust,education,Some college or Associate's degree,funding_perceptions,43.0947243183724
High public trust,education,Bachelor's degree,funding_perceptions,41.2195144236215
High public trust,education,Master's degree / Professional degree,funding_perceptions,43.6821914015127
High public trust,education,Doctorate degree / Ph.D.,funding_perceptions,42.0358862550539
High public trust,income,"Less than $30,000",funding_perceptions,43.5424386116156
High public trust,income,"$30,000 to $55,999",funding_perceptions,40.8146921658247
High public trust,income,"$56,000 to $99,999",funding_perceptions,41.614547862024
High public trust,income,"$100,000 to $167,999",funding_perceptions,43.7688793529114
High public trust,income,"$168,000 or more",funding_perceptions,41.6818473935033
High public trust,party,Republican,funding_perceptions,52.4233031169971
High public trust,party,Democrat,funding_perceptions,35.1494523919203
High public trust,party,Independent,funding_perceptions,43.058010389336
High public trust,party,Other,funding_perceptions,40.2610402253025
High public trust,gender,Male,policy_role_mean,75.3478535558364
High public trust,gender,Female,policy_role_mean,78.1013685577696
High public trust,gender,Other,policy_role_mean,76.7510737921173
High public trust,age_band,18-29,policy_role_mean,77.227752792127
High public trust,age_band,30-44,policy_role_mean,79.018315618112
High public trust,age_band,45-59,policy_role_mean,75.0570419173857
High public trust,age_band,60+,policy_role_mean,75.7843528930561
High public trust,race,White / Caucasian,policy_role_mean,75.9128752069485
High public trust,race,Black / African American,policy_role_mean,78.8439382505337
High public trust,race,Hispanic / Latino,policy_role_mean,76.8690804620493
High public trust,race,Asian / Asian American,policy_role_mean,78.8838403946798
High public trust,race,Other,policy_role_mean,79.807095753861
High public trust,education,Less than high school,policy_role_mean,71.804331243029
High public trust,education,High school diploma / GED,policy_role_mean,74.7687464263205
High public trust,education,Some college or Associate's degree,policy_role_mean,76.4592170526616
High public trust,education,Bachelor's degree,policy_role_mean,77.5166271332136
High public trust,education,Master's degree / Professional degree,policy_role_mean,77.8357891559414
High public trust,education,Doctorate degree / Ph.D.,policy_role_mean,77.2941414272127
High public trust,income,"Less than $30,000",policy_role_mean,76.7846304961359
High public trust,income,"$30,000 to $55,999",policy_role_mean,77.073622609566
High public trust,income,"$56,000 to $99,999",policy_role_mean,76.9606374610432
High public trust,income,"$100,000 to $167,999",policy_role_mean,76.0086877263062
High public trust,income,"$168,000 or more",policy_role_mean,77.3217487386219
High public trust,party,Republican,policy_role_mean,66.4407234079457
High public trust,party,Democrat,policy_role_mean,83.0152084640813
High public trust,party,Independent,policy_role_mean,77.2893678547566
High public trust,party,Other,policy_role_mean,80.166598301246
High public trust,gender,Male,inst_trust_mean,68.502523353289
High public trust,gender,Female,inst_trust_mean,70.582968643747
High public trust,gender,Other,inst_trust_mean,69.5627401779645
High public trust,age_band,18-29,inst_trust_mean,69.8030532533443
High public trust,age_band,30-44,inst_trust_mean,70.9230467412875
High public trust,age_band,45-59,inst_trust_mean,68.2752821966204
High public trust,age_band,60+,inst_trust_mean,69.2134626356714
High public trust,race,White / Caucasian,inst_trust_mean,68.9685308119685
High public trust,race,Black / African American,inst_trust_mean,70.5921287725141
High public trust,race,Hispanic / Latino,inst_trust_mean,69.4856055385271
High public trust,race,Asian / Asian American,inst_trust_mean,72.2790389244213
High public trust,race,Other,inst_trust_mean,71.8980419969138
High public trust,education,Less than high school,inst_trust_mean,64.1283101105167
High public trust,education,High school diploma / GED,inst_trust_mean,66.4552799772072
High public trust,education,Some college or Associate's degree,inst_trust_mean,68.8136711985289
High public trust,education,Bachelor's degree,inst_trust_mean,70.6980164459546
High public trust,education,Master's degree / Professional degree,inst_trust_mean,72.00378628514
High public trust,education,Doctorate degree / Ph.D.,inst_trust_mean,71.111760548278
High public trust,income,"Less than $30,000",inst_trust_mean,68.033875726613
High public trust,income,"$30,000 to $55,999",inst_trust_mean,69.3610230068409
High public trust,income,"$56,000 to $99,999",inst_trust_mean,70.0440442627025
High public trust,income,"$100,000 to $167,999",inst_trust_mean,69.8186941478814
High public trust,income,"$168,000 or more",inst_trust_mean,70.6879675255579
High public trust,party,Republican,inst_trust_mean,60.765719423196
High public trust,party,Democrat,inst_trust_mean,75.0506615703229
High public trust,party,Independent,inst_trust_mean,69.8689359039769
High public trust,party,Other,inst_trust_mean,71.9157737440915
High public trust,gender,Male,belief_post,87.8250887181755
High public trust,gender,Female,belief_post,90.3123639908923
High public trust,gender,Other,belief_post,89.0926303852544
High public trust,age_band,18-29,belief_post,89.1622733542852
High public trust,age_band,30-44,belief_post,91.3125487668679
High public trust,age_band,45-59,belief_post,87.8781836816867
High public trust,age_band,60+,belief_post,88.0759440355399
High public trust,race,White / Caucasian,belief_post,88.4107474620767
High public trust,race,Black / African American,belief_post,90.5426013391386
High public trust,race,Hispanic / Latino,belief_post,88.7419007557201
High public trust,race,Asian / Asian American,belief_post,92.3612112806241
High public trust,race,Other,belief_post,91.9336618397915
High public trust,education,Less than high school,belief_post,79.3962902844223
High public trust,education,High school diploma / GED,belief_post,85.6987287594076
High public trust,education,Some college or Associate's degree,belief_post,88.0398757507545
High public trust,education,Bachelor's degree,belief_post,90.6216502583332
High public trust,education,Master's degree / Professional degree,belief_post,91.5973808530425
High public trust,education,Doctorate degree / Ph.D.,belief_post,90.8292191755838
High public trust,income,"Less than $30,000",belief_post,87.4246044405428
High public trust,income,"$30,000 to $55,999",belief_post,89.0064426834606
High public trust,income,"$56,000 to $99,999",belief_post,89.2611138264629
High public trust,income,"$100,000 to $167,999",belief_post,89.76445367971
High public trust,income,"$168,000 or more",belief_post,90.4631275256504
High public trust,party,Republican,belief_post,79.7167295160386
High public trust,party,Democrat,belief_post,94.9601033410345
High public trust,party,Independent,belief_post,89.4034166197917
High public trust,party,Other,belief_post,91.4859648622392
High public trust,gender,Male,concern_mean,70.1220906117837
High public trust,gender,Female,concern_mean,76.2114093666857
High public trust,gender,Other,concern_mean,73.2252715626934
High public trust,age_band,18-29,concern_mean,73.9298769327989
High public trust,age_band,30-44,concern_mean,76.5987290892464
High public trust,age_band,45-59,concern_mean,70.5130643679409
High public trust,age_band,60+,concern_mean,71.9319578124975
High public trust,race,White / Caucasian,concern_mean,72.0677812804316
High public trust,race,Black / African American,concern_mean,76.6518532128497
High public trust,race,Hispanic / Latino,concern_mean,72.8343834325665
High public trust,race,Asian / Asian American,concern_mean,76.5246203228351
High public trust,race,Other,concern_mean,77.8420687544593
High public trust,education,Less than high school,concern_mean,65.0428644193625
High public trust,education,High school diploma / GED,concern_mean,70.4739496827485
High public trust,education,Some college or Associate's degree,concern_mean,72.6674410055597
High public trust,education,Bachelor's degree,concern_mean,74.351210709746
High public trust,education,Master's degree / Professional degree,concern_mean,74.9810836007944
High public trust,education,Doctorate degree / Ph.D.,concern_mean,74.2301004602979
High public trust,income,"Less than $30,000",concern_mean,73.4282545351109
High public trust,income,"$30,000 to $55,999",concern_mean,73.9079409223662
High public trust,income,"$56,000 to $99,999",concern_mean,73.6041488933804
High public trust,income,"$100,000 to $167,999",concern_mean,71.6924211278363
High public trust,income,"$168,000 or more",concern_mean,74.2890107955704
High public trust,party,Republican,concern_mean,57.6663543792311
High public trust,party,Democrat,concern_mean,83.320185174391
High public trust,party,Independent,concern_mean,73.178116128984
High public trust,party,Other,concern_mean,77.6390229087264
High public trust,gender,Male,policy_general,75.0284413493925
High public trust,gender,Female,policy_general,77.4222984425747
High public trust,gender,Other,policy_general,76.2483761285963
High public trust,age_band,18-29,policy_general,78.3262062910286
High public trust,age_band,30-44,policy_general,80.1939532570449
High public trust,age_band,45-59,policy_general,74.1803934918695
High public trust,age_band,60+,policy_general,73.0990917923531
High public trust,race,White / Caucasian,policy_general,75.1509148940967
High public trust,race,Black / African American,policy_general,78.4026706811144
High public trust,race,Hispanic / Latino,policy_general,77.8785617697848
High public trust,race,Asian / Asian American,policy_general,77.1356413229536
High public trust,race,Other,policy_general,77.7475641510335
High public trust,education,Less than high school,policy_general,75.9535472619804
High public trust,education,High school diploma / GED,policy_general,74.3477714538623
High public trust,education,Some college or Associate's degree,policy_general,76.2384465721645
High public trust,education,Bachelor's degree,policy_general,76.4287192446357
High public trust,education,Master's degree / Professional degree,policy_general,76.8772193477317
High public trust,education,Doctorate degree / Ph.D.,policy_general,77.6904329980497
High public trust,income,"Less than $30,000",policy_general,76.982086497302
High public trust,income,"$30,000 to $55,999",policy_general,77.0570203236558
High public trust,income,"$56,000 to $99,999",policy_general,76.1497990796484
High public trust,income,"$100,000 to $167,999",policy_general,74.9039478477622
High public trust,income,"$168,000 or more",policy_general,77.5142955826325
High public trust,party,Republican,policy_general,66.0071476353365
High public trust,party,Democrat,policy_general,83.9247226483808
High public trust,party,Independent,policy_general,75.0107958642154
High public trust,party,Other,policy_general,76.1748994034899
High public trust,gender,Male,policy_specific_mean,72.1120821009647
High public trust,gender,Female,policy_specific_mean,73.5281962252238
High public trust,gender,Other,policy_specific_mean,72.8337487687142
High public trust,age_band,18-29,policy_specific_mean,74.1974011727108
High public trust,age_band,30-44,policy_specific_mean,75.4233788667575
High public trust,age_band,45-59,policy_specific_mean,71.4011541386776
High public trust,age_band,60+,policy_specific_mean,70.8226392488573
High public trust,race,White / Caucasian,policy_specific_mean,72.1610122595045
High public trust,race,Black / African American,policy_specific_mean,74.1870537697445
High public trust,race,Hispanic / Latino,policy_specific_mean,73.7923307423119
High public trust,race,Asian / Asian American,policy_specific_mean,73.3256472532496
High public trust,race,Other,policy_specific_mean,74.0024803273116
High public trust,education,Less than high school,policy_specific_mean,72.5392985855685
High public trust,education,High school diploma / GED,policy_specific_mean,71.5437418952624
High public trust,education,Some college or Associate's degree,policy_specific_mean,72.9162947338801
High public trust,education,Bachelor's degree,policy_specific_mean,72.9067780970561
High public trust,education,Master's degree / Professional degree,policy_specific_mean,73.2108580505404
High public trust,education,Doctorate degree / Ph.D.,policy_specific_mean,73.7301121636691
High public trust,income,"Less than $30,000",policy_specific_mean,73.2371549555278
High public trust,income,"$30,000 to $55,999",policy_specific_mean,73.259469347067
High public trust,income,"$56,000 to $99,999",policy_specific_mean,72.8319700459954
High public trust,income,"$100,000 to $167,999",policy_specific_mean,71.9534925015134
High public trust,income,"$168,000 or more",policy_specific_mean,73.8487341216541
High public trust,party,Republican,policy_specific_mean,66.1149579130408
High public trust,party,Democrat,policy_specific_mean,77.8459558564851
High public trust,party,Independent,policy_specific_mean,72.0537680201652
High public trust,party,Other,policy_specific_mean,72.8134947676082
High public trust,gender,Male,behavior_mean,37.8042534877624
High public trust,gender,Female,behavior_mean,43.2828982788384
High public trust,gender,Other,behavior_mean,40.596228557023
High public trust,age_band,18-29,behavior_mean,41.533673126421
High public trust,age_band,30-44,behavior_mean,42.7448240153358
High public trust,age_band,45-59,behavior_mean,39.1344499837328
High public trust,age_band,60+,behavior_mean,39.2566866314225
High public trust,race,White / Caucasian,behavior_mean,39.4938225474093
High public trust,race,Black / African American,behavior_mean,42.6017518491533
High public trust,race,Hispanic / Latino,behavior_mean,41.3425388897405
High public trust,race,Asian / Asian American,behavior_mean,43.0067361924815
High public trust,race,Other,behavior_mean,45.0169130547885
High public trust,education,Less than high school,behavior_mean,33.2539952374933
High public trust,education,High school diploma / GED,behavior_mean,37.5779162949427
High public trust,education,Some college or Associate's degree,behavior_mean,39.7246398950652
High public trust,education,Bachelor's degree,behavior_mean,41.9913323885638
High public trust,education,Master's degree / Professional degree,behavior_mean,43.4785335742081
High public trust,education,Doctorate degree / Ph.D.,behavior_mean,41.490841191121
High public trust,income,"Less than $30,000",behavior_mean,39.2796211974694
High public trust,income,"$30,000 to $55,999",behavior_mean,40.2429946782167
High public trust,income,"$56,000 to $99,999",behavior_mean,41.0149903425153
High public trust,income,"$100,000 to $167,999",behavior_mean,40.7601247640684
High public trust,income,"$168,000 or more",behavior_mean,42.3752334503998
High public trust,party,Republican,behavior_mean,30.5237134151002
High public trust,party,Democrat,behavior_mean,47.5196490901132
High public trust,party,Independent,behavior_mean,39.9722775288625
High public trust,party,Other,behavior_mean,43.7609566686008
High public trust,gender,Male,donation_ams,2.58127064048978
High public trust,gender,Female,donation_ams,2.95646104658317
High public trust,gender,Other,donation_ams,2.77247162175157
High public trust,age_band,18-29,donation_ams,2.72532591870968
High public trust,age_band,30-44,donation_ams,2.81507939787148
High public trust,age_band,45-59,donation_ams,2.6575366551072
High public trust,age_band,60+,donation_ams,2.85251274622695
High public trust,race,White / Caucasian,donation_ams,2.78484933447226
High public trust,race,Black / African American,donation_ams,2.71537695307398
High public trust,race,Hispanic / Latino,donation_ams,2.65244710788051
High public trust,race,Asian / Asian American,donation_ams,2.88875986001794
High public trust,race,Other,donation_ams,3.26882440991987
High public trust,education,Less than high school,donation_ams,1.58513573213603
High public trust,education,High school diploma / GED,donation_ams,2.28169034317641
High public trust,education,Some college or Associate's degree,donation_ams,2.70840791787788
High public trust,education,Bachelor's degree,donation_ams,2.87795222103203
High public trust,education,Master's degree / Professional degree,donation_ams,3.19011158187979
High public trust,education,Doctorate degree / Ph.D.,donation_ams,3.11284153955535
High public trust,income,"Less than $30,000",donation_ams,2.06212269903665
High public trust,income,"$30,000 to $55,999",donation_ams,2.69926403637709
High public trust,income,"$56,000 to $99,999",donation_ams,2.8727803584045
High public trust,income,"$100,000 to $167,999",donation_ams,3.08665727280887
High public trust,income,"$168,000 or more",donation_ams,3.1868167644356
High public trust,party,Republican,donation_ams,1.8795360327489
High public trust,party,Democrat,donation_ams,3.40410011185204
High public trust,party,Independent,donation_ams,2.68912615393885
High public trust,party,Other,donation_ams,3.07460056952548
High public trust,gender,Male,newsletter_signup,0.0108853095319509
High public trust,gender,Female,newsletter_signup,0.0145191291270551
High public trust,gender,Other,newsletter_signup,0.0127371422574905
High public trust,age_band,18-29,newsletter_signup,0.0134721999183797
High public trust,age_band,30-44,newsletter_signup,0.0152836170582933
High public trust,age_band,45-59,newsletter_signup,0.00995163570501214
High public trust,age_band,60+,newsletter_signup,0.0121754477763764
High public trust,race,White / Caucasian,newsletter_signup,0.0125640684788062
High public trust,race,Black / African American,newsletter_signup,0.0127811706354632
High public trust,race,Hispanic / Latino,newsletter_signup,0.0132560010693787
High public trust,race,Asian / Asian American,newsletter_signup,0.0117759026738213
High public trust,race,Other,newsletter_signup,0.0152550733176278
High public trust,education,Less than high school,newsletter_signup,0.013641056936468
High public trust,education,High school diploma / GED,newsletter_signup,0.0130960409529338
High public trust,education,Some college or Associate's degree,newsletter_signup,0.0136089144983073
High public trust,education,Bachelor's degree,newsletter_signup,0.0127814834988861
High public trust,education,Master's degree / Professional degree,newsletter_signup,0.0101608453738487
High public trust,education,Doctorate degree / Ph.D.,newsletter_signup,0.0103504007273939
High public trust,income,"Less than $30,000",newsletter_signup,0.0151700240832022
High public trust,income,"$30,000 to $55,999",newsletter_signup,0.014085828515552
High public trust,income,"$56,000 to $99,999",newsletter_signup,0.0126762303689055
High public trust,income,"$100,000 to $167,999",newsletter_signup,0.0101767322248908
High public trust,income,"$168,000 or more",newsletter_signup,0.0119748027997086
High public trust,party,Republican,newsletter_signup,0.00541421450573958
High public trust,party,Democrat,newsletter_signup,0.0170642478628937
High public trust,party,Independent,newsletter_signup,0.0134592741127972
High public trust,party,Other,newsletter_signup,0.0134960510169387
Measurement & modeling (2),gender,Male,trust_multidimensional,78.234312958754
Measurement & modeling (2),gender,Female,trust_multidimensional,80.2102084274291
Measurement & modeling (2),gender,Other,trust_multidimensional,79.2412500934614
Measurement & modeling (2),age_band,18-29,trust_multidimensional,79.2348411304459
Measurement & modeling (2),age_band,30-44,trust_multidimensional,80.5619257386965
Measurement & modeling (2),age_band,45-59,trust_multidimensional,78.4777712056575
Measurement & modeling (2),age_band,60+,trust_multidimensional,78.6979976861343
Measurement & modeling (2),race,White / Caucasian,trust_multidimensional,78.7107807754615
Measurement & modeling (2),race,Black / African American,trust_multidimensional,79.9697735130047
Measurement & modeling (2),race,Hispanic / Latino,trust_multidimensional,79.5044500901297
Measurement & modeling (2),race,Asian / Asian American,trust_multidimensional,80.958068632928
Measurement & modeling (2),race,Other,trust_multidimensional,81.708552408704
Measurement & modeling (2),education,Less than high school,trust_multidimensional,73.627627184341
Measurement & modeling (2),education,High school diploma / GED,trust_multidimensional,76.8256906857831
Measurement & modeling (2),education,Some college or Associate's degree,trust_multidimensional,78.6756010899212
Measurement & modeling (2),education,Bachelor's degree,trust_multidimensional,80.1978327052736
Measurement & modeling (2),education,Master's degree / Professional degree,trust_multidimensional,80.5106911774279
Measurement & modeling (2),education,Doctorate degree / Ph.D.,trust_multidimensional,80.4643630450338
Measurement & modeling (2),income,"Less than $30,000",trust_multidimensional,78.3101907650248
Measurement & modeling (2),income,"$30,000 to $55,999",trust_multidimensional,79.1103389198679
Measurement & modeling (2),income,"$56,000 to $99,999",trust_multidimensional,79.4553453179938
Measurement & modeling (2),income,"$100,000 to $167,999",trust_multidimensional,79.6415399504977
Measurement & modeling (2),income,"$168,000 or more",trust_multidimensional,79.4380295051225
Measurement & modeling (2),party,Republican,trust_multidimensional,72.8562374229438
Measurement & modeling (2),party,Democrat,trust_multidimensional,83.2387560224211
Measurement & modeling (2),party,Independent,trust_multidimensional,79.5398563986607
Measurement & modeling (2),party,Other,trust_multidimensional,79.9544845256808
Measurement & modeling (2),gender,Male,trust_post,75.1148185337155
Measurement & modeling (2),gender,Female,trust_post,77.763620373581
Measurement & modeling (2),gender,Other,trust_post,76.4646758400995
Measurement & modeling (2),age_band,18-29,trust_post,76.4013949702863
Measurement & modeling (2),age_band,30-44,trust_post,78.6698590538413
Measurement & modeling (2),age_band,45-59,trust_post,75.2401315739746
Measurement & modeling (2),age_band,60+,trust_post,75.5546399918118
Measurement & modeling (2),race,White / Caucasian,trust_post,75.5356256453031
Measurement & modeling (2),race,Black / African American,trust_post,77.998436760133
Measurement & modeling (2),race,Hispanic / Latino,trust_post,76.6369638213848
Measurement & modeling (2),race,Asian / Asian American,trust_post,79.8867016470241
Measurement & modeling (2),race,Other,trust_post,80.5274923888334
Measurement & modeling (2),education,Less than high school,trust_post,65.7244761946753
Measurement & modeling (2),education,High school diploma / GED,trust_post,72.8649871626047
Measurement & modeling (2),education,Some college or Associate's degree,trust_post,75.1236912868556
Measurement & modeling (2),education,Bachelor's degree,trust_post,78.1008884589524
Measurement & modeling (2),education,Master's degree / Professional degree,trust_post,78.3975138808728
Measurement & modeling (2),education,Doctorate degree / Ph.D.,trust_post,79.2509420165018
Measurement & modeling (2),income,"Less than $30,000",trust_post,74.6411790439579
Measurement & modeling (2),income,"$30,000 to $55,999",trust_post,75.9650684431968
Measurement & modeling (2),income,"$56,000 to $99,999",trust_post,76.9586181590901
Measurement & modeling (2),income,"$100,000 to $167,999",trust_post,77.1483194799193
Measurement & modeling (2),income,"$168,000 or more",trust_post,77.6191032264418
Measurement & modeling (2),party,Republican,trust_post,64.8418765213624
Measurement & modeling (2),party,Democrat,trust_post,83.8718820187388
Measurement & modeling (2),party,Independent,trust_post,76.7201282118833
Measurement & modeling (2),party,Other,trust_post,78.7747886828295
Measurement & modeling (2),gender,Male,distrust_post,24.5839162957289
Measurement & modeling (2),gender,Female,distrust_post,22.1749072011031
Measurement & modeling (2),gender,Other,distrust_post,23.3562598970566
Measurement & modeling (2),age_band,18-29,distrust_post,23.497616235519
Measurement & modeling (2),age_band,30-44,distrust_post,21.5421947421723
Measurement & modeling (2),age_band,45-59,distrust_post,24.3244810825779
Measurement & modeling (2),age_band,60+,distrust_post,24.0756214271178
Measurement & modeling (2),race,White / Caucasian,distrust_post,24.0980673737719
Measurement & modeling (2),race,Black / African American,distrust_post,22.13826780146
Measurement & modeling (2),race,Hispanic / Latino,distrust_post,23.2464829818601
Measurement & modeling (2),race,Asian / Asian American,distrust_post,20.5797890687851
Measurement & modeling (2),race,Other,distrust_post,20.0057882660332
Measurement & modeling (2),education,Less than high school,distrust_post,30.8585623151815
Measurement & modeling (2),education,High school diploma / GED,distrust_post,26.6196397738023
Measurement & modeling (2),education,Some college or Associate's degree,distrust_post,24.3511571060783
Measurement & modeling (2),education,Bachelor's degree,distrust_post,21.9968556226796
Measurement & modeling (2),education,Master's degree / Professional degree,distrust_post,21.5617816701749
Measurement & modeling (2),education,Doctorate degree / Ph.D.,distrust_post,21.2538962580875
Measurement & modeling (2),income,"Less than $30,000",distrust_post,24.977488427261
Measurement & modeling (2),income,"$30,000 to $55,999",distrust_post,23.7576692102381
Measurement & modeling (2),income,"$56,000 to $99,999",distrust_post,22.8143566383261
Measurement & modeling (2),income,"$100,000 to $167,999",distrust_post,22.9148460926579
Measurement & modeling (2),income,"$168,000 or more",distrust_post,22.4257998749099
Measurement & modeling (2),party,Republican,distrust_post,33.4885586428702
Measurement & modeling (2),party,Democrat,distrust_post,17.0971746681859
Measurement & modeling (2),party,Independent,distrust_post,22.8495378561315
Measurement & modeling (2),party,Other,distrust_post,21.3047249828345
Measurement & modeling (2),gender,Male,funding_perceptions,43.1285666774915
Measurement & modeling (2),gender,Female,funding_perceptions,40.4385115278754
Measurement & modeling (2),gender,Other,funding_perceptions,41.7576862501095
Measurement & modeling (2),age_band,18-29,funding_perceptions,41.4569464239077
Measurement & modeling (2),age_band,30-44,funding_perceptions,40.4209842691496
Measurement & modeling (2),age_band,45-59,funding_perceptions,43.3106476099996
Measurement & modeling (2),age_band,60+,funding_perceptions,41.9296981402511
Measurement & modeling (2),race,White / Caucasian,funding_perceptions,42.2387292202844
Measurement & modeling (2),race,Black / African American,funding_perceptions,40.7505122799671
Measurement & modeling (2),race,Hispanic / Latino,funding_perceptions,41.8123561362049
Measurement & modeling (2),race,Asian / Asian American,funding_perceptions,39.3628658565742
Measurement & modeling (2),race,Other,funding_perceptions,41.178340856165
Measurement & modeling (2),education,Less than high school,funding_perceptions,50.4478240485824
Measurement & modeling (2),education,High school diploma / GED,funding_perceptions,42.8145460086987
Measurement & modeling (2),education,Some college or Associate's degree,funding_perceptions,41.9988685518054
Measurement & modeling (2),education,Bachelor's degree,funding_perceptions,41.424441151659
Measurement & modeling (2),education,Master's degree / Professional degree,funding_perceptions,42.4856037978061
Measurement & modeling (2),education,Doctorate degree / Ph.D.,funding_perceptions,40.0572119508646
Measurement & modeling (2),income,"Less than $30,000",funding_perceptions,40.4978655622051
Measurement & modeling (2),income,"$30,000 to $55,999",funding_perceptions,40.5871707587976
Measurement & modeling (2),income,"$56,000 to $99,999",funding_perceptions,42.0214586888264
Measurement & modeling (2),income,"$100,000 to $167,999",funding_perceptions,43.0232714388351
Measurement & modeling (2),income,"$168,000 or more",funding_perceptions,42.5519348166774
Measurement & modeling (2),party,Republican,funding_perceptions,52.2800176057095
Measurement & modeling (2),party,Democrat,funding_perceptions,34.6822312970629
Measurement & modeling (2),party,Independent,funding_perceptions,42.148652155163
Measurement & modeling (2),party,Other,funding_perceptions,38.7871923740901
Measurement & modeling (2),gender,Male,policy_role_mean,75.6209059288635
Measurement & modeling (2),gender,Female,policy_role_mean,76.7844996342905
Measurement & modeling (2),gender,Other,policy_role_mean,76.2138855324313
Measurement & modeling (2),age_band,18-29,policy_role_mean,77.1878836133037
Measurement & modeling (2),age_band,30-44,policy_role_mean,78.1868174353687
Measurement & modeling (2),age_band,45-59,policy_role_mean,75.1646984886501
Measurement & modeling (2),age_band,60+,policy_role_mean,74.6927498544176
Measurement & modeling (2),race,White / Caucasian,policy_role_mean,75.6648747457419
Measurement & modeling (2),race,Black / African American,policy_role_mean,77.2244962195249
Measurement & modeling (2),race,Hispanic / Latino,policy_role_mean,77.0800513173374
Measurement & modeling (2),race,Asian / Asian American,policy_role_mean,76.6758819042012
Measurement & modeling (2),race,Other,policy_role_mean,76.8852388973192
Measurement & modeling (2),education,Less than high school,policy_role_mean,76.0981330081927
Measurement & modeling (2),education,High school diploma / GED,policy_role_mean,75.1585754145322
Measurement & modeling (2),education,Some college or Associate's degree,policy_role_mean,76.2112160826019
Measurement & modeling (2),education,Bachelor's degree,policy_role_mean,76.3101198168274
Measurement & modeling (2),education,Master's degree / Professional degree,policy_role_mean,76.5949370983503
Measurement & modeling (2),education,Doctorate degree / Ph.D.,policy_role_mean,77.0041759236027
Measurement & modeling (2),income,"Less than $30,000",policy_role_mean,76.528937568435
Measurement & modeling (2),income,"$30,000 to $55,999",policy_role_mean,76.534339144849
Measurement & modeling (2),income,"$56,000 to $99,999",policy_role_mean,76.1462951483347
Measurement & modeling (2),income,"$100,000 to $167,999",policy_role_mean,75.6471055782609
Measurement & modeling (2),income,"$168,000 or more",policy_role_mean,76.9606977121092
Measurement & modeling (2),party,Republican,policy_role_mean,71.1468366673686
Measurement & modeling (2),party,Democrat,policy_role_mean,80.064550653963
Measurement & modeling (2),party,Independent,policy_role_mean,75.5343345391793
Measurement & modeling (2),party,Other,policy_role_mean,76.0835901962597
Measurement & modeling (2),gender,Male,inst_trust_mean,68.7239101191572
Measurement & modeling (2),gender,Female,inst_trust_mean,70.8711312906511
Measurement & modeling (2),gender,Other,inst_trust_mean,69.8181566358806
Measurement & modeling (2),age_band,18-29,inst_trust_mean,69.9017501581165
Measurement & modeling (2),age_band,30-44,inst_trust_mean,71.4630826422946
Measurement & modeling (2),age_band,45-59,inst_trust_mean,68.5751630767104
Measurement & modeling (2),age_band,60+,inst_trust_mean,69.2982542578705
Measurement & modeling (2),race,White / Caucasian,inst_trust_mean,69.063601148496
Measurement & modeling (2),race,Black / African American,inst_trust_mean,70.9561937131403
Measurement & modeling (2),race,Hispanic / Latino,inst_trust_mean,70.0484124965032
Measurement & modeling (2),race,Asian / Asian American,inst_trust_mean,72.5968515380797
Measurement & modeling (2),race,Other,inst_trust_mean,73.0042981120419
Measurement & modeling (2),education,Less than high school,inst_trust_mean,63.043494229951
Measurement & modeling (2),education,High school diploma / GED,inst_trust_mean,66.7120717987453
Measurement & modeling (2),education,Some college or Associate's degree,inst_trust_mean,68.9531710198782
Measurement & modeling (2),education,Bachelor's degree,inst_trust_mean,71.0166497651069
Measurement & modeling (2),education,Master's degree / Professional degree,inst_trust_mean,71.4887378055234
Measurement & modeling (2),education,Doctorate degree / Ph.D.,inst_trust_mean,71.8823660053668
Measurement & modeling (2),income,"Less than $30,000",inst_trust_mean,68.4994827429318
Measurement & modeling (2),income,"$30,000 to $55,999",inst_trust_mean,69.6464663858317
Measurement & modeling (2),income,"$56,000 to $99,999",inst_trust_mean,70.2017582325836
Measurement & modeling (2),income,"$100,000 to $167,999",inst_trust_mean,70.1248855491161
Measurement & modeling (2),income,"$168,000 or more",inst_trust_mean,70.6227745556734
Measurement & modeling (2),party,Republican,inst_trust_mean,60.3688303081967
Measurement & modeling (2),party,Democrat,inst_trust_mean,75.6955890512257
Measurement & modeling (2),party,Independent,inst_trust_mean,70.2564668388597
Measurement & modeling (2),party,Other,inst_trust_mean,71.4839931071386
Measurement & modeling (2),gender,Male,belief_post,88.0193697184971
Measurement & modeling (2),gender,Female,belief_post,90.1934644016429
Measurement & modeling (2),gender,Other,belief_post,89.127311259705
Measurement & modeling (2),age_band,18-29,belief_post,89.2980916672755
Measurement & modeling (2),age_band,30-44,belief_post,91.381360346021
Measurement & modeling (2),age_band,45-59,belief_post,88.535575374802
Measurement & modeling (2),age_band,60+,belief_post,87.5542772596457
Measurement & modeling (2),race,White / Caucasian,belief_post,88.3237378146053
Measurement & modeling (2),race,Black / African American,belief_post,90.6251497003107
Measurement & modeling (2),race,Hispanic / Latino,belief_post,89.1893363173324
Measurement & modeling (2),race,Asian / Asian American,belief_post,92.1487817717074
Measurement & modeling (2),race,Other,belief_post,92.2981066088437
Measurement & modeling (2),education,Less than high school,belief_post,80.7898633801264
Measurement & modeling (2),education,High school diploma / GED,belief_post,85.5152185935599
Measurement & modeling (2),education,Some college or Associate's degree,belief_post,88.1412234838256
Measurement & modeling (2),education,Bachelor's degree,belief_post,90.8202928624656
Measurement & modeling (2),education,Master's degree / Professional degree,belief_post,90.735867196853
Measurement & modeling (2),education,Doctorate degree / Ph.D.,belief_post,90.5918572069694
Measurement & modeling (2),income,"Less than $30,000",belief_post,87.2126376283453
Measurement & modeling (2),income,"$30,000 to $55,999",belief_post,89.1268620229574
Measurement & modeling (2),income,"$56,000 to $99,999",belief_post,89.510852438514
Measurement & modeling (2),income,"$100,000 to $167,999",belief_post,89.6313916469975
Measurement & modeling (2),income,"$168,000 or more",belief_post,90.2900934318573
Measurement & modeling (2),party,Republican,belief_post,79.9479768821625
Measurement & modeling (2),party,Democrat,belief_post,94.9304045337502
Measurement & modeling (2),party,Independent,belief_post,89.4024774681786
Measurement & modeling (2),party,Other,belief_post,90.8969064569232
Measurement & modeling (2),gender,Male,concern_mean,70.4353103043619
Measurement & modeling (2),gender,Female,concern_mean,76.1628751701809
Measurement & modeling (2),gender,Other,concern_mean,73.3541376645492
Measurement & modeling (2),age_band,18-29,concern_mean,74.3226445350283
Measurement & modeling (2),age_band,30-44,concern_mean,76.8394046714845
Measurement & modeling (2),age_band,45-59,concern_mean,70.8237805872684
Measurement & modeling (2),age_band,60+,concern_mean,71.6595555614485
Measurement & modeling (2),race,White / Caucasian,concern_mean,72.0611090084127
Measurement & modeling (2),race,Black / African American,concern_mean,76.4834267342273
Measurement & modeling (2),race,Hispanic / Latino,concern_mean,73.6459763114404
Measurement & modeling (2),race,Asian / Asian American,concern_mean,76.4848931259334
Measurement & modeling (2),race,Other,concern_mean,78.1752346626074
Measurement & modeling (2),education,Less than high school,concern_mean,64.8688789445104
Measurement & modeling (2),education,High school diploma / GED,concern_mean,70.7861571564101
Measurement & modeling (2),education,Some college or Associate's degree,concern_mean,72.7125365235465
Measurement & modeling (2),education,Bachelor's degree,concern_mean,74.531564283278
Measurement & modeling (2),education,Master's degree / Professional degree,concern_mean,75.2956895468709
Measurement & modeling (2),education,Doctorate degree / Ph.D.,concern_mean,74.1767366042218
Measurement & modeling (2),income,"Less than $30,000",concern_mean,73.1945219667501
Measurement & modeling (2),income,"$30,000 to $55,999",concern_mean,74.0349445291219
Measurement & modeling (2),income,"$56,000 to $99,999",concern_mean,73.8699629173128
Measurement & modeling (2),income,"$100,000 to $167,999",concern_mean,71.9510772480665
Measurement & modeling (2),income,"$168,000 or more",concern_mean,74.104979939147
Measurement & modeling (2),party,Republican,concern_mean,58.2204273993984
Measurement & modeling (2),party,Democrat,concern_mean,83.2763477684613
Measurement & modeling (2),party,Independent,concern_mean,73.1855033148994
Measurement & modeling (2),party,Other,concern_mean,77.3708384261174
Measurement & modeling (2),gender,Male,policy_general,74.6248555737823
Measurement & modeling (2),gender,Female,policy_general,77.1516462312464
Measurement & modeling (2),gender,Other,policy_general,75.9125346969793
Measurement & modeling (2),age_band,18-29,policy_general,78.2379204330778
Measurement & modeling (2),age_band,30-44,policy_general,79.9902960573677
Measurement & modeling (2),age_band,45-59,policy_general,73.6802020867316
Measurement & modeling (2),age_band,60+,policy_general,72.6120880515741
Measurement & modeling (2),race,White / Caucasian,policy_general,74.7746770565733
Measurement & modeling (2),race,Black / African American,policy_general,77.8978009188814
Measurement & modeling (2),race,Hispanic / Latino,policy_general,77.7105621838699
Measurement & modeling (2),race,Asian / Asian American,policy_general,77.0996589996303
Measurement & modeling (2),race,Other,policy_general,77.2159140028706
Measurement & modeling (2),education,Less than high school,policy_general,76.3523320043922
Measurement & modeling (2),education,High school diploma / GED,policy_general,74.0251831949954
Measurement & modeling (2),education,Some college or Associate's degree,policy_general,75.9237709112413
Measurement & modeling (2),education,Bachelor's degree,policy_general,76.1099491310966
Measurement & modeling (2),education,Master's degree / Professional degree,policy_general,76.3443788446451
Measurement & modeling (2),education,Doctorate degree / Ph.D.,policy_general,77.2383949438266
Measurement & modeling (2),income,"Less than $30,000",policy_general,76.7243543326908
Measurement & modeling (2),income,"$30,000 to $55,999",policy_general,76.8473303926932
Measurement & modeling (2),income,"$56,000 to $99,999",policy_general,75.8112852965103
Measurement & modeling (2),income,"$100,000 to $167,999",policy_general,74.4650214096234
Measurement & modeling (2),income,"$168,000 or more",policy_general,76.9654135741643
Measurement & modeling (2),party,Republican,policy_general,65.3583430211599
Measurement & modeling (2),party,Democrat,policy_general,83.8408184885474
Measurement & modeling (2),party,Independent,policy_general,74.6151068388113
Measurement & modeling (2),party,Other,policy_general,75.8044387175114
Measurement & modeling (2),gender,Male,policy_specific_mean,71.8957974630371
Measurement & modeling (2),gender,Female,policy_specific_mean,73.3306923887107
Measurement & modeling (2),gender,Other,policy_specific_mean,72.6270350249274
Measurement & modeling (2),age_band,18-29,policy_specific_mean,74.1635501621015
Measurement & modeling (2),age_band,30-44,policy_specific_mean,75.206768499162
Measurement & modeling (2),age_band,45-59,policy_specific_mean,71.1627145710849
Measurement & modeling (2),age_band,60+,policy_specific_mean,70.5349774651999
Measurement & modeling (2),race,White / Caucasian,policy_specific_mean,71.9366544086866
Measurement & modeling (2),race,Black / African American,policy_specific_mean,73.8323598060651
Measurement & modeling (2),race,Hispanic / Latino,policy_specific_mean,73.6858050810758
Measurement & modeling (2),race,Asian / Asian American,policy_specific_mean,73.2842025321933
Measurement & modeling (2),race,Other,policy_specific_mean,73.7816422577499
Measurement & modeling (2),education,Less than high school,policy_specific_mean,72.6843136935328
Measurement & modeling (2),education,High school diploma / GED,policy_specific_mean,71.3786314781299
Measurement & modeling (2),education,Some college or Associate's degree,policy_specific_mean,72.748347628632
Measurement & modeling (2),education,Bachelor's degree,policy_specific_mean,72.7060416966862
Measurement & modeling (2),education,Master's degree / Professional degree,policy_specific_mean,72.9115671152182
Measurement & modeling (2),education,Doctorate degree / Ph.D.,policy_specific_mean,73.3442461407851
Measurement & modeling (2),income,"Less than $30,000",policy_specific_mean,73.1260872247724
Measurement & modeling (2),income,"$30,000 to $55,999",policy_specific_mean,73.1816485242206
Measurement & modeling (2),income,"$56,000 to $99,999",policy_specific_mean,72.5825494193838
Measurement & modeling (2),income,"$100,000 to $167,999",policy_specific_mean,71.6824414635756
Measurement & modeling (2),income,"$168,000 or more",policy_specific_mean,73.4568927978294
Measurement & modeling (2),party,Republican,policy_specific_mean,65.827850719374
Measurement & modeling (2),party,Democrat,policy_specific_mean,77.6719002745425
Measurement & modeling (2),party,Independent,policy_specific_mean,71.8745353960906
Measurement & modeling (2),party,Other,policy_specific_mean,72.635543200937
Measurement & modeling (2),gender,Male,behavior_mean,38.564456519899
Measurement & modeling (2),gender,Female,behavior_mean,43.8599122435228
Measurement & modeling (2),gender,Other,behavior_mean,41.2630765116192
Measurement & modeling (2),age_band,18-29,behavior_mean,42.7476704698825
Measurement & modeling (2),age_band,30-44,behavior_mean,43.500767871297
Measurement & modeling (2),age_band,45-59,behavior_mean,39.4304554881048
Measurement & modeling (2),age_band,60+,behavior_mean,39.766245771853
Measurement & modeling (2),race,White / Caucasian,behavior_mean,40.2145767523825
Measurement & modeling (2),race,Black / African American,behavior_mean,43.4240295439714
Measurement & modeling (2),race,Hispanic / Latino,behavior_mean,41.7346930662213
Measurement & modeling (2),race,Asian / Asian American,behavior_mean,43.395062598952
Measurement & modeling (2),race,Other,behavior_mean,46.2998569150509
Measurement & modeling (2),education,Less than high school,behavior_mean,33.1200162401462
Measurement & modeling (2),education,High school diploma / GED,behavior_mean,38.0770824654694
Measurement & modeling (2),education,Some college or Associate's degree,behavior_mean,40.3377152210749
Measurement & modeling (2),education,Bachelor's degree,behavior_mean,42.5115771135401
Measurement & modeling (2),education,Master's degree / Professional degree,behavior_mean,43.6781113800343
Measurement & modeling (2),education,Doctorate degree / Ph.D.,behavior_mean,43.2529443528659
Measurement & modeling (2),income,"Less than $30,000",behavior_mean,40.0184628123084
Measurement & modeling (2),income,"$30,000 to $55,999",behavior_mean,41.1390441024558
Measurement & modeling (2),income,"$56,000 to $99,999",behavior_mean,41.8759775745808
Measurement & modeling (2),income,"$100,000 to $167,999",behavior_mean,40.8539272597198
Measurement & modeling (2),income,"$168,000 or more",behavior_mean,43.2137965800151
Measurement & modeling (2),party,Republican,behavior_mean,30.8904969711899
Measurement & modeling (2),party,Democrat,behavior_mean,48.3148055388004
Measurement & modeling (2),party,Independent,behavior_mean,40.8079602100209
Measurement & modeling (2),party,Other,behavior_mean,43.7610722166645
Measurement & modeling (2),gender,Male,donation_ams,2.44977325960161
Measurement & modeling (2),gender,Female,donation_ams,2.88296033148395
Measurement & modeling (2),gender,Other,donation_ams,2.67052995238658
Measurement & modeling (2),age_band,18-29,donation_ams,2.59744913651157
Measurement & modeling (2),age_band,30-44,donation_ams,2.71455564204748
Measurement & modeling (2),age_band,45-59,donation_ams,2.55978918050399
Measurement & modeling (2),age_band,60+,donation_ams,2.76319169151539
Measurement & modeling (2),race,White / Caucasian,donation_ams,2.6713113818638
Measurement & modeling (2),race,Black / African American,donation_ams,2.64512984048357
Measurement & modeling (2),race,Hispanic / Latino,donation_ams,2.60216492325916
Measurement & modeling (2),race,Asian / Asian American,donation_ams,2.69170620130095
Measurement & modeling (2),race,Other,donation_ams,3.16925699719321
Measurement & modeling (2),education,Less than high school,donation_ams,1.88457353020481
Measurement & modeling (2),education,High school diploma / GED,donation_ams,2.28940008041089
Measurement & modeling (2),education,Some college or Associate's degree,donation_ams,2.51409687743719
Measurement & modeling (2),education,Bachelor's degree,donation_ams,2.79060585782942
Measurement & modeling (2),education,Master's degree / Professional degree,donation_ams,3.19641724664229
Measurement & modeling (2),education,Doctorate degree / Ph.D.,donation_ams,3.05078689875879
Measurement & modeling (2),income,"Less than $30,000",donation_ams,1.96937165158142
Measurement & modeling (2),income,"$30,000 to $55,999",donation_ams,2.5814113730984
Measurement & modeling (2),income,"$56,000 to $99,999",donation_ams,2.82163416052102
Measurement & modeling (2),income,"$100,000 to $167,999",donation_ams,2.91850763510613
Measurement & modeling (2),income,"$168,000 or more",donation_ams,3.0692913539948
Measurement & modeling (2),party,Republican,donation_ams,1.84604402708115
Measurement & modeling (2),party,Democrat,donation_ams,3.23113582251333
Measurement & modeling (2),party,Independent,donation_ams,2.61887026467563
Measurement & modeling (2),party,Other,donation_ams,3.02643239567979
Measurement & modeling (2),gender,Male,newsletter_signup,0.0119009023598082
Measurement & modeling (2),gender,Female,newsletter_signup,0.0129659733762433
Measurement & modeling (2),gender,Other,newsletter_signup,0.0124436737637369
Measurement & modeling (2),age_band,18-29,newsletter_signup,0.0133127351658308
Measurement & modeling (2),age_band,30-44,newsletter_signup,0.0143318599999742
Measurement & modeling (2),age_band,45-59,newsletter_signup,0.011032826806874
Measurement & modeling (2),age_band,60+,newsletter_signup,0.0113305345368454
Measurement & modeling (2),race,White / Caucasian,newsletter_signup,0.0124078937025191
Measurement & modeling (2),race,Black / African American,newsletter_signup,0.0121197918792086
Measurement & modeling (2),race,Hispanic / Latino,newsletter_signup,0.0122695607247174
Measurement & modeling (2),race,Asian / Asian American,newsletter_signup,0.0135451551123046
Measurement & modeling (2),race,Other,newsletter_signup,0.0131535560094777
Measurement & modeling (2),education,Less than high school,newsletter_signup,0.0108165195868796
Measurement & modeling (2),education,High school diploma / GED,newsletter_signup,0.0104290468438846
Measurement & modeling (2),education,Some college or Associate's degree,newsletter_signup,0.0123923482012359
Measurement & modeling (2),education,Bachelor's degree,newsletter_signup,0.0124459586464153
Measurement & modeling (2),education,Master's degree / Professional degree,newsletter_signup,0.0144130455279246
Measurement & modeling (2),education,Doctorate degree / Ph.D.,newsletter_signup,0.0143539673470473
Measurement & modeling (2),income,"Less than $30,000",newsletter_signup,0.0121767301984303
Measurement & modeling (2),income,"$30,000 to $55,999",newsletter_signup,0.0121952124691663
Measurement & modeling (2),income,"$56,000 to $99,999",newsletter_signup,0.0125036240050083
Measurement & modeling (2),income,"$100,000 to $167,999",newsletter_signup,0.0120599688892511
Measurement & modeling (2),income,"$168,000 or more",newsletter_signup,0.015267586905537
Measurement & modeling (2),party,Republican,newsletter_signup,0.00733714210579907
Measurement & modeling (2),party,Democrat,newsletter_signup,0.0166058228622252
Measurement & modeling (2),party,Independent,newsletter_signup,0.011403367820211
Measurement & modeling (2),party,Other,newsletter_signup,0.0117686407161938
Peer-review,gender,Male,trust_multidimensional,78.6565278902842
Peer-review,gender,Female,trust_multidimensional,80.9763456282291
Peer-review,gender,Other,trust_multidimensional,79.8387314345112
Peer-review,age_band,18-29,trust_multidimensional,80.0064978188166
Peer-review,age_band,30-44,trust_multidimensional,81.4654668248165
Peer-review,age_band,45-59,trust_multidimensional,78.6281480790361
Peer-review,age_band,60+,trust_multidimensional,79.2552107116644
Peer-review,race,White / Caucasian,trust_multidimensional,79.570696348496
Peer-review,race,Black / African American,trust_multidimensional,80.8555454503411
Peer-review,race,Hispanic / Latino,trust_multidimensional,79.1020363020112
Peer-review,race,Asian / Asian American,trust_multidimensional,81.3339397626902
Peer-review,race,Other,trust_multidimensional,82.4044408841
Peer-review,education,Less than high school,trust_multidimensional,75.2880819110803
Peer-review,education,High school diploma / GED,trust_multidimensional,77.6298106067508
Peer-review,education,Some college or Associate's degree,trust_multidimensional,79.3362999383072
Peer-review,education,Bachelor's degree,trust_multidimensional,80.5776700176499
Peer-review,education,Master's degree / Professional degree,trust_multidimensional,81.5468683039345
Peer-review,education,Doctorate degree / Ph.D.,trust_multidimensional,81.1367016207028
Peer-review,income,"Less than $30,000",trust_multidimensional,79.0720160747774
Peer-review,income,"$30,000 to $55,999",trust_multidimensional,79.7005924530559
Peer-review,income,"$56,000 to $99,999",trust_multidimensional,80.218352244925
Peer-review,income,"$100,000 to $167,999",trust_multidimensional,79.7527566733087
Peer-review,income,"$168,000 or more",trust_multidimensional,80.5528712324264
Peer-review,party,Republican,trust_multidimensional,73.2523978742519
Peer-review,party,Democrat,trust_multidimensional,83.9262218826855
Peer-review,party,Independent,trust_multidimensional,80.1370797507435
Peer-review,party,Other,trust_multidimensional,81.2096035245519
Peer-review,gender,Male,trust_post,77.4019206108832
Peer-review,gender,Female,trust_post,80.7922120956252
Peer-review,gender,Other,trust_post,79.1296488473158
Peer-review,age_band,18-29,trust_post,79.5473445590662
Peer-review,age_band,30-44,trust_post,81.2101094525451
Peer-review,age_band,45-59,trust_post,77.3575430024318
Peer-review,age_band,60+,trust_post,78.4167501390186
Peer-review,race,White / Caucasian,trust_post,78.5199494727501
Peer-review,race,Black / African American,trust_post,81.0464586608765
Peer-review,race,Hispanic / Latino,trust_post,78.459549609394
Peer-review,race,Asian / Asian American,trust_post,81.4576974715218
Peer-review,race,Other,trust_post,82.6966130324103
Peer-review,education,Less than high school,trust_post,72.8156344614289
Peer-review,education,High school diploma / GED,trust_post,76.2943954102184
Peer-review,education,Some college or Associate's degree,trust_post,78.0873666410009
Peer-review,education,Bachelor's degree,trust_post,80.2393029004737
Peer-review,education,Master's degree / Professional degree,trust_post,81.3595734240388
Peer-review,education,Doctorate degree / Ph.D.,trust_post,81.4915212954324
Peer-review,income,"Less than $30,000",trust_post,77.6505042894109
Peer-review,income,"$30,000 to $55,999",trust_post,79.0505863362736
Peer-review,income,"$56,000 to $99,999",trust_post,79.7036436484899
Peer-review,income,"$100,000 to $167,999",trust_post,79.0702827656868
Peer-review,income,"$168,000 or more",trust_post,80.4189036471302
Peer-review,party,Republican,trust_post,68.9088175861499
Peer-review,party,Democrat,trust_post,85.6948399679842
Peer-review,party,Independent,trust_post,79.2707686493258
Peer-review,party,Other,trust_post,81.2515739551742
Peer-review,gender,Male,distrust_post,23.4779035049582
Peer-review,gender,Female,distrust_post,20.451371466864
Peer-review,gender,Other,distrust_post,21.9355509124993
Peer-review,age_band,18-29,distrust_post,21.6382809401055
Peer-review,age_band,30-44,distrust_post,19.9693050606143
Peer-review,age_band,45-59,distrust_post,23.4524850492456
Peer-review,age_band,60+,distrust_post,22.6627188064857
Peer-review,race,White / Caucasian,distrust_post,22.4958635070363
Peer-review,race,Black / African American,distrust_post,20.2140831882213
Peer-review,race,Hispanic / Latino,distrust_post,22.7132653280371
Peer-review,race,Asian / Asian American,distrust_post,19.2772427565277
Peer-review,race,Other,distrust_post,18.6701416436232
Peer-review,education,Less than high school,distrust_post,27.3023327026072
Peer-review,education,High school diploma / GED,distrust_post,24.8326829574508
Peer-review,education,Some college or Associate's degree,distrust_post,22.8289942449414
Peer-review,education,Bachelor's degree,distrust_post,20.8222749066779
Peer-review,education,Master's degree / Professional degree,distrust_post,19.2893196134929
Peer-review,education,Doctorate degree / Ph.D.,distrust_post,20.1919938482602
Peer-review,income,"Less than $30,000",distrust_post,22.9674140780736
Peer-review,income,"$30,000 to $55,999",distrust_post,21.9861676524327
Peer-review,income,"$56,000 to $99,999",distrust_post,21.4662523735062
Peer-review,income,"$100,000 to $167,999",distrust_post,22.1830058452883
Peer-review,income,"$168,000 or more",distrust_post,20.6308015518364
Peer-review,party,Republican,distrust_post,31.1790383707492
Peer-review,party,Democrat,distrust_post,16.1211481003633
Peer-review,party,Independent,distrust_post,21.6545515975256
Peer-review,party,Other,distrust_post,19.7588196795275
Peer-review,gender,Male,funding_perceptions,43.4682472100509
Peer-review,gender,Female,funding_perceptions,41.4264357413125
Peer-review,gender,Other,funding_perceptions,42.4277185876927
Peer-review,age_band,18-29,funding_perceptions,42.0216980178218
Peer-review,age_band,30-44,funding_perceptions,39.8607173804616
Peer-review,age_band,45-59,funding_perceptions,45.4494349312479
Peer-review,age_band,60+,funding_perceptions,42.6169064138306
Peer-review,race,White / Caucasian,funding_perceptions,42.8721676840766
Peer-review,race,Black / African American,funding_perceptions,40.9834108082132
Peer-review,race,Hispanic / Latino,funding_perceptions,43.7072145214845
Peer-review,race,Asian / Asian American,funding_perceptions,38.7339586393699
Peer-review,race,Other,funding_perceptions,39.6668621909058
Peer-review,education,Less than high school,funding_perceptions,44.3539877416728
Peer-review,education,High school diploma / GED,funding_perceptions,43.2838813866578
Peer-review,education,Some college or Associate's degree,funding_perceptions,42.4901550956602
Peer-review,education,Bachelor's degree,funding_perceptions,42.1189046229355
Peer-review,education,Master's degree / Professional degree,funding_perceptions,41.310164331864
Peer-review,education,Doctorate degree / Ph.D.,funding_perceptions,42.5696332152715
Peer-review,income,"Less than $30,000",funding_perceptions,42.1710977560132
Peer-review,income,"$30,000 to $55,999",funding_perceptions,40.9094400642277
Peer-review,income,"$56,000 to $99,999",funding_perceptions,41.8591997172317
Peer-review,income,"$100,000 to $167,999",funding_perceptions,44.2151383543143
Peer-review,income,"$168,000 or more",funding_perceptions,44.4604462306892
Peer-review,party,Republican,funding_perceptions,52.64875867006
Peer-review,party,Democrat,funding_perceptions,34.9816708465875
Peer-review,party,Independent,funding_perceptions,43.7433223048138
Peer-review,party,Other,funding_perceptions,38.4780029574513
Peer-review,gender,Male,policy_role_mean,74.8842968779036
Peer-review,gender,Female,policy_role_mean,77.4811854419672
Peer-review,gender,Other,policy_role_mean,76.2076986323527
Peer-review,age_band,18-29,policy_role_mean,76.7767753978997
Peer-review,age_band,30-44,policy_role_mean,78.4606200965556
Peer-review,age_band,45-59,policy_role_mean,74.5175428167367
Peer-review,age_band,60+,policy_role_mean,75.1898797402553
Peer-review,race,White / Caucasian,policy_role_mean,75.4116416316478
Peer-review,race,Black / African American,policy_role_mean,78.4460616300732
Peer-review,race,Hispanic / Latino,policy_role_mean,76.0561972155596
Peer-review,race,Asian / Asian American,policy_role_mean,78.4134486735051
Peer-review,race,Other,policy_role_mean,79.291018762331
Peer-review,education,Less than high school,policy_role_mean,71.2181592251176
Peer-review,education,High school diploma / GED,policy_role_mean,74.6461270293375
Peer-review,education,Some college or Associate's degree,policy_role_mean,75.755480601824
Peer-review,education,Bachelor's degree,policy_role_mean,76.8629313754832
Peer-review,education,Master's degree / Professional degree,policy_role_mean,77.4156472111013
Peer-review,education,Doctorate degree / Ph.D.,policy_role_mean,77.0877703117879
Peer-review,income,"Less than $30,000",policy_role_mean,76.0857220033209
Peer-review,income,"$30,000 to $55,999",policy_role_mean,76.531846345006
Peer-review,income,"$56,000 to $99,999",policy_role_mean,76.5213081284191
Peer-review,income,"$100,000 to $167,999",policy_role_mean,75.4986851903279
Peer-review,income,"$168,000 or more",policy_role_mean,76.4473909611803
Peer-review,party,Republican,policy_role_mean,66.0017581648649
Peer-review,party,Democrat,policy_role_mean,82.545181732129
Peer-review,party,Independent,policy_role_mean,76.6198996426456
Peer-review,party,Other,policy_role_mean,78.7908330145214
Peer-review,gender,Male,inst_trust_mean,69.0993420503314
Peer-review,gender,Female,inst_trust_mean,71.7556332691233
Peer-review,gender,Other,inst_trust_mean,70.4530160230706
Peer-review,age_band,18-29,inst_trust_mean,70.8488948975529
Peer-review,age_band,30-44,inst_trust_mean,72.4359566127487
Peer-review,age_band,45-59,inst_trust_mean,68.8196141767771
Peer-review,age_band,60+,inst_trust_mean,69.7337534882278
Peer-review,race,White / Caucasian,inst_trust_mean,69.8108850122361
Peer-review,race,Black / African American,inst_trust_mean,72.1923526759424
Peer-review,race,Hispanic / Latino,inst_trust_mean,69.9223442163828
Peer-review,race,Asian / Asian American,inst_trust_mean,73.3435603452231
Peer-review,race,Other,inst_trust_mean,73.2340934297058
Peer-review,education,Less than high school,inst_trust_mean,64.259544830938
Peer-review,education,High school diploma / GED,inst_trust_mean,67.4394354480572
Peer-review,education,Some college or Associate's degree,inst_trust_mean,69.6702061146196
Peer-review,education,Bachelor's degree,inst_trust_mean,71.5559011675279
Peer-review,education,Master's degree / Professional degree,inst_trust_mean,72.2395697157571
Peer-review,education,Doctorate degree / Ph.D.,inst_trust_mean,72.4001129550556
Peer-review,income,"Less than $30,000",inst_trust_mean,69.3026209609947
Peer-review,income,"$30,000 to $55,999",inst_trust_mean,70.2170070558555
Peer-review,income,"$56,000 to $99,999",inst_trust_mean,70.9662366840637
Peer-review,income,"$100,000 to $167,999",inst_trust_mean,70.4690620875224
Peer-review,income,"$168,000 or more",inst_trust_mean,71.3739440797245
Peer-review,party,Republican,inst_trust_mean,60.862382675794
Peer-review,party,Democrat,inst_trust_mean,76.5228610523152
Peer-review,party,Independent,inst_trust_mean,70.7451898233489
Peer-review,party,Other,inst_trust_mean,72.1538952035994
Peer-review,gender,Male,belief_post,87.8398543478862
Peer-review,gender,Female,belief_post,90.3285218469616
Peer-review,gender,Other,belief_post,89.108105508176
Peer-review,age_band,18-29,belief_post,89.5622587049399
Peer-review,age_band,30-44,belief_post,91.3482229214362
Peer-review,age_band,45-59,belief_post,88.1531285552364
Peer-review,age_band,60+,belief_post,87.6311383896924
Peer-review,race,White / Caucasian,belief_post,88.2886746799139
Peer-review,race,Black / African American,belief_post,90.8851978611129
Peer-review,race,Hispanic / Latino,belief_post,88.9976929533851
Peer-review,race,Asian / Asian American,belief_post,92.0074112112187
Peer-review,race,Other,belief_post,92.8143802586006
Peer-review,education,Less than high school,belief_post,83.3565403052234
Peer-review,education,High school diploma / GED,belief_post,85.7149635600976
Peer-review,education,Some college or Associate's degree,belief_post,88.0121370091756
Peer-review,education,Bachelor's degree,belief_post,90.472510827039
Peer-review,education,Master's degree / Professional degree,belief_post,91.3676372416936
Peer-review,education,Doctorate degree / Ph.D.,belief_post,91.3707916637817
Peer-review,income,"Less than $30,000",belief_post,87.4416756378589
Peer-review,income,"$30,000 to $55,999",belief_post,88.7457739201445
Peer-review,income,"$56,000 to $99,999",belief_post,89.4592714467056
Peer-review,income,"$100,000 to $167,999",belief_post,89.7271195770568
Peer-review,income,"$168,000 or more",belief_post,90.4898064252869
Peer-review,party,Republican,belief_post,80.1257595925551
Peer-review,party,Democrat,belief_post,94.9733322425047
Peer-review,party,Independent,belief_post,89.1242523384456
Peer-review,party,Other,belief_post,90.6572229837795
Peer-review,gender,Male,concern_mean,70.5829165810486
Peer-review,gender,Female,concern_mean,76.4731501579298
Peer-review,gender,Other,concern_mean,73.5846416291046
Peer-review,age_band,18-29,concern_mean,74.5796437458324
Peer-review,age_band,30-44,concern_mean,77.037806052876
Peer-review,age_band,45-59,concern_mean,70.8368786965771
Peer-review,age_band,60+,concern_mean,72.0609807494133
Peer-review,race,White / Caucasian,concern_mean,72.3312339687391
Peer-review,race,Black / African American,concern_mean,76.8941487946749
Peer-review,race,Hispanic / Latino,concern_mean,73.4809182918777
Peer-review,race,Asian / Asian American,concern_mean,77.0290075416946
Peer-review,race,Other,concern_mean,78.5810601663313
Peer-review,education,Less than high school,concern_mean,66.1898909657623
Peer-review,education,High school diploma / GED,concern_mean,71.0014440208027
Peer-review,education,Some college or Associate's degree,concern_mean,72.9856411224125
Peer-review,education,Bachelor's degree,concern_mean,74.6768714561249
Peer-review,education,Master's degree / Professional degree,concern_mean,75.6106990542813
Peer-review,education,Doctorate degree / Ph.D.,concern_mean,74.4818503248237
Peer-review,income,"Less than $30,000",concern_mean,73.7321525918467
Peer-review,income,"$30,000 to $55,999",concern_mean,74.1624075048538
Peer-review,income,"$56,000 to $99,999",concern_mean,74.1130466178089
Peer-review,income,"$100,000 to $167,999",concern_mean,72.1530834408476
Peer-review,income,"$168,000 or more",concern_mean,73.8222028792391
Peer-review,party,Republican,concern_mean,58.3109440147421
Peer-review,party,Democrat,concern_mean,83.5438930462041
Peer-review,party,Independent,concern_mean,73.5352777315109
Peer-review,party,Other,concern_mean,77.2146290962785
Peer-review,gender,Male,policy_general,74.8904925837335
Peer-review,gender,Female,policy_general,77.2141684034519
Peer-review,gender,Other,policy_general,76.0746622470534
Peer-review,age_band,18-29,policy_general,78.2353736198204
Peer-review,age_band,30-44,policy_general,79.9456791056046
Peer-review,age_band,45-59,policy_general,73.897180144554
Peer-review,age_band,60+,policy_general,73.015311262266
Peer-review,race,White / Caucasian,policy_general,75.0440762574767
Peer-review,race,Black / African American,policy_general,78.0437243172965
Peer-review,race,Hispanic / Latino,policy_general,77.5878699340727
Peer-review,race,Asian / Asian American,policy_general,77.0799455797372
Peer-review,race,Other,policy_general,77.4220064422928
Peer-review,education,Less than high school,policy_general,76.2710301798001
Peer-review,education,High school diploma / GED,policy_general,74.2919936027507
Peer-review,education,Some college or Associate's degree,policy_general,76.1310399120796
Peer-review,education,Bachelor's degree,policy_general,76.2129581157374
Peer-review,education,Master's degree / Professional degree,policy_general,76.5392365325847
Peer-review,education,Doctorate degree / Ph.D.,policy_general,77.344348990777
Peer-review,income,"Less than $30,000",policy_general,76.8346046550503
Peer-review,income,"$30,000 to $55,999",policy_general,76.9466564412812
Peer-review,income,"$56,000 to $99,999",policy_general,76.001748353832
Peer-review,income,"$100,000 to $167,999",policy_general,74.654659899228
Peer-review,income,"$168,000 or more",policy_general,77.2023768642213
Peer-review,party,Republican,policy_general,65.892707659284
Peer-review,party,Democrat,policy_general,83.6560034551482
Peer-review,party,Independent,policy_general,74.9305051971282
Peer-review,party,Other,policy_general,75.8699527903732
Peer-review,gender,Male,policy_specific_mean,72.0865858241172
Peer-review,gender,Female,policy_specific_mean,73.5713988610416
Peer-review,gender,Other,policy_specific_mean,72.8432621810803
Peer-review,age_band,18-29,policy_specific_mean,74.330220015998
Peer-review,age_band,30-44,policy_specific_mean,75.4302535165457
Peer-review,age_band,45-59,policy_specific_mean,71.3143205562165
Peer-review,age_band,60+,policy_specific_mean,70.8253257841483
Peer-review,race,White / Caucasian,policy_specific_mean,72.1867672890514
Peer-review,race,Black / African American,policy_specific_mean,74.1934827644654
Peer-review,race,Hispanic / Latino,policy_specific_mean,73.7283831900308
Peer-review,race,Asian / Asian American,policy_specific_mean,73.4160988227595
Peer-review,race,Other,policy_specific_mean,73.9579039394111
Peer-review,education,Less than high school,policy_specific_mean,72.9799304607418
Peer-review,education,High school diploma / GED,policy_specific_mean,71.6228347738528
Peer-review,education,Some college or Associate's degree,policy_specific_mean,72.9879034942341
Peer-review,education,Bachelor's degree,policy_specific_mean,72.8774892820105
Peer-review,education,Master's degree / Professional degree,policy_specific_mean,73.1131565672272
Peer-review,education,Doctorate degree / Ph.D.,policy_specific_mean,73.6091651515342
Peer-review,income,"Less than $30,000",policy_specific_mean,73.382737379486
Peer-review,income,"$30,000 to $55,999",policy_specific_mean,73.3868744875464
Peer-review,income,"$56,000 to $99,999",policy_specific_mean,72.8213926304983
Peer-review,income,"$100,000 to $167,999",policy_specific_mean,71.8299659568241
Peer-review,income,"$168,000 or more",policy_specific_mean,73.7341952450384
Peer-review,party,Republican,policy_specific_mean,66.1321836783525
Peer-review,party,Democrat,policy_specific_mean,77.8089866932515
Peer-review,party,Independent,policy_specific_mean,72.1240438760575
Peer-review,party,Other,policy_specific_mean,72.815324445781
Peer-review,gender,Male,behavior_mean,38.7621548715026
Peer-review,gender,Female,behavior_mean,44.0135430918294
Peer-review,gender,Other,behavior_mean,41.4383175995633
Peer-review,age_band,18-29,behavior_mean,42.5852315041643
Peer-review,age_band,30-44,behavior_mean,43.6102316792543
Peer-review,age_band,45-59,behavior_mean,40.0436080084536
Peer-review,age_band,60+,behavior_mean,39.8927077358117
Peer-review,race,White / Caucasian,behavior_mean,40.3975905050342
Peer-review,race,Black / African American,behavior_mean,43.6615926976044
Peer-review,race,Hispanic / Latino,behavior_mean,41.8002542168004
Peer-review,race,Asian / Asian American,behavior_mean,43.707633330026
Peer-review,race,Other,behavior_mean,46.4159544688958
Peer-review,education,Less than high school,behavior_mean,33.9574544990151
Peer-review,education,High school diploma / GED,behavior_mean,38.2648166636088
Peer-review,education,Some college or Associate's degree,behavior_mean,40.70324334114
Peer-review,education,Bachelor's degree,behavior_mean,42.5641199259072
Peer-review,education,Master's degree / Professional degree,behavior_mean,44.498872352401
Peer-review,education,Doctorate degree / Ph.D.,behavior_mean,42.9620699943855
Peer-review,income,"Less than $30,000",behavior_mean,39.940252107314
Peer-review,income,"$30,000 to $55,999",behavior_mean,41.2530322905053
Peer-review,income,"$56,000 to $99,999",behavior_mean,41.8292362324904
Peer-review,income,"$100,000 to $167,999",behavior_mean,41.839676394704
Peer-review,income,"$168,000 or more",behavior_mean,42.3797662953677
Peer-review,party,Republican,behavior_mean,31.5525089619556
Peer-review,party,Democrat,behavior_mean,48.5196263284454
Peer-review,party,Independent,behavior_mean,40.5074192073186
Peer-review,party,Other,behavior_mean,43.5516986286492
Peer-review,gender,Male,donation_ams,2.54401601554204
Peer-review,gender,Female,donation_ams,2.94774261836153
Peer-review,gender,Other,donation_ams,2.74975934310826
Peer-review,age_band,18-29,donation_ams,2.62528777901228
Peer-review,age_band,30-44,donation_ams,2.76430702344884
Peer-review,age_band,45-59,donation_ams,2.68175657926881
Peer-review,age_band,60+,donation_ams,2.86912940608688
Peer-review,race,White / Caucasian,donation_ams,2.78137515090225
Peer-review,race,Black / African American,donation_ams,2.65798263504228
Peer-review,race,Hispanic / Latino,donation_ams,2.60369369298494
Peer-review,race,Asian / Asian American,donation_ams,2.82534882149099
Peer-review,race,Other,donation_ams,3.25054304715151
Peer-review,education,Less than high school,donation_ams,1.92200659567832
Peer-review,education,High school diploma / GED,donation_ams,2.25226386099053
Peer-review,education,Some college or Associate's degree,donation_ams,2.62653748701685
Peer-review,education,Bachelor's degree,donation_ams,2.81523133551275
Peer-review,education,Master's degree / Professional degree,donation_ams,3.46756196513549
Peer-review,education,Doctorate degree / Ph.D.,donation_ams,3.28395373854034
Peer-review,income,"Less than $30,000",donation_ams,2.04289576781952
Peer-review,income,"$30,000 to $55,999",donation_ams,2.61560953072079
Peer-review,income,"$56,000 to $99,999",donation_ams,2.88378178470185
Peer-review,income,"$100,000 to $167,999",donation_ams,3.05209109480426
Peer-review,income,"$168,000 or more",donation_ams,3.19908098023761
Peer-review,party,Republican,donation_ams,1.94600012678851
Peer-review,party,Democrat,donation_ams,3.36456813029792
Peer-review,party,Independent,donation_ams,2.60378590455
Peer-review,party,Other,donation_ams,3.06073097225342
Peer-review,gender,Male,newsletter_signup,0.0198370137509387
Peer-review,gender,Female,newsletter_signup,0.0228238238562279
Peer-review,gender,Other,newsletter_signup,0.0213591236282146
Peer-review,age_band,18-29,newsletter_signup,0.0226568499171975
Peer-review,age_band,30-44,newsletter_signup,0.0250295542839994
Peer-review,age_band,45-59,newsletter_signup,0.0191069260565811
Peer-review,age_band,60+,newsletter_signup,0.0190874212596326
Peer-review,race,White / Caucasian,newsletter_signup,0.0207044381417207
Peer-review,race,Black / African American,newsletter_signup,0.0229579375972734
Peer-review,race,Hispanic / Latino,newsletter_signup,0.0214270271069902
Peer-review,race,Asian / Asian American,newsletter_signup,0.0235808174435218
Peer-review,race,Other,newsletter_signup,0.0227112046319716
Peer-review,education,Less than high school,newsletter_signup,0.0176801375848679
Peer-review,education,High school diploma / GED,newsletter_signup,0.0182394417819524
Peer-review,education,Some college or Associate's degree,newsletter_signup,0.021770139310562
Peer-review,education,Bachelor's degree,newsletter_signup,0.0207489931121725
Peer-review,education,Master's degree / Professional degree,newsletter_signup,0.0250573062817747
Peer-review,education,Doctorate degree / Ph.D.,newsletter_signup,0.0247436327321589
Peer-review,income,"Less than $30,000",newsletter_signup,0.0213139646466
Peer-review,income,"$30,000 to $55,999",newsletter_signup,0.0211765617617865
Peer-review,income,"$56,000 to $99,999",newsletter_signup,0.0214982939823146
Peer-review,income,"$100,000 to $167,999",newsletter_signup,0.0202484902491961
Peer-review,income,"$168,000 or more",newsletter_signup,0.0258093416740835
Peer-review,party,Republican,newsletter_signup,0.0110921025393313
Peer-review,party,Democrat,newsletter_signup,0.0302237825165162
Peer-review,party,Independent,newsletter_signup,0.0185671365457492
Peer-review,party,Other,newsletter_signup,0.0197963440854722
Scientist community helpers,gender,Male,trust_multidimensional,79.4695624400128
Scientist community helpers,gender,Female,trust_multidimensional,81.7228455295469
Scientist community helpers,gender,Other,trust_multidimensional,80.6178592268775
Scientist community helpers,age_band,18-29,trust_multidimensional,80.8244935332051
Scientist community helpers,age_band,30-44,trust_multidimensional,81.9221736451726
Scientist community helpers,age_band,45-59,trust_multidimensional,79.5956440819083
Scientist community helpers,age_band,60+,trust_multidimensional,80.1411552151063
Scientist community helpers,race,White / Caucasian,trust_multidimensional,80.1835319470639
Scientist community helpers,race,Black / African American,trust_multidimensional,81.4851453626121
Scientist community helpers,race,Hispanic / Latino,trust_multidimensional,80.5262443130193
Scientist community helpers,race,Asian / Asian American,trust_multidimensional,82.4111252297124
Scientist community helpers,race,Other,trust_multidimensional,82.5111317880474
Scientist community helpers,education,Less than high school,trust_multidimensional,75.9769238448472
Scientist community helpers,education,High school diploma / GED,trust_multidimensional,78.8284596318368
Scientist community helpers,education,Some college or Associate's degree,trust_multidimensional,80.1375620957029
Scientist community helpers,education,Bachelor's degree,trust_multidimensional,81.3780525307165
Scientist community helpers,education,Master's degree / Professional degree,trust_multidimensional,82.0822809057074
Scientist community helpers,education,Doctorate degree / Ph.D.,trust_multidimensional,81.3749459086202
Scientist community helpers,income,"Less than $30,000",trust_multidimensional,80.0323103260744
Scientist community helpers,income,"$30,000 to $55,999",trust_multidimensional,80.6877248065474
Scientist community helpers,income,"$56,000 to $99,999",trust_multidimensional,80.8686074155797
Scientist community helpers,income,"$100,000 to $167,999",trust_multidimensional,80.3137093385765
Scientist community helpers,income,"$168,000 or more",trust_multidimensional,81.7957227090055
Scientist community helpers,party,Republican,trust_multidimensional,74.1329775774101
Scientist community helpers,party,Democrat,trust_multidimensional,84.6434790173842
Scientist community helpers,party,Independent,trust_multidimensional,80.8973152623039
Scientist community helpers,party,Other,trust_multidimensional,82.0978438870787
Scientist community helpers,gender,Male,trust_post,77.5060578040786
Scientist community helpers,gender,Female,trust_post,80.628123887508
Scientist community helpers,gender,Other,trust_post,79.0970955519022
Scientist community helpers,age_band,18-29,trust_post,79.0943962452781
Scientist community helpers,age_band,30-44,trust_post,81.231522455808
Scientist community helpers,age_band,45-59,trust_post,77.5893326066445
Scientist community helpers,age_band,60+,trust_post,78.4171051849025
Scientist community helpers,race,White / Caucasian,trust_post,78.3518743761569
Scientist community helpers,race,Black / African American,trust_post,80.8806238632563
Scientist community helpers,race,Hispanic / Latino,trust_post,78.7575615979592
Scientist community helpers,race,Asian / Asian American,trust_post,82.2871168215579
Scientist community helpers,race,Other,trust_post,81.9504754358089
Scientist community helpers,education,Less than high school,trust_post,72.4917765243056
Scientist community helpers,education,High school diploma / GED,trust_post,76.3878238552084
Scientist community helpers,education,Some college or Associate's degree,trust_post,78.1262555814054
Scientist community helpers,education,Bachelor's degree,trust_post,80.3575452920282
Scientist community helpers,education,Master's degree / Professional degree,trust_post,81.5505177663258
Scientist community helpers,education,Doctorate degree / Ph.D.,trust_post,80.5069663778763
Scientist community helpers,income,"Less than $30,000",trust_post,77.9612956415389
Scientist community helpers,income,"$30,000 to $55,999",trust_post,78.6932038165443
Scientist community helpers,income,"$56,000 to $99,999",trust_post,79.5135009245671
Scientist community helpers,income,"$100,000 to $167,999",trust_post,79.1247737269903
Scientist community helpers,income,"$168,000 or more",trust_post,81.0915931550332
Scientist community helpers,party,Republican,trust_post,69.098586641407
Scientist community helpers,party,Democrat,trust_post,85.5429942021416
Scientist community helpers,party,Independent,trust_post,79.1927356468044
Scientist community helpers,party,Other,trust_post,81.2577118760187
Scientist community helpers,gender,Male,distrust_post,23.3624542167488
Scientist community helpers,gender,Female,distrust_post,20.6094003424348
Scientist community helpers,gender,Other,distrust_post,21.9594689759578
Scientist community helpers,age_band,18-29,distrust_post,21.745828183957
Scientist community helpers,age_band,30-44,distrust_post,20.0227081007683
Scientist community helpers,age_band,45-59,distrust_post,23.5056915465154
Scientist community helpers,age_band,60+,distrust_post,22.5854959798349
Scientist community helpers,race,White / Caucasian,distrust_post,22.5188064756555
Scientist community helpers,race,Black / African American,distrust_post,20.5314179571089
Scientist community helpers,race,Hispanic / Latino,distrust_post,22.5742200496622
Scientist community helpers,race,Asian / Asian American,distrust_post,19.0341607208682
Scientist community helpers,race,Other,distrust_post,19.1289230488167
Scientist community helpers,education,Less than high school,distrust_post,26.7669502646406
Scientist community helpers,education,High school diploma / GED,distrust_post,24.2961310235871
Scientist community helpers,education,Some college or Associate's degree,distrust_post,22.7815526277993
Scientist community helpers,education,Bachelor's degree,distrust_post,20.8704741134867
Scientist community helpers,education,Master's degree / Professional degree,distrust_post,19.9607465256075
Scientist community helpers,education,Doctorate degree / Ph.D.,distrust_post,20.8133294927396
Scientist community helpers,income,"Less than $30,000",distrust_post,22.657426028051
Scientist community helpers,income,"$30,000 to $55,999",distrust_post,22.2419652978302
Scientist community helpers,income,"$56,000 to $99,999",distrust_post,21.606515304023
Scientist community helpers,income,"$100,000 to $167,999",distrust_post,22.1500702414711
Scientist community helpers,income,"$168,000 or more",distrust_post,20.3657988584476
Scientist community helpers,party,Republican,distrust_post,30.7268809240364
Scientist community helpers,party,Democrat,distrust_post,16.3386396061475
Scientist community helpers,party,Independent,distrust_post,21.7783026866985
Scientist community helpers,party,Other,distrust_post,20.5947631304958
Scientist community helpers,gender,Male,funding_perceptions,42.5924796347983
Scientist community helpers,gender,Female,funding_perceptions,40.0945060880794
Scientist community helpers,gender,Other,funding_perceptions,41.3194860146476
Scientist community helpers,age_band,18-29,funding_perceptions,40.6760547539366
Scientist community helpers,age_band,30-44,funding_perceptions,39.3907564094949
Scientist community helpers,age_band,45-59,funding_perceptions,42.7675339262263
Scientist community helpers,age_band,60+,funding_perceptions,42.2919869273855
Scientist community helpers,race,White / Caucasian,funding_perceptions,42.1991762451717
Scientist community helpers,race,Black / African American,funding_perceptions,39.8898599996591
Scientist community helpers,race,Hispanic / Latino,funding_perceptions,40.170274722008
Scientist community helpers,race,Asian / Asian American,funding_perceptions,40.3700243905549
Scientist community helpers,race,Other,funding_perceptions,38.3186521263156
Scientist community helpers,education,Less than high school,funding_perceptions,44.1322953984803
Scientist community helpers,education,High school diploma / GED,funding_perceptions,42.3947145321283
Scientist community helpers,education,Some college or Associate's degree,funding_perceptions,40.7863119693874
Scientist community helpers,education,Bachelor's degree,funding_perceptions,41.2166523957524
Scientist community helpers,education,Master's degree / Professional degree,funding_perceptions,41.3300416338826
Scientist community helpers,education,Doctorate degree / Ph.D.,funding_perceptions,41.8648041000163
Scientist community helpers,income,"Less than $30,000",funding_perceptions,40.4402756333359
Scientist community helpers,income,"$30,000 to $55,999",funding_perceptions,39.7702319415004
Scientist community helpers,income,"$56,000 to $99,999",funding_perceptions,41.7309697314439
Scientist community helpers,income,"$100,000 to $167,999",funding_perceptions,42.9907557394435
Scientist community helpers,income,"$168,000 or more",funding_perceptions,39.6923250800779
Scientist community helpers,party,Republican,funding_perceptions,52.13536116342
Scientist community helpers,party,Democrat,funding_perceptions,34.2081223710058
Scientist community helpers,party,Independent,funding_perceptions,41.464043315754
Scientist community helpers,party,Other,funding_perceptions,38.5011657628015
Scientist community helpers,gender,Male,policy_role_mean,76.8898321786512
Scientist community helpers,gender,Female,policy_role_mean,77.9193789448119
Scientist community helpers,gender,Other,policy_role_mean,77.4145000506112
Scientist community helpers,age_band,18-29,policy_role_mean,78.3607698727138
Scientist community helpers,age_band,30-44,policy_role_mean,79.2280737632712
Scientist community helpers,age_band,45-59,policy_role_mean,76.4390340569379
Scientist community helpers,age_band,60+,policy_role_mean,75.991156391623
Scientist community helpers,race,White / Caucasian,policy_role_mean,76.9024320226928
Scientist community helpers,race,Black / African American,policy_role_mean,78.3850280760981
Scientist community helpers,race,Hispanic / Latino,policy_role_mean,78.1589963262486
Scientist community helpers,race,Asian / Asian American,policy_role_mean,77.892883419671
Scientist community helpers,race,Other,policy_role_mean,78.2196471016676
Scientist community helpers,education,Less than high school,policy_role_mean,77.3042462655415
Scientist community helpers,education,High school diploma / GED,policy_role_mean,76.4811585675035
Scientist community helpers,education,Some college or Associate's degree,policy_role_mean,77.421030714085
Scientist community helpers,education,Bachelor's degree,policy_role_mean,77.4806006290374
Scientist community helpers,education,Master's degree / Professional degree,policy_role_mean,77.7981897071819
Scientist community helpers,education,Doctorate degree / Ph.D.,policy_role_mean,78.1344973439496
Scientist community helpers,income,"Less than $30,000",policy_role_mean,77.7947326339161
Scientist community helpers,income,"$30,000 to $55,999",policy_role_mean,77.8203943445578
Scientist community helpers,income,"$56,000 to $99,999",policy_role_mean,77.3444390436133
Scientist community helpers,income,"$100,000 to $167,999",policy_role_mean,76.7535221732314
Scientist community helpers,income,"$168,000 or more",policy_role_mean,78.0853619250321
Scientist community helpers,party,Republican,policy_role_mean,72.6843371927764
Scientist community helpers,party,Democrat,policy_role_mean,80.9530268323853
Scientist community helpers,party,Independent,policy_role_mean,76.8663807612267
Scientist community helpers,party,Other,policy_role_mean,77.243784281738
Scientist community helpers,gender,Male,inst_trust_mean,68.1180866571667
Scientist community helpers,gender,Female,inst_trust_mean,70.8408785227583
Scientist community helpers,gender,Other,inst_trust_mean,69.5056500596892
Scientist community helpers,age_band,18-29,inst_trust_mean,69.7364616550505
Scientist community helpers,age_band,30-44,inst_trust_mean,71.206798834129
Scientist community helpers,age_band,45-59,inst_trust_mean,68.1955479573549
Scientist community helpers,age_band,60+,inst_trust_mean,68.892022055073
Scientist community helpers,race,White / Caucasian,inst_trust_mean,68.7433796772343
Scientist community helpers,race,Black / African American,inst_trust_mean,71.0123165787636
Scientist community helpers,race,Hispanic / Latino,inst_trust_mean,69.3989677504182
Scientist community helpers,race,Asian / Asian American,inst_trust_mean,72.7042825212998
Scientist community helpers,race,Other,inst_trust_mean,72.4138238080811
Scientist community helpers,education,Less than high school,inst_trust_mean,62.0061298692679
Scientist community helpers,education,High school diploma / GED,inst_trust_mean,66.6207897742112
Scientist community helpers,education,Some college or Associate's degree,inst_trust_mean,68.5422049238158
Scientist community helpers,education,Bachelor's degree,inst_trust_mean,70.8573101248964
Scientist community helpers,education,Master's degree / Professional degree,inst_trust_mean,71.8952788359795
Scientist community helpers,education,Doctorate degree / Ph.D.,inst_trust_mean,70.8697203608876
Scientist community helpers,income,"Less than $30,000",inst_trust_mean,68.1722827378278
Scientist community helpers,income,"$30,000 to $55,999",inst_trust_mean,69.2398075402719
Scientist community helpers,income,"$56,000 to $99,999",inst_trust_mean,70.0077238200209
Scientist community helpers,income,"$100,000 to $167,999",inst_trust_mean,69.6757671567247
Scientist community helpers,income,"$168,000 or more",inst_trust_mean,70.4984941353805
Scientist community helpers,party,Republican,inst_trust_mean,59.6178532051462
Scientist community helpers,party,Democrat,inst_trust_mean,75.7762003679268
Scientist community helpers,party,Independent,inst_trust_mean,69.7782280441357
Scientist community helpers,party,Other,inst_trust_mean,71.3648748440462
Scientist community helpers,gender,Male,belief_post,87.9576246453013
Scientist community helpers,gender,Female,belief_post,90.7884334156647
Scientist community helpers,gender,Other,belief_post,89.4002345997873
Scientist community helpers,age_band,18-29,belief_post,89.8211891307889
Scientist community helpers,age_band,30-44,belief_post,91.5922777784066
Scientist community helpers,age_band,45-59,belief_post,88.1245777532301
Scientist community helpers,age_band,60+,belief_post,88.2231585198718
Scientist community helpers,race,White / Caucasian,belief_post,88.4920074560361
Scientist community helpers,race,Black / African American,belief_post,91.1572658315239
Scientist community helpers,race,Hispanic / Latino,belief_post,89.704597196697
Scientist community helpers,race,Asian / Asian American,belief_post,92.2377628711027
Scientist community helpers,race,Other,belief_post,92.5516161418596
Scientist community helpers,education,Less than high school,belief_post,83.9396247409755
Scientist community helpers,education,High school diploma / GED,belief_post,86.6962470849574
Scientist community helpers,education,Some college or Associate's degree,belief_post,88.3223281003673
Scientist community helpers,education,Bachelor's degree,belief_post,90.7245077510901
Scientist community helpers,education,Master's degree / Professional degree,belief_post,91.9599552113234
Scientist community helpers,education,Doctorate degree / Ph.D.,belief_post,90.8005786124049
Scientist community helpers,income,"Less than $30,000",belief_post,88.2262874119534
Scientist community helpers,income,"$30,000 to $55,999",belief_post,89.0879810748329
Scientist community helpers,income,"$56,000 to $99,999",belief_post,89.859139304806
Scientist community helpers,income,"$100,000 to $167,999",belief_post,89.3821387872371
Scientist community helpers,income,"$168,000 or more",belief_post,91.1231736856537
Scientist community helpers,party,Republican,belief_post,80.406188493502
Scientist community helpers,party,Democrat,belief_post,95.066894449391
Scientist community helpers,party,Independent,belief_post,89.608067829495
Scientist community helpers,party,Other,belief_post,92.0537823561837
Scientist community helpers,gender,Male,concern_mean,73.3835519933693
Scientist community helpers,gender,Female,concern_mean,75.1029174487976
Scientist community helpers,gender,Other,concern_mean,74.2597587323649
Scientist community helpers,age_band,18-29,concern_mean,75.9182942245705
Scientist community helpers,age_band,30-44,concern_mean,77.3482151425858
Scientist community helpers,age_band,45-59,concern_mean,72.5191646855773
Scientist community helpers,age_band,60+,concern_mean,71.8639943217703
Scientist community helpers,race,White / Caucasian,concern_mean,73.3948458981365
Scientist community helpers,race,Black / African American,concern_mean,76.2535512851346
Scientist community helpers,race,Hispanic / Latino,concern_mean,75.3398847164289
Scientist community helpers,race,Asian / Asian American,concern_mean,74.8813221079347
Scientist community helpers,race,Other,concern_mean,75.657328861649
Scientist community helpers,education,Less than high school,concern_mean,74.107099896803
Scientist community helpers,education,High school diploma / GED,concern_mean,72.881005897281
Scientist community helpers,education,Some college or Associate's degree,concern_mean,74.3922554758476
Scientist community helpers,education,Bachelor's degree,concern_mean,74.2885245079001
Scientist community helpers,education,Master's degree / Professional degree,concern_mean,74.6711192756586
Scientist community helpers,education,Doctorate degree / Ph.D.,concern_mean,75.2360512897724
Scientist community helpers,income,"Less than $30,000",concern_mean,74.9125625071589
Scientist community helpers,income,"$30,000 to $55,999",concern_mean,74.862173836788
Scientist community helpers,income,"$56,000 to $99,999",concern_mean,74.179453222948
Scientist community helpers,income,"$100,000 to $167,999",concern_mean,73.1719744559166
Scientist community helpers,income,"$168,000 or more",concern_mean,75.2887235722377
Scientist community helpers,party,Republican,concern_mean,66.4528908760615
Scientist community helpers,party,Democrat,concern_mean,80.0764944709997
Scientist community helpers,party,Independent,concern_mean,73.4060962605766
Scientist community helpers,party,Other,concern_mean,73.8037760337117
Scientist community helpers,gender,Male,policy_general,75.236344451916
Scientist community helpers,gender,Female,policy_general,77.5809894859919
Scientist community helpers,gender,Other,policy_general,76.4312002476538
Scientist community helpers,age_band,18-29,policy_general,78.7623821458743
Scientist community helpers,age_band,30-44,policy_general,80.3202787919573
Scientist community helpers,age_band,45-59,policy_general,74.2486164004738
Scientist community helpers,age_band,60+,policy_general,73.24915835755
Scientist community helpers,race,White / Caucasian,policy_general,75.3626238433999
Scientist community helpers,race,Black / African American,policy_general,78.2455664053679
Scientist community helpers,race,Hispanic / Latino,policy_general,78.1054461388867
Scientist community helpers,race,Asian / Asian American,policy_general,77.5547744233262
Scientist community helpers,race,Other,policy_general,77.9536850433385
Scientist community helpers,education,Less than high school,policy_general,77.1496318510908
Scientist community helpers,education,High school diploma / GED,policy_general,74.7393214356547
Scientist community helpers,education,Some college or Associate's degree,policy_general,76.5267667269636
Scientist community helpers,education,Bachelor's degree,policy_general,76.5064820594451
Scientist community helpers,education,Master's degree / Professional degree,policy_general,76.9274818676939
Scientist community helpers,education,Doctorate degree / Ph.D.,policy_general,77.6421724182441
Scientist community helpers,income,"Less than $30,000",policy_general,77.4168677854703
Scientist community helpers,income,"$30,000 to $55,999",policy_general,77.3922750141786
Scientist community helpers,income,"$56,000 to $99,999",policy_general,76.2949374162147
Scientist community helpers,income,"$100,000 to $167,999",policy_general,74.8711201358451
Scientist community helpers,income,"$168,000 or more",policy_general,77.5659128917395
Scientist community helpers,party,Republican,policy_general,66.2463391164007
Scientist community helpers,party,Democrat,policy_general,83.9918421403303
Scientist community helpers,party,Independent,policy_general,75.2780598406957
Scientist community helpers,party,Other,policy_general,76.6550131704714
Scientist community helpers,gender,Male,policy_specific_mean,71.8879328022853
Scientist community helpers,gender,Female,policy_specific_mean,73.4068670430133
Scientist community helpers,gender,Other,policy_specific_mean,72.6619976839631
Scientist community helpers,age_band,18-29,policy_specific_mean,74.1622702759296
Scientist community helpers,age_band,30-44,policy_specific_mean,75.2834685429876
Scientist community helpers,age_band,45-59,policy_specific_mean,71.1620971835454
Scientist community helpers,age_band,60+,policy_specific_mean,70.5847792350856
Scientist community helpers,race,White / Caucasian,policy_specific_mean,71.978510969817
Scientist community helpers,race,Black / African American,policy_specific_mean,73.9423442773885
Scientist community helpers,race,Hispanic / Latino,policy_specific_mean,73.6319709299625
Scientist community helpers,race,Asian / Asian American,policy_specific_mean,73.3590156968203
Scientist community helpers,race,Other,policy_specific_mean,73.8191672918833
Scientist community helpers,education,Less than high school,policy_specific_mean,72.9173022853609
Scientist community helpers,education,High school diploma / GED,policy_specific_mean,71.4487187227935
Scientist community helpers,education,Some college or Associate's degree,policy_specific_mean,72.7669918408279
Scientist community helpers,education,Bachelor's degree,policy_specific_mean,72.6982256019304
Scientist community helpers,education,Master's degree / Professional degree,policy_specific_mean,72.965818723829
Scientist community helpers,education,Doctorate degree / Ph.D.,policy_specific_mean,73.51504130954
Scientist community helpers,income,"Less than $30,000",policy_specific_mean,73.2665143164115
Scientist community helpers,income,"$30,000 to $55,999",policy_specific_mean,73.265378621388
Scientist community helpers,income,"$56,000 to $99,999",policy_specific_mean,72.5850299317325
Scientist community helpers,income,"$100,000 to $167,999",policy_specific_mean,71.6297345102521
Scientist community helpers,income,"$168,000 or more",policy_specific_mean,73.5802543235103
Scientist community helpers,party,Republican,policy_specific_mean,65.8554191292515
Scientist community helpers,party,Democrat,policy_specific_mean,77.6949714654708
Scientist community helpers,party,Independent,policy_specific_mean,71.9245582510284
Scientist community helpers,party,Other,policy_specific_mean,72.7662247518521
Scientist community helpers,gender,Male,behavior_mean,38.4414919599425
Scientist community helpers,gender,Female,behavior_mean,44.2890666983237
Scientist community helpers,gender,Other,behavior_mean,41.4214776147512
Scientist community helpers,age_band,18-29,behavior_mean,42.7787635736666
Scientist community helpers,age_band,30-44,behavior_mean,43.6231997127853
Scientist community helpers,age_band,45-59,behavior_mean,39.7349080142802
Scientist community helpers,age_band,60+,behavior_mean,39.9297903532659
Scientist community helpers,race,White / Caucasian,behavior_mean,40.2008574568777
Scientist community helpers,race,Black / African American,behavior_mean,43.5072189189624
Scientist community helpers,race,Hispanic / Latino,behavior_mean,42.4154081475244
Scientist community helpers,race,Asian / Asian American,behavior_mean,43.8040695262688
Scientist community helpers,race,Other,behavior_mean,46.5100820806895
Scientist community helpers,education,Less than high school,behavior_mean,32.8793806872982
Scientist community helpers,education,High school diploma / GED,behavior_mean,38.3650135854158
Scientist community helpers,education,Some college or Associate's degree,behavior_mean,40.5381370861285
Scientist community helpers,education,Bachelor's degree,behavior_mean,42.806384396049
Scientist community helpers,education,Master's degree / Professional degree,behavior_mean,43.8667701244414
Scientist community helpers,education,Doctorate degree / Ph.D.,behavior_mean,42.674573611717
Scientist community helpers,income,"Less than $30,000",behavior_mean,40.441260725483
Scientist community helpers,income,"$30,000 to $55,999",behavior_mean,41.1470092415083
Scientist community helpers,income,"$56,000 to $99,999",behavior_mean,41.7891889326113
Scientist community helpers,income,"$100,000 to $167,999",behavior_mean,41.3769269532751
Scientist community helpers,income,"$168,000 or more",behavior_mean,43.1230396198895
Scientist community helpers,party,Republican,behavior_mean,30.8047233004494
Scientist community helpers,party,Democrat,behavior_mean,48.7165164968977
Scientist community helpers,party,Independent,behavior_mean,40.7459121788439
Scientist community helpers,party,Other,behavior_mean,44.97726487412
Scientist community helpers,gender,Male,donation_ams,2.60495279971713
Scientist community helpers,gender,Female,donation_ams,3.02611042956074
Scientist community helpers,gender,Other,donation_ams,2.81957916218319
Scientist community helpers,age_band,18-29,donation_ams,2.7254999632301
Scientist community helpers,age_band,30-44,donation_ams,2.87563990000647
Scientist community helpers,age_band,45-59,donation_ams,2.71592021545449
Scientist community helpers,age_band,60+,donation_ams,2.91054906187475
Scientist community helpers,race,White / Caucasian,donation_ams,2.82958474499203
Scientist community helpers,race,Black / African American,donation_ams,2.75514261753545
Scientist community helpers,race,Hispanic / Latino,donation_ams,2.70479870789107
Scientist community helpers,race,Asian / Asian American,donation_ams,2.97557539364545
Scientist community helpers,race,Other,donation_ams,3.26945529068537
Scientist community helpers,education,Less than high school,donation_ams,1.6326696480101
Scientist community helpers,education,High school diploma / GED,donation_ams,2.34206117732399
Scientist community helpers,education,Some college or Associate's degree,donation_ams,2.75127912310116
Scientist community helpers,education,Bachelor's degree,donation_ams,2.93241559924772
Scientist community helpers,education,Master's degree / Professional degree,donation_ams,3.22580313109687
Scientist community helpers,education,Doctorate degree / Ph.D.,donation_ams,3.13632926640089
Scientist community helpers,income,"Less than $30,000",donation_ams,2.16528211998393
Scientist community helpers,income,"$30,000 to $55,999",donation_ams,2.6638930327748
Scientist community helpers,income,"$56,000 to $99,999",donation_ams,2.93967879030916
Scientist community helpers,income,"$100,000 to $167,999",donation_ams,3.13421387693627
Scientist community helpers,income,"$168,000 or more",donation_ams,3.22304506911946
Scientist community helpers,party,Republican,donation_ams,1.97006711002926
Scientist community helpers,party,Democrat,donation_ams,3.39411784080994
Scientist community helpers,party,Independent,donation_ams,2.77381224306778
Scientist community helpers,party,Other,donation_ams,3.15570636359147
Scientist community helpers,gender,Male,newsletter_signup,0.0130628502368183
Scientist community helpers,gender,Female,newsletter_signup,0.0181568472252569
Scientist community helpers,gender,Other,newsletter_signup,0.015658804735963
Scientist community helpers,age_band,18-29,newsletter_signup,0.017456062051697
Scientist community helpers,age_band,30-44,newsletter_signup,0.0182795499497558
Scientist community helpers,age_band,45-59,newsletter_signup,0.0132107252218718
Scientist community helpers,age_band,60+,newsletter_signup,0.0140912131397911
Scientist community helpers,race,White / Caucasian,newsletter_signup,0.0150469899835709
Scientist community helpers,race,Black / African American,newsletter_signup,0.0178167587462405
Scientist community helpers,race,Hispanic / Latino,newsletter_signup,0.0166837685931619
Scientist community helpers,race,Asian / Asian American,newsletter_signup,0.0145040201567306
Scientist community helpers,race,Other,newsletter_signup,0.015447959177795
Scientist community helpers,education,Less than high school,newsletter_signup,0.0143974361563664
Scientist community helpers,education,High school diploma / GED,newsletter_signup,0.0160067712025625
Scientist community helpers,education,Some college or Associate's degree,newsletter_signup,0.0162333685834439
Scientist community helpers,education,Bachelor's degree,newsletter_signup,0.0151941276490916
Scientist community helpers,education,Master's degree / Professional degree,newsletter_signup,0.0145491109591215
Scientist community helpers,education,Doctorate degree / Ph.D.,newsletter_signup,0.0155587904388506
Scientist community helpers,income,"Less than $30,000",newsletter_signup,0.0180167362759086
Scientist community helpers,income,"$30,000 to $55,999",newsletter_signup,0.0159175357933989
Scientist community helpers,income,"$56,000 to $99,999",newsletter_signup,0.0151220428424954
Scientist community helpers,income,"$100,000 to $167,999",newsletter_signup,0.0143099978401371
Scientist community helpers,income,"$168,000 or more",newsletter_signup,0.0167489537181007
Scientist community helpers,party,Republican,newsletter_signup,0.00949881275155249
Scientist community helpers,party,Democrat,newsletter_signup,0.0205259152731294
Scientist community helpers,party,Independent,newsletter_signup,0.0145657727818577
Scientist community helpers,party,Other,newsletter_signup,0.0154709925713297
Consensus,gender,Male,trust_multidimensional,78.7670058750936
Consensus,gender,Female,trust_multidimensional,81.0131548151723
Consensus,gender,Other,trust_multidimensional,79.9116670242816
Consensus,age_band,18-29,trust_multidimensional,79.7253810977922
Consensus,age_band,30-44,trust_multidimensional,81.162932944016
Consensus,age_band,45-59,trust_multidimensional,79.1081500462182
Consensus,age_band,60+,trust_multidimensional,79.5739904146342
Consensus,race,White / Caucasian,trust_multidimensional,79.4145316464446
Consensus,race,Black / African American,trust_multidimensional,80.6494365596717
Consensus,race,Hispanic / Latino,trust_multidimensional,80.1682207243932
Consensus,race,Asian / Asian American,trust_multidimensional,81.4781293991557
Consensus,race,Other,trust_multidimensional,82.014598499018
Consensus,education,Less than high school,trust_multidimensional,74.2046308678329
Consensus,education,High school diploma / GED,trust_multidimensional,77.5880287679471
Consensus,education,Some college or Associate's degree,trust_multidimensional,79.3726799262538
Consensus,education,Bachelor's degree,trust_multidimensional,80.8497991445285
Consensus,education,Master's degree / Professional degree,trust_multidimensional,81.3022272209038
Consensus,education,Doctorate degree / Ph.D.,trust_multidimensional,80.9684195817451
Consensus,income,"Less than $30,000",trust_multidimensional,79.1131556130524
Consensus,income,"$30,000 to $55,999",trust_multidimensional,79.6944792151684
Consensus,income,"$56,000 to $99,999",trust_multidimensional,80.1205153971808
Consensus,income,"$100,000 to $167,999",trust_multidimensional,80.2652258835958
Consensus,income,"$168,000 or more",trust_multidimensional,80.2352097408939
Consensus,party,Republican,trust_multidimensional,73.815319929537
Consensus,party,Democrat,trust_multidimensional,83.7353748096061
Consensus,party,Independent,trust_multidimensional,80.1308982804054
Consensus,party,Other,trust_multidimensional,81.1644134758031
Consensus,gender,Male,trust_post,75.2950086470778
Consensus,gender,Female,trust_post,78.6916165975785
Consensus,gender,Other,trust_post,77.025955820966
Consensus,age_band,18-29,trust_post,76.7372018889671
Consensus,age_band,30-44,trust_post,79.1287709506463
Consensus,age_band,45-59,trust_post,75.6214698276376
Consensus,age_band,60+,trust_post,76.4827367589903
Consensus,race,White / Caucasian,trust_post,76.2004815714937
Consensus,race,Black / African American,trust_post,78.7778093415816
Consensus,race,Hispanic / Latino,trust_post,76.7582605585793
Consensus,race,Asian / Asian American,trust_post,80.407849174482
Consensus,race,Other,trust_post,80.8438532746447
Consensus,education,Less than high school,trust_post,68.5292478822472
Consensus,education,High school diploma / GED,trust_post,73.0780385392336
Consensus,education,Some college or Associate's degree,trust_post,75.613687151253
Consensus,education,Bachelor's degree,trust_post,78.9243977491904
Consensus,education,Master's degree / Professional degree,trust_post,80.326946028218
Consensus,education,Doctorate degree / Ph.D.,trust_post,78.8866189776483
Consensus,income,"Less than $30,000",trust_post,75.4583333113683
Consensus,income,"$30,000 to $55,999",trust_post,76.71358324041
Consensus,income,"$56,000 to $99,999",trust_post,77.23931745913
Consensus,income,"$100,000 to $167,999",trust_post,77.8647855987483
Consensus,income,"$168,000 or more",trust_post,77.8995104161966
Consensus,party,Republican,trust_post,66.0828459211381
Consensus,party,Democrat,trust_post,84.0891363176415
Consensus,party,Independent,trust_post,77.1312553249305
Consensus,party,Other,trust_post,79.2607479748408
Consensus,gender,Male,distrust_post,24.4866428044979
Consensus,gender,Female,distrust_post,21.3949879466012
Consensus,gender,Other,distrust_post,22.9111029374004
Consensus,age_band,18-29,distrust_post,22.9545107688362
Consensus,age_band,30-44,distrust_post,21.0964988024085
Consensus,age_band,45-59,distrust_post,24.3370687494669
Consensus,age_band,60+,distrust_post,23.3555425849497
Consensus,race,White / Caucasian,distrust_post,23.547096491518
Consensus,race,Black / African American,distrust_post,21.5687634972511
Consensus,race,Hispanic / Latino,distrust_post,23.3390872571046
Consensus,race,Asian / Asian American,distrust_post,19.830725919019
Consensus,race,Other,distrust_post,19.6246870881653
Consensus,education,Less than high school,distrust_post,28.918769677171
Consensus,education,High school diploma / GED,distrust_post,26.5269452014334
Consensus,education,Some college or Associate's degree,distrust_post,23.9024151140103
Consensus,education,Bachelor's degree,distrust_post,21.404763596839
Consensus,education,Master's degree / Professional degree,distrust_post,20.6250333745241
Consensus,education,Doctorate degree / Ph.D.,distrust_post,21.1906813024736
Consensus,income,"Less than $30,000",distrust_post,24.2351852902682
Consensus,income,"$30,000 to $55,999",distrust_post,23.0952385037141
Consensus,income,"$56,000 to $99,999",distrust_post,22.6086248073168
Consensus,income,"$100,000 to $167,999",distrust_post,22.4089529700117
Consensus,income,"$168,000 or more",distrust_post,22.3499464201796
Consensus,party,Republican,distrust_post,32.324649374277
Consensus,party,Democrat,distrust_post,16.8861989101111
Consensus,party,Independent,distrust_post,22.7030992744043
Consensus,party,Other,distrust_post,21.4328337700324
Consensus,gender,Male,funding_perceptions,42.562797303999
Consensus,gender,Female,funding_perceptions,41.2489022891663
Consensus,gender,Other,funding_perceptions,41.8932225706609
Consensus,age_band,18-29,funding_perceptions,41.4092435461675
Consensus,age_band,30-44,funding_perceptions,39.329489642435
Consensus,age_band,45-59,funding_perceptions,43.0544027595622
Consensus,age_band,60+,funding_perceptions,43.5096218798791
Consensus,race,White / Caucasian,funding_perceptions,42.7620959743855
Consensus,race,Black / African American,funding_perceptions,41.7687497100924
Consensus,race,Hispanic / Latino,funding_perceptions,39.6151673316534
Consensus,race,Asian / Asian American,funding_perceptions,40.5676660729696
Consensus,race,Other,funding_perceptions,41.6674843130681
Consensus,education,Less than high school,funding_perceptions,45.7139653652358
Consensus,education,High school diploma / GED,funding_perceptions,43.434614925762
Consensus,education,Some college or Associate's degree,funding_perceptions,41.9240927337889
Consensus,education,Bachelor's degree,funding_perceptions,41.0176900804641
Consensus,education,Master's degree / Professional degree,funding_perceptions,45.6496173111574
Consensus,education,Doctorate degree / Ph.D.,funding_perceptions,41.3421602094938
Consensus,income,"Less than $30,000",funding_perceptions,41.3881899813266
Consensus,income,"$30,000 to $55,999",funding_perceptions,42.0681633410996
Consensus,income,"$56,000 to $99,999",funding_perceptions,41.8866878191979
Consensus,income,"$100,000 to $167,999",funding_perceptions,42.2452398132913
Consensus,income,"$168,000 or more",funding_perceptions,41.3769357344629
Consensus,party,Republican,funding_perceptions,51.4577595267593
Consensus,party,Democrat,funding_perceptions,34.9681419506247
Consensus,party,Independent,funding_perceptions,42.7758152109349
Consensus,party,Other,funding_perceptions,41.1321387721315
Consensus,gender,Male,policy_role_mean,76.6411501305754
Consensus,gender,Female,policy_role_mean,77.8576306322195
Consensus,gender,Other,policy_role_mean,77.2610814023316
Consensus,age_band,18-29,policy_role_mean,78.1465502813053
Consensus,age_band,30-44,policy_role_mean,79.1594444291405
Consensus,age_band,45-59,policy_role_mean,76.234426144373
Consensus,age_band,60+,policy_role_mean,75.8438798509265
Consensus,race,White / Caucasian,policy_role_mean,76.713166088856
Consensus,race,Black / African American,policy_role_mean,78.4254477037961
Consensus,race,Hispanic / Latino,policy_role_mean,78.0340411641568
Consensus,race,Asian / Asian American,policy_role_mean,77.6763386547993
Consensus,race,Other,policy_role_mean,77.9492898874315
Consensus,education,Less than high school,policy_role_mean,76.7916002455061
Consensus,education,High school diploma / GED,policy_role_mean,76.2600927086674
Consensus,education,Some college or Associate's degree,policy_role_mean,77.2356190494118
Consensus,education,Bachelor's degree,policy_role_mean,77.3618902926906
Consensus,education,Master's degree / Professional degree,policy_role_mean,77.6559594922095
Consensus,education,Doctorate degree / Ph.D.,policy_role_mean,78.0607123674043
Consensus,income,"Less than $30,000",policy_role_mean,77.4669516177534
Consensus,income,"$30,000 to $55,999",policy_role_mean,77.5307594683981
Consensus,income,"$56,000 to $99,999",policy_role_mean,77.2594740134061
Consensus,income,"$100,000 to $167,999",policy_role_mean,76.7311172602973
Consensus,income,"$168,000 or more",policy_role_mean,77.9388378383296
Consensus,party,Republican,policy_role_mean,72.4233721998896
Consensus,party,Democrat,policy_role_mean,80.9320647696078
Consensus,party,Independent,policy_role_mean,76.64286001132
Consensus,party,Other,policy_role_mean,76.9037615446299
Consensus,gender,Male,inst_trust_mean,69.0595496957369
Consensus,gender,Female,inst_trust_mean,71.7165082295558
Consensus,gender,Other,inst_trust_mean,70.4135637392399
Consensus,age_band,18-29,inst_trust_mean,70.6016129369777
Consensus,age_band,30-44,inst_trust_mean,72.203716111941
Consensus,age_band,45-59,inst_trust_mean,68.7245922317489
Consensus,age_band,60+,inst_trust_mean,70.0336410832259
Consensus,race,White / Caucasian,inst_trust_mean,69.7316892731688
Consensus,race,Black / African American,inst_trust_mean,71.6947339892902
Consensus,race,Hispanic / Latino,inst_trust_mean,70.2338936585375
Consensus,race,Asian / Asian American,inst_trust_mean,73.5141838241236
Consensus,race,Other,inst_trust_mean,73.2888411675684
Consensus,education,Less than high school,inst_trust_mean,62.9040655648029
Consensus,education,High school diploma / GED,inst_trust_mean,67.3823306913228
Consensus,education,Some college or Associate's degree,inst_trust_mean,69.5687660341913
Consensus,education,Bachelor's degree,inst_trust_mean,71.7445873641928
Consensus,education,Master's degree / Professional degree,inst_trust_mean,72.5440385435342
Consensus,education,Doctorate degree / Ph.D.,inst_trust_mean,71.7500647129038
Consensus,income,"Less than $30,000",inst_trust_mean,69.2561894775075
Consensus,income,"$30,000 to $55,999",inst_trust_mean,70.075715848189
Consensus,income,"$56,000 to $99,999",inst_trust_mean,70.8236708886273
Consensus,income,"$100,000 to $167,999",inst_trust_mean,70.7304890121071
Consensus,income,"$168,000 or more",inst_trust_mean,71.0991107317698
Consensus,party,Republican,inst_trust_mean,60.6886288651015
Consensus,party,Democrat,inst_trust_mean,76.5814966455994
Consensus,party,Independent,inst_trust_mean,70.6966139911161
Consensus,party,Other,inst_trust_mean,72.0790246020983
Consensus,gender,Male,belief_post,89.9800074281974
Consensus,gender,Female,belief_post,91.6127248423054
Consensus,gender,Other,belief_post,90.8120574130335
Consensus,age_band,18-29,belief_post,91.1304859363284
Consensus,age_band,30-44,belief_post,92.3155938884785
Consensus,age_band,45-59,belief_post,89.9714176419847
Consensus,age_band,60+,belief_post,89.9598611182788
Consensus,race,White / Caucasian,belief_post,90.2393098401182
Consensus,race,Black / African American,belief_post,91.697115611055
Consensus,race,Hispanic / Latino,belief_post,90.9550338707603
Consensus,race,Asian / Asian American,belief_post,93.1924901222594
Consensus,race,Other,belief_post,92.6837932004997
Consensus,education,Less than high school,belief_post,83.2120139346794
Consensus,education,High school diploma / GED,belief_post,88.1636717689478
Consensus,education,Some college or Associate's degree,belief_post,89.900731718926
Consensus,education,Bachelor's degree,belief_post,92.1321637822091
Consensus,education,Master's degree / Professional degree,belief_post,92.801009566322
Consensus,education,Doctorate degree / Ph.D.,belief_post,91.9987405756414
Consensus,income,"Less than $30,000",belief_post,89.8816565940711
Consensus,income,"$30,000 to $55,999",belief_post,90.6108291137583
Consensus,income,"$56,000 to $99,999",belief_post,90.8484805598974
Consensus,income,"$100,000 to $167,999",belief_post,91.2624106994613
Consensus,income,"$168,000 or more",belief_post,92.1372836945789
Consensus,party,Republican,belief_post,84.1128499902694
Consensus,party,Democrat,belief_post,95.224483459535
Consensus,party,Independent,belief_post,90.7704975792105
Consensus,party,Other,belief_post,91.9511380322918
Consensus,gender,Male,concern_mean,70.0400944692301
Consensus,gender,Female,concern_mean,76.0356862655552
Consensus,gender,Other,concern_mean,73.0955111752137
Consensus,age_band,18-29,concern_mean,73.9418236314355
Consensus,age_band,30-44,concern_mean,76.4330544218879
Consensus,age_band,45-59,concern_mean,70.6598586573182
Consensus,age_band,60+,concern_mean,71.5350064121907
Consensus,race,White / Caucasian,concern_mean,71.8219962388861
Consensus,race,Black / African American,concern_mean,76.2233681568891
Consensus,race,Hispanic / Latino,concern_mean,73.3851012661558
Consensus,race,Asian / Asian American,concern_mean,76.1612549644756
Consensus,race,Other,concern_mean,77.6670245136558
Consensus,education,Less than high school,concern_mean,65.569448509776
Consensus,education,High school diploma / GED,concern_mean,70.6440895179533
Consensus,education,Some college or Associate's degree,concern_mean,72.5496535916824
Consensus,education,Bachelor's degree,concern_mean,74.133056189429
Consensus,education,Master's degree / Professional degree,concern_mean,75.5830447461637
Consensus,education,Doctorate degree / Ph.D.,concern_mean,73.6983481207379
Consensus,income,"Less than $30,000",concern_mean,73.2399122489631
Consensus,income,"$30,000 to $55,999",concern_mean,73.5348146930912
Consensus,income,"$56,000 to $99,999",concern_mean,73.4233145737953
Consensus,income,"$100,000 to $167,999",concern_mean,71.9810041045085
Consensus,income,"$168,000 or more",concern_mean,73.746435252598
Consensus,party,Republican,concern_mean,58.2685929616011
Consensus,party,Democrat,concern_mean,82.8090104308244
Consensus,party,Independent,concern_mean,72.9603491155999
Consensus,party,Other,concern_mean,76.8354378776832
Consensus,gender,Male,policy_general,75.0239298636457
Consensus,gender,Female,policy_general,77.5064959469483
Consensus,gender,Other,policy_general,76.2890716782169
Consensus,age_band,18-29,policy_general,78.3878996602882
Consensus,age_band,30-44,policy_general,80.1628035671601
Consensus,age_band,45-59,policy_general,74.1417951618229
Consensus,age_band,60+,policy_general,73.245426535263
Consensus,race,White / Caucasian,policy_general,75.2592098921476
Consensus,race,Black / African American,policy_general,78.2616487836053
Consensus,race,Hispanic / Latino,policy_general,77.829074509712
Consensus,race,Asian / Asian American,policy_general,77.2095117092068
Consensus,race,Other,policy_general,77.6340671976664
Consensus,education,Less than high school,policy_general,76.2754616316912
Consensus,education,High school diploma / GED,policy_general,74.5007893339408
Consensus,education,Some college or Associate's degree,policy_general,76.3207872797497
Consensus,education,Bachelor's degree,policy_general,76.4557078906462
Consensus,education,Master's degree / Professional degree,policy_general,76.6026409782092
Consensus,education,Doctorate degree / Ph.D.,policy_general,77.6143412593463
Consensus,income,"Less than $30,000",policy_general,77.1115308651226
Consensus,income,"$30,000 to $55,999",policy_general,77.1576499795628
Consensus,income,"$56,000 to $99,999",policy_general,76.1464455941848
Consensus,income,"$100,000 to $167,999",policy_general,74.9213430225219
Consensus,income,"$168,000 or more",policy_general,77.4617721085685
Consensus,party,Republican,policy_general,66.1140146919574
Consensus,party,Democrat,policy_general,83.8754576381307
Consensus,party,Independent,policy_general,75.1155529218796
Consensus,party,Other,policy_general,76.2418403001811
Consensus,gender,Male,policy_specific_mean,71.9502957186639
Consensus,gender,Female,policy_specific_mean,73.6255172979982
Consensus,gender,Other,policy_specific_mean,72.8040062736185
Consensus,age_band,18-29,policy_specific_mean,74.1846546644402
Consensus,age_band,30-44,policy_specific_mean,75.4255136115858
Consensus,age_band,45-59,policy_specific_mean,71.2342417201879
Consensus,age_band,60+,policy_specific_mean,70.8566074107849
Consensus,race,White / Caucasian,policy_specific_mean,72.1347058625392
Consensus,race,Black / African American,policy_specific_mean,74.2969071225826
Consensus,race,Hispanic / Latino,policy_specific_mean,73.6495977303551
Consensus,race,Asian / Asian American,policy_specific_mean,73.3392767934973
Consensus,race,Other,policy_specific_mean,73.9129650443206
Consensus,education,Less than high school,policy_specific_mean,72.8155308446396
Consensus,education,High school diploma / GED,policy_specific_mean,71.6005615208928
Consensus,education,Some college or Associate's degree,policy_specific_mean,72.926350558433
Consensus,education,Bachelor's degree,policy_specific_mean,72.8549461046532
Consensus,education,Master's degree / Professional degree,policy_specific_mean,73.0112809939034
Consensus,education,Doctorate degree / Ph.D.,policy_specific_mean,73.5930757253717
Consensus,income,"Less than $30,000",policy_specific_mean,73.3105480461683
Consensus,income,"$30,000 to $55,999",policy_specific_mean,73.3388788898386
Consensus,income,"$56,000 to $99,999",policy_specific_mean,72.7667889074934
Consensus,income,"$100,000 to $167,999",policy_specific_mean,71.845996593033
Consensus,income,"$168,000 or more",policy_specific_mean,73.6885318450606
Consensus,party,Republican,policy_specific_mean,65.9608277402742
Consensus,party,Democrat,policy_specific_mean,77.8691310068056
Consensus,party,Independent,policy_specific_mean,72.0653932331437
Consensus,party,Other,policy_specific_mean,72.8045566506262
Consensus,gender,Male,behavior_mean,38.004983474994
Consensus,gender,Female,behavior_mean,43.6031862318421
Consensus,gender,Other,behavior_mean,40.8578865424178
Consensus,age_band,18-29,behavior_mean,41.8283225502543
Consensus,age_band,30-44,behavior_mean,42.9379788320692
Consensus,age_band,45-59,behavior_mean,39.7737831639067
Consensus,age_band,60+,behavior_mean,39.2746186234611
Consensus,race,White / Caucasian,behavior_mean,39.7200148042808
Consensus,race,Black / African American,behavior_mean,42.8332419303553
Consensus,race,Hispanic / Latino,behavior_mean,41.9642539403991
Consensus,race,Asian / Asian American,behavior_mean,42.7897826591916
Consensus,race,Other,behavior_mean,44.9753960701692
Consensus,education,Less than high school,behavior_mean,34.2741958309266
Consensus,education,High school diploma / GED,behavior_mean,37.6176851741464
Consensus,education,Some college or Associate's degree,behavior_mean,40.2032704854645
Consensus,education,Bachelor's degree,behavior_mean,42.0015721733809
Consensus,education,Master's degree / Professional degree,behavior_mean,43.7829606336512
Consensus,education,Doctorate degree / Ph.D.,behavior_mean,42.139564158051
Consensus,income,"Less than $30,000",behavior_mean,39.6136633579473
Consensus,income,"$30,000 to $55,999",behavior_mean,40.5479165265482
Consensus,income,"$56,000 to $99,999",behavior_mean,41.3327115579705
Consensus,income,"$100,000 to $167,999",behavior_mean,40.9706779143355
Consensus,income,"$168,000 or more",behavior_mean,42.1424428225122
Consensus,party,Republican,behavior_mean,31.1480022034821
Consensus,party,Democrat,behavior_mean,47.6482920353016
Consensus,party,Independent,behavior_mean,40.1112446053088
Consensus,party,Other,behavior_mean,43.6673472770749
Consensus,gender,Male,donation_ams,2.49675512885001
Consensus,gender,Female,donation_ams,2.94473362082843
Consensus,gender,Other,donation_ams,2.72504968505231
Consensus,age_band,18-29,donation_ams,2.58823747483074
Consensus,age_band,30-44,donation_ams,2.76612985385872
Consensus,age_band,45-59,donation_ams,2.63912168733021
Consensus,age_band,60+,donation_ams,2.84339251392601
Consensus,race,White / Caucasian,donation_ams,2.72994482129054
Consensus,race,Black / African American,donation_ams,2.69484554802765
Consensus,race,Hispanic / Latino,donation_ams,2.67803777868003
Consensus,race,Asian / Asian American,donation_ams,2.68642757684644
Consensus,race,Other,donation_ams,3.15915850806831
Consensus,education,Less than high school,donation_ams,1.90811639930421
Consensus,education,High school diploma / GED,donation_ams,2.21187315439439
Consensus,education,Some college or Associate's degree,donation_ams,2.62329961070719
Consensus,education,Bachelor's degree,donation_ams,2.84494011672605
Consensus,education,Master's degree / Professional degree,donation_ams,3.33177570302579
Consensus,education,Doctorate degree / Ph.D.,donation_ams,3.06445424504048
Consensus,income,"Less than $30,000",donation_ams,2.03830668231204
Consensus,income,"$30,000 to $55,999",donation_ams,2.60164764049314
Consensus,income,"$56,000 to $99,999",donation_ams,2.89555349870509
Consensus,income,"$100,000 to $167,999",donation_ams,3.02558888026208
Consensus,income,"$168,000 or more",donation_ams,2.8608915311625
Consensus,party,Republican,donation_ams,1.92072251225392
Consensus,party,Democrat,donation_ams,3.28608414514456
Consensus,party,Independent,donation_ams,2.67704956456798
Consensus,party,Other,donation_ams,2.83755260449268
Consensus,gender,Male,newsletter_signup,0.00999008140692642
Consensus,gender,Female,newsletter_signup,0.0105749821521552
Consensus,gender,Other,newsletter_signup,0.0102881529850164
Consensus,age_band,18-29,newsletter_signup,0.00975812611821683
Consensus,age_band,30-44,newsletter_signup,0.0110802770342083
Consensus,age_band,45-59,newsletter_signup,0.00991533894929961
Consensus,age_band,60+,newsletter_signup,0.0102426084416531
Consensus,race,White / Caucasian,newsletter_signup,0.0101189025405609
Consensus,race,Black / African American,newsletter_signup,0.0104797512244072
Consensus,race,Hispanic / Latino,newsletter_signup,0.00999571357327514
Consensus,race,Asian / Asian American,newsletter_signup,0.0114710168953457
Consensus,race,Other,newsletter_signup,0.0122051573366377
Consensus,education,Less than high school,newsletter_signup,0.012129931468351
Consensus,education,High school diploma / GED,newsletter_signup,0.00853813058095239
Consensus,education,Some college or Associate's degree,newsletter_signup,0.0104161554863423
Consensus,education,Bachelor's degree,newsletter_signup,0.0104600903463243
Consensus,education,Master's degree / Professional degree,newsletter_signup,0.0110204213626304
Consensus,education,Doctorate degree / Ph.D.,newsletter_signup,0.0109724504127197
Consensus,income,"Less than $30,000",newsletter_signup,0.0104556203387483
Consensus,income,"$30,000 to $55,999",newsletter_signup,0.0103827747502344
Consensus,income,"$56,000 to $99,999",newsletter_signup,0.00993740297989983
Consensus,income,"$100,000 to $167,999",newsletter_signup,0.0104207461785791
Consensus,income,"$168,000 or more",newsletter_signup,0.0111049254045894
Consensus,party,Republican,newsletter_signup,0.00795086442157743
Consensus,party,Democrat,newsletter_signup,0.0121704295863165
Consensus,party,Independent,newsletter_signup,0.00976474124483741
Consensus,party,Other,newsletter_signup,0.0108016623781224
Portrait Prof. Cherry,gender,Male,trust_multidimensional,78.0374355376071
Portrait Prof. Cherry,gender,Female,trust_multidimensional,80.2850510324303
Portrait Prof. Cherry,gender,Other,trust_multidimensional,79.182844058534
Portrait Prof. Cherry,age_band,18-29,trust_multidimensional,79.1116945370966
Portrait Prof. Cherry,age_band,30-44,trust_multidimensional,80.6123534495494
Portrait Prof. Cherry,age_band,45-59,trust_multidimensional,78.1497034432435
Portrait Prof. Cherry,age_band,60+,trust_multidimensional,78.789974014849
Portrait Prof. Cherry,race,White / Caucasian,trust_multidimensional,78.6636761392001
Portrait Prof. Cherry,race,Black / African American,trust_multidimensional,80.0134557714602
Portrait Prof. Cherry,race,Hispanic / Latino,trust_multidimensional,79.3245623381347
Portrait Prof. Cherry,race,Asian / Asian American,trust_multidimensional,81.0471110893808
Portrait Prof. Cherry,race,Other,trust_multidimensional,81.3880881160309
Portrait Prof. Cherry,education,Less than high school,trust_multidimensional,75.223120232451
Portrait Prof. Cherry,education,High school diploma / GED,trust_multidimensional,76.9635436167794
Portrait Prof. Cherry,education,Some college or Associate's degree,trust_multidimensional,78.5367949721596
Portrait Prof. Cherry,education,Bachelor's degree,trust_multidimensional,80.0849612628526
Portrait Prof. Cherry,education,Master's degree / Professional degree,trust_multidimensional,80.9489598114946
Portrait Prof. Cherry,education,Doctorate degree / Ph.D.,trust_multidimensional,80.3164301957803
Portrait Prof. Cherry,income,"Less than $30,000",trust_multidimensional,78.3539546032077
Portrait Prof. Cherry,income,"$30,000 to $55,999",trust_multidimensional,79.1752787234091
Portrait Prof. Cherry,income,"$56,000 to $99,999",trust_multidimensional,79.4688057138203
Portrait Prof. Cherry,income,"$100,000 to $167,999",trust_multidimensional,79.1596086654817
Portrait Prof. Cherry,income,"$168,000 or more",trust_multidimensional,79.9613432936596
Portrait Prof. Cherry,party,Republican,trust_multidimensional,72.6119294739622
Portrait Prof. Cherry,party,Democrat,trust_multidimensional,83.3046857082483
Portrait Prof. Cherry,party,Independent,trust_multidimensional,79.3855413105461
Portrait Prof. Cherry,party,Other,trust_multidimensional,80.8701558397009
Portrait Prof. Cherry,gender,Male,trust_post,75.4507819141259
Portrait Prof. Cherry,gender,Female,trust_post,78.5633145475258
Portrait Prof. Cherry,gender,Other,trust_post,77.0369613154384
Portrait Prof. Cherry,age_band,18-29,trust_post,76.8168227784791
Portrait Prof. Cherry,age_band,30-44,trust_post,79.2369555465191
Portrait Prof. Cherry,age_band,45-59,trust_post,75.1042138397504
Portrait Prof. Cherry,age_band,60+,trust_post,76.758606707114
Portrait Prof. Cherry,race,White / Caucasian,trust_post,76.3346858326988
Portrait Prof. Cherry,race,Black / African American,trust_post,78.5630077706004
Portrait Prof. Cherry,race,Hispanic / Latino,trust_post,76.4609641367524
Portrait Prof. Cherry,race,Asian / Asian American,trust_post,80.5530847032964
Portrait Prof. Cherry,race,Other,trust_post,80.8747117378793
Portrait Prof. Cherry,education,Less than high school,trust_post,70.2127295544473
Portrait Prof. Cherry,education,High school diploma / GED,trust_post,73.4299155420597
Portrait Prof. Cherry,education,Some college or Associate's degree,trust_post,75.974896208161
Portrait Prof. Cherry,education,Bachelor's degree,trust_post,78.4073164943568
Portrait Prof. Cherry,education,Master's degree / Professional degree,trust_post,79.8793070635408
Portrait Prof. Cherry,education,Doctorate degree / Ph.D.,trust_post,79.2826909688418
Portrait Prof. Cherry,income,"Less than $30,000",trust_post,75.7757359489386
Portrait Prof. Cherry,income,"$30,000 to $55,999",trust_post,77.076670890587
Portrait Prof. Cherry,income,"$56,000 to $99,999",trust_post,77.3553467227007
Portrait Prof. Cherry,income,"$100,000 to $167,999",trust_post,76.996453960017
Portrait Prof. Cherry,income,"$168,000 or more",trust_post,78.7926771589552
Portrait Prof. Cherry,party,Republican,trust_post,65.6401915951669
Portrait Prof. Cherry,party,Democrat,trust_post,84.1902878345644
Portrait Prof. Cherry,party,Independent,trust_post,77.4455313558708
Portrait Prof. Cherry,party,Other,trust_post,79.3157150684533
Portrait Prof. Cherry,gender,Male,distrust_post,24.5073950047746
Portrait Prof. Cherry,gender,Female,distrust_post,21.7475396247322
Portrait Prof. Cherry,gender,Other,distrust_post,23.1009436450525
Portrait Prof. Cherry,age_band,18-29,distrust_post,23.0493475446919
Portrait Prof. Cherry,age_band,30-44,distrust_post,21.1587933527853
Portrait Prof. Cherry,age_band,45-59,distrust_post,24.8057684589971
Portrait Prof. Cherry,age_band,60+,distrust_post,23.5082050315883
Portrait Prof. Cherry,race,White / Caucasian,distrust_post,23.8200351229331
Portrait Prof. Cherry,race,Black / African American,distrust_post,21.7402013899027
Portrait Prof. Cherry,race,Hispanic / Latino,distrust_post,23.3550468186863
Portrait Prof. Cherry,race,Asian / Asian American,distrust_post,19.916139411122
Portrait Prof. Cherry,race,Other,distrust_post,19.4758488830252
Portrait Prof. Cherry,education,Less than high school,distrust_post,28.0441650772897
Portrait Prof. Cherry,education,High school diploma / GED,distrust_post,25.8016809547835
Portrait Prof. Cherry,education,Some college or Associate's degree,distrust_post,24.083672190765
Portrait Prof. Cherry,education,Bachelor's degree,distrust_post,21.9956630189146
Portrait Prof. Cherry,education,Master's degree / Professional degree,distrust_post,21.0070844389114
Portrait Prof. Cherry,education,Doctorate degree / Ph.D.,distrust_post,21.1088495728696
Portrait Prof. Cherry,income,"Less than $30,000",distrust_post,24.2650304863981
Portrait Prof. Cherry,income,"$30,000 to $55,999",distrust_post,23.0528748843814
Portrait Prof. Cherry,income,"$56,000 to $99,999",distrust_post,22.7263189723715
Portrait Prof. Cherry,income,"$100,000 to $167,999",distrust_post,23.2318970889503
Portrait Prof. Cherry,income,"$168,000 or more",distrust_post,21.6340874677421
Portrait Prof. Cherry,party,Republican,distrust_post,32.9852677593147
Portrait Prof. Cherry,party,Democrat,distrust_post,16.9773105209178
Portrait Prof. Cherry,party,Independent,distrust_post,22.6574869271869
Portrait Prof. Cherry,party,Other,distrust_post,20.8422149711669
Portrait Prof. Cherry,gender,Male,funding_perceptions,43.3201852564841
Portrait Prof. Cherry,gender,Female,funding_perceptions,40.9637305887657
Portrait Prof. Cherry,gender,Other,funding_perceptions,42.1193111471005
Portrait Prof. Cherry,age_band,18-29,funding_perceptions,41.4595742970674
Portrait Prof. Cherry,age_band,30-44,funding_perceptions,39.9556089873971
Portrait Prof. Cherry,age_band,45-59,funding_perceptions,44.1226809685752
Portrait Prof. Cherry,age_band,60+,funding_perceptions,42.8889151374997
Portrait Prof. Cherry,race,White / Caucasian,funding_perceptions,42.771711145837
Portrait Prof. Cherry,race,Black / African American,funding_perceptions,41.427895199714
Portrait Prof. Cherry,race,Hispanic / Latino,funding_perceptions,42.1616279448473
Portrait Prof. Cherry,race,Asian / Asian American,funding_perceptions,38.359138298413
Portrait Prof. Cherry,race,Other,funding_perceptions,39.7624381472365
Portrait Prof. Cherry,education,Less than high school,funding_perceptions,48.0034609888479
Portrait Prof. Cherry,education,High school diploma / GED,funding_perceptions,42.5814893494369
Portrait Prof. Cherry,education,Some college or Associate's degree,funding_perceptions,41.7780495191632
Portrait Prof. Cherry,education,Bachelor's degree,funding_perceptions,41.7949510259612
Portrait Prof. Cherry,education,Master's degree / Professional degree,funding_perceptions,43.3325688035448
Portrait Prof. Cherry,education,Doctorate degree / Ph.D.,funding_perceptions,42.9046854397513
Portrait Prof. Cherry,income,"Less than $30,000",funding_perceptions,41.1555912398394
Portrait Prof. Cherry,income,"$30,000 to $55,999",funding_perceptions,40.8784348886922
Portrait Prof. Cherry,income,"$56,000 to $99,999",funding_perceptions,42.1662221390295
Portrait Prof. Cherry,income,"$100,000 to $167,999",funding_perceptions,43.7398035637858
Portrait Prof. Cherry,income,"$168,000 or more",funding_perceptions,42.1666089913445
Portrait Prof. Cherry,party,Republican,funding_perceptions,53.4091498995938
Portrait Prof. Cherry,party,Democrat,funding_perceptions,34.7093503285557
Portrait Prof. Cherry,party,Independent,funding_perceptions,42.3311006776302
Portrait Prof. Cherry,party,Other,funding_perceptions,38.3599854196401
Portrait Prof. Cherry,gender,Male,policy_role_mean,76.0914975741349
Portrait Prof. Cherry,gender,Female,policy_role_mean,78.4500077187529
Portrait Prof. Cherry,gender,Other,policy_role_mean,77.2934191761883
Portrait Prof. Cherry,age_band,18-29,policy_role_mean,77.8706778268865
Portrait Prof. Cherry,age_band,30-44,policy_role_mean,79.3515370792423
Portrait Prof. Cherry,age_band,45-59,policy_role_mean,75.673430957062
Portrait Prof. Cherry,age_band,60+,policy_role_mean,76.3824729149779
Portrait Prof. Cherry,race,White / Caucasian,policy_role_mean,76.4456978977137
Portrait Prof. Cherry,race,Black / African American,policy_role_mean,79.2072076205521
Portrait Prof. Cherry,race,Hispanic / Latino,policy_role_mean,77.5857905648233
Portrait Prof. Cherry,race,Asian / Asian American,policy_role_mean,79.5026990226927
Portrait Prof. Cherry,race,Other,policy_role_mean,80.021013316057
Portrait Prof. Cherry,education,Less than high school,policy_role_mean,73.9789953576319
Portrait Prof. Cherry,education,High school diploma / GED,policy_role_mean,75.6334234565916
Portrait Prof. Cherry,education,Some college or Associate's degree,policy_role_mean,76.8181863924888
Portrait Prof. Cherry,education,Bachelor's degree,policy_role_mean,78.1134116449002
Portrait Prof. Cherry,education,Master's degree / Professional degree,policy_role_mean,78.5156289135098
Portrait Prof. Cherry,education,Doctorate degree / Ph.D.,policy_role_mean,77.6773375374046
Portrait Prof. Cherry,income,"Less than $30,000",policy_role_mean,77.3062512990542
Portrait Prof. Cherry,income,"$30,000 to $55,999",policy_role_mean,77.690043256941
Portrait Prof. Cherry,income,"$56,000 to $99,999",policy_role_mean,77.4376768644882
Portrait Prof. Cherry,income,"$100,000 to $167,999",policy_role_mean,76.5953171007639
Portrait Prof. Cherry,income,"$168,000 or more",policy_role_mean,77.8976130684801
Portrait Prof. Cherry,party,Republican,policy_role_mean,67.8975374194208
Portrait Prof. Cherry,party,Democrat,policy_role_mean,83.0059481512187
Portrait Prof. Cherry,party,Independent,policy_role_mean,77.8198344739939
Portrait Prof. Cherry,party,Other,policy_role_mean,79.9793671105853
Portrait Prof. Cherry,gender,Male,inst_trust_mean,68.1550108704214
Portrait Prof. Cherry,gender,Female,inst_trust_mean,70.7458085258975
Portrait Prof. Cherry,gender,Other,inst_trust_mean,69.4753086337242
Portrait Prof. Cherry,age_band,18-29,inst_trust_mean,69.6636488830114
Portrait Prof. Cherry,age_band,30-44,inst_trust_mean,71.2542719155404
Portrait Prof. Cherry,age_band,45-59,inst_trust_mean,67.7791893073595
Portrait Prof. Cherry,age_band,60+,inst_trust_mean,69.1099268340065
Portrait Prof. Cherry,race,White / Caucasian,inst_trust_mean,68.8964127004162
Portrait Prof. Cherry,race,Black / African American,inst_trust_mean,70.7206244816174
Portrait Prof. Cherry,race,Hispanic / Latino,inst_trust_mean,68.8851859749851
Portrait Prof. Cherry,race,Asian / Asian American,inst_trust_mean,72.7837824684459
Portrait Prof. Cherry,race,Other,inst_trust_mean,72.4593616501985
Portrait Prof. Cherry,education,Less than high school,inst_trust_mean,62.4503576656384
Portrait Prof. Cherry,education,High school diploma / GED,inst_trust_mean,66.7016789267943
Portrait Prof. Cherry,education,Some college or Associate's degree,inst_trust_mean,68.5182899804187
Portrait Prof. Cherry,education,Bachelor's degree,inst_trust_mean,70.6671906062399
Portrait Prof. Cherry,education,Master's degree / Professional degree,inst_trust_mean,71.7896758720194
Portrait Prof. Cherry,education,Doctorate degree / Ph.D.,inst_trust_mean,71.2335761441114
Portrait Prof. Cherry,income,"Less than $30,000",inst_trust_mean,68.1929191784915
Portrait Prof. Cherry,income,"$30,000 to $55,999",inst_trust_mean,69.5746207271961
Portrait Prof. Cherry,income,"$56,000 to $99,999",inst_trust_mean,69.9154928635301
Portrait Prof. Cherry,income,"$100,000 to $167,999",inst_trust_mean,69.4105479379949
Portrait Prof. Cherry,income,"$168,000 or more",inst_trust_mean,70.4383622507163
Portrait Prof. Cherry,party,Republican,inst_trust_mean,59.5413601665822
Portrait Prof. Cherry,party,Democrat,inst_trust_mean,75.5403862738879
Portrait Prof. Cherry,party,Independent,inst_trust_mean,70.0909142475171
Portrait Prof. Cherry,party,Other,inst_trust_mean,71.3324509284098
Portrait Prof. Cherry,gender,Male,belief_post,87.6779349530868
Portrait Prof. Cherry,gender,Female,belief_post,89.9990513075742
Portrait Prof. Cherry,gender,Other,belief_post,88.8608002859768
Portrait Prof. Cherry,age_band,18-29,belief_post,89.0536137126189
Portrait Prof. Cherry,age_band,30-44,belief_post,91.170507661997
Portrait Prof. Cherry,age_band,45-59,belief_post,87.6448624611116
Portrait Prof. Cherry,age_band,60+,belief_post,87.6891466487601
Portrait Prof. Cherry,race,White / Caucasian,belief_post,88.030323959576
Portrait Prof. Cherry,race,Black / African American,belief_post,90.6679206364702
Portrait Prof. Cherry,race,Hispanic / Latino,belief_post,88.8054849554316
Portrait Prof. Cherry,race,Asian / Asian American,belief_post,91.9338278691682
Portrait Prof. Cherry,race,Other,belief_post,91.8857464255546
Portrait Prof. Cherry,education,Less than high school,belief_post,81.9922042987472
Portrait Prof. Cherry,education,High school diploma / GED,belief_post,85.1869103347919
Portrait Prof. Cherry,education,Some college or Associate's degree,belief_post,87.8256903539547
Portrait Prof. Cherry,education,Bachelor's degree,belief_post,90.1880199950431
Portrait Prof. Cherry,education,Master's degree / Professional degree,belief_post,91.2409903623341
Portrait Prof. Cherry,education,Doctorate degree / Ph.D.,belief_post,91.4241638894175
Portrait Prof. Cherry,income,"Less than $30,000",belief_post,87.2828640523993
Portrait Prof. Cherry,income,"$30,000 to $55,999",belief_post,88.6309197339852
Portrait Prof. Cherry,income,"$56,000 to $99,999",belief_post,89.4010073100597
Portrait Prof. Cherry,income,"$100,000 to $167,999",belief_post,88.9670268292857
Portrait Prof. Cherry,income,"$168,000 or more",belief_post,90.4753854333354
Portrait Prof. Cherry,party,Republican,belief_post,79.5084383164435
Portrait Prof. Cherry,party,Democrat,belief_post,94.8577725293092
Portrait Prof. Cherry,party,Independent,belief_post,88.9264081955164
Portrait Prof. Cherry,party,Other,belief_post,91.6072610864173
Portrait Prof. Cherry,gender,Male,concern_mean,72.6674095218037
Portrait Prof. Cherry,gender,Female,concern_mean,74.5008200409909
Portrait Prof. Cherry,gender,Other,concern_mean,73.6017348260521
Portrait Prof. Cherry,age_band,18-29,concern_mean,75.1009657409856
Portrait Prof. Cherry,age_band,30-44,concern_mean,76.7444310135991
Portrait Prof. Cherry,age_band,45-59,concern_mean,71.9543270086291
Portrait Prof. Cherry,age_band,60+,concern_mean,71.1951320964932
Portrait Prof. Cherry,race,White / Caucasian,concern_mean,72.6961243622105
Portrait Prof. Cherry,race,Black / African American,concern_mean,75.6588071579514
Portrait Prof. Cherry,race,Hispanic / Latino,concern_mean,74.7606847559115
Portrait Prof. Cherry,race,Asian / Asian American,concern_mean,74.2753867070361
Portrait Prof. Cherry,race,Other,concern_mean,74.9608955808106
Portrait Prof. Cherry,education,Less than high school,concern_mean,73.2700732777677
Portrait Prof. Cherry,education,High school diploma / GED,concern_mean,72.2306904534196
Portrait Prof. Cherry,education,Some college or Associate's degree,concern_mean,73.7531182350346
Portrait Prof. Cherry,education,Bachelor's degree,concern_mean,73.6216058580448
Portrait Prof. Cherry,education,Master's degree / Professional degree,concern_mean,73.8656242152469
Portrait Prof. Cherry,education,Doctorate degree / Ph.D.,concern_mean,74.6074764341524
Portrait Prof. Cherry,income,"Less than $30,000",concern_mean,74.17714438786
Portrait Prof. Cherry,income,"$30,000 to $55,999",concern_mean,74.2396985097151
Portrait Prof. Cherry,income,"$56,000 to $99,999",concern_mean,73.4955362634817
Portrait Prof. Cherry,income,"$100,000 to $167,999",concern_mean,72.5951122117067
Portrait Prof. Cherry,income,"$168,000 or more",concern_mean,74.5643442522739
Portrait Prof. Cherry,party,Republican,concern_mean,65.6170423073524
Portrait Prof. Cherry,party,Democrat,concern_mean,79.6127938672417
Portrait Prof. Cherry,party,Independent,concern_mean,72.6779838627913
Portrait Prof. Cherry,party,Other,concern_mean,72.7348962056748
Portrait Prof. Cherry,gender,Male,policy_general,74.9672137334148
Portrait Prof. Cherry,gender,Female,policy_general,77.3217764379925
Portrait Prof. Cherry,gender,Other,policy_general,76.1671236784618
Portrait Prof. Cherry,age_band,18-29,policy_general,78.2960848530868
Portrait Prof. Cherry,age_band,30-44,policy_general,80.0321064838279
Portrait Prof. Cherry,age_band,45-59,policy_general,74.1370359713107
Portrait Prof. Cherry,age_band,60+,policy_general,73.0243254331926
Portrait Prof. Cherry,race,White / Caucasian,policy_general,75.0361223722212
Portrait Prof. Cherry,race,Black / African American,policy_general,78.1652992727267
Portrait Prof. Cherry,race,Hispanic / Latino,policy_general,77.9041852021255
Portrait Prof. Cherry,race,Asian / Asian American,policy_general,77.3614936018741
Portrait Prof. Cherry,race,Other,policy_general,77.648166038469
Portrait Prof. Cherry,education,Less than high school,policy_general,76.4852411358663
Portrait Prof. Cherry,education,High school diploma / GED,policy_general,74.4083980016484
Portrait Prof. Cherry,education,Some college or Associate's degree,policy_general,76.1722409584477
Portrait Prof. Cherry,education,Bachelor's degree,policy_general,76.351585432943
Portrait Prof. Cherry,education,Master's degree / Professional degree,policy_general,76.4531700874931
Portrait Prof. Cherry,education,Doctorate degree / Ph.D.,policy_general,77.4666924720402
Portrait Prof. Cherry,income,"Less than $30,000",policy_general,77.0483075187617
Portrait Prof. Cherry,income,"$30,000 to $55,999",policy_general,77.0739509727405
Portrait Prof. Cherry,income,"$56,000 to $99,999",policy_general,76.0412235570441
Portrait Prof. Cherry,income,"$100,000 to $167,999",policy_general,74.7210848738868
Portrait Prof. Cherry,income,"$168,000 or more",policy_general,77.257500309339
Portrait Prof. Cherry,party,Republican,policy_general,65.932907807449
Portrait Prof. Cherry,party,Democrat,policy_general,83.8327419392225
Portrait Prof. Cherry,party,Independent,policy_general,74.9449222761569
Portrait Prof. Cherry,party,Other,policy_general,76.0262012201852
Portrait Prof. Cherry,gender,Male,policy_specific_mean,71.6941266537611
Portrait Prof. Cherry,gender,Female,policy_specific_mean,73.2324385326228
Portrait Prof. Cherry,gender,Other,policy_specific_mean,72.4780665838557
Portrait Prof. Cherry,age_band,18-29,policy_specific_mean,73.8768858123952
Portrait Prof. Cherry,age_band,30-44,policy_specific_mean,75.033327069218
Portrait Prof. Cherry,age_band,45-59,policy_specific_mean,71.0644312119437
Portrait Prof. Cherry,age_band,60+,policy_specific_mean,70.4589286885085
Portrait Prof. Cherry,race,White / Caucasian,policy_specific_mean,71.7865950473522
Portrait Prof. Cherry,race,Black / African American,policy_specific_mean,73.8042943434542
Portrait Prof. Cherry,race,Hispanic / Latino,policy_specific_mean,73.5060599826016
Portrait Prof. Cherry,race,Asian / Asian American,policy_specific_mean,73.0003698103595
Portrait Prof. Cherry,race,Other,policy_specific_mean,73.6464481932965
Portrait Prof. Cherry,education,Less than high school,policy_specific_mean,72.563991780164
Portrait Prof. Cherry,education,High school diploma / GED,policy_specific_mean,71.2362482907418
Portrait Prof. Cherry,education,Some college or Associate's degree,policy_specific_mean,72.6061973444802
Portrait Prof. Cherry,education,Bachelor's degree,policy_specific_mean,72.5654707778597
Portrait Prof. Cherry,education,Master's degree / Professional degree,policy_specific_mean,72.7167091904819
Portrait Prof. Cherry,education,Doctorate degree / Ph.D.,policy_specific_mean,73.1525516896045
Portrait Prof. Cherry,income,"Less than $30,000",policy_specific_mean,72.9931534424634
Portrait Prof. Cherry,income,"$30,000 to $55,999",policy_specific_mean,72.9904703126187
Portrait Prof. Cherry,income,"$56,000 to $99,999",policy_specific_mean,72.420165169339
Portrait Prof. Cherry,income,"$100,000 to $167,999",policy_specific_mean,71.556439132456
Portrait Prof. Cherry,income,"$168,000 or more",policy_specific_mean,73.3916517815331
Portrait Prof. Cherry,party,Republican,policy_specific_mean,65.7275837205313
Portrait Prof. Cherry,party,Democrat,policy_specific_mean,77.5026034487275
Portrait Prof. Cherry,party,Independent,policy_specific_mean,71.7153326168079
Portrait Prof. Cherry,party,Other,policy_specific_mean,72.4115520166512
Portrait Prof. Cherry,gender,Male,behavior_mean,38.0455380439065
Portrait Prof. Cherry,gender,Female,behavior_mean,43.9283511270871
Portrait Prof. Cherry,gender,Other,behavior_mean,41.0434815302436
Portrait Prof. Cherry,age_band,18-29,behavior_mean,41.973854343364
Portrait Prof. Cherry,age_band,30-44,behavior_mean,43.3346149439717
Portrait Prof. Cherry,age_band,45-59,behavior_mean,39.2022148536874
Portrait Prof. Cherry,age_band,60+,behavior_mean,39.8696821032737
Portrait Prof. Cherry,race,White / Caucasian,behavior_mean,40.1212652456959
Portrait Prof. Cherry,race,Black / African American,behavior_mean,43.3880676648152
Portrait Prof. Cherry,race,Hispanic / Latino,behavior_mean,41.2820064753426
Portrait Prof. Cherry,race,Asian / Asian American,behavior_mean,42.794976037051
Portrait Prof. Cherry,race,Other,behavior_mean,44.9490013393077
Portrait Prof. Cherry,education,Less than high school,behavior_mean,33.6306631985934
Portrait Prof. Cherry,education,High school diploma / GED,behavior_mean,37.7602781651475
Portrait Prof. Cherry,education,Some college or Associate's degree,behavior_mean,40.3635666908289
Portrait Prof. Cherry,education,Bachelor's degree,behavior_mean,42.2369217629888
Portrait Prof. Cherry,education,Master's degree / Professional degree,behavior_mean,44.4250687867888
Portrait Prof. Cherry,education,Doctorate degree / Ph.D.,behavior_mean,42.1698273777155
Portrait Prof. Cherry,income,"Less than $30,000",behavior_mean,40.0228430937505
Portrait Prof. Cherry,income,"$30,000 to $55,999",behavior_mean,40.8435709002075
Portrait Prof. Cherry,income,"$56,000 to $99,999",behavior_mean,41.4525073028494
Portrait Prof. Cherry,income,"$100,000 to $167,999",behavior_mean,40.9742379140689
Portrait Prof. Cherry,income,"$168,000 or more",behavior_mean,42.458313891145
Portrait Prof. Cherry,party,Republican,behavior_mean,30.6337991511132
Portrait Prof. Cherry,party,Democrat,behavior_mean,48.1304185311245
Portrait Prof. Cherry,party,Independent,behavior_mean,40.5305733350566
Portrait Prof. Cherry,party,Other,behavior_mean,43.9772750613553
Portrait Prof. Cherry,gender,Male,donation_ams,2.40515240498553
Portrait Prof. Cherry,gender,Female,donation_ams,2.84380131961517
Portrait Prof. Cherry,gender,Other,donation_ams,2.62869251034134
Portrait Prof. Cherry,age_band,18-29,donation_ams,2.55866840910977
Portrait Prof. Cherry,age_band,30-44,donation_ams,2.68197859751084
Portrait Prof. Cherry,age_band,45-59,donation_ams,2.48993153797273
Portrait Prof. Cherry,age_band,60+,donation_ams,2.73232234269898
Portrait Prof. Cherry,race,White / Caucasian,donation_ams,2.6523592460107
Portrait Prof. Cherry,race,Black / African American,donation_ams,2.62160245680548
Portrait Prof. Cherry,race,Hispanic / Latino,donation_ams,2.45007088515021
Portrait Prof. Cherry,race,Asian / Asian American,donation_ams,2.73456589091647
Portrait Prof. Cherry,race,Other,donation_ams,3.06572859596672
Portrait Prof. Cherry,education,Less than high school,donation_ams,1.33766480067661
Portrait Prof. Cherry,education,High school diploma / GED,donation_ams,2.16720715173498
Portrait Prof. Cherry,education,Some college or Associate's degree,donation_ams,2.52347532332961
Portrait Prof. Cherry,education,Bachelor's degree,donation_ams,2.72272181478649
Portrait Prof. Cherry,education,Master's degree / Professional degree,donation_ams,3.30924118374168
Portrait Prof. Cherry,education,Doctorate degree / Ph.D.,donation_ams,3.01110418529858
Portrait Prof. Cherry,income,"Less than $30,000",donation_ams,1.9510931475533
Portrait Prof. Cherry,income,"$30,000 to $55,999",donation_ams,2.51229452645785
Portrait Prof. Cherry,income,"$56,000 to $99,999",donation_ams,2.74914597858409
Portrait Prof. Cherry,income,"$100,000 to $167,999",donation_ams,2.91314028955793
Portrait Prof. Cherry,income,"$168,000 or more",donation_ams,3.09005516111732
Portrait Prof. Cherry,party,Republican,donation_ams,1.77193747055577
Portrait Prof. Cherry,party,Democrat,donation_ams,3.20944225263358
Portrait Prof. Cherry,party,Independent,donation_ams,2.57995883134449
Portrait Prof. Cherry,party,Other,donation_ams,2.97456431308431
Portrait Prof. Cherry,gender,Male,newsletter_signup,0.017663161597042
Portrait Prof. Cherry,gender,Female,newsletter_signup,0.019190595101831
Portrait Prof. Cherry,gender,Other,newsletter_signup,0.0184415577931726
Portrait Prof. Cherry,age_band,18-29,newsletter_signup,0.0198231644850237
Portrait Prof. Cherry,age_band,30-44,newsletter_signup,0.0218333492606117
Portrait Prof. Cherry,age_band,45-59,newsletter_signup,0.0154031194141093
Portrait Prof. Cherry,age_band,60+,newsletter_signup,0.0169328021543351
Portrait Prof. Cherry,race,White / Caucasian,newsletter_signup,0.018056192211347
Portrait Prof. Cherry,race,Black / African American,newsletter_signup,0.0189774758315891
Portrait Prof. Cherry,race,Hispanic / Latino,newsletter_signup,0.0181721036766134
Portrait Prof. Cherry,race,Asian / Asian American,newsletter_signup,0.020491102517169
Portrait Prof. Cherry,race,Other,newsletter_signup,0.0213005781359172
Portrait Prof. Cherry,education,Less than high school,newsletter_signup,0.0188329956067673
Portrait Prof. Cherry,education,High school diploma / GED,newsletter_signup,0.0161693019214736
Portrait Prof. Cherry,education,Some college or Associate's degree,newsletter_signup,0.0185780686024889
Portrait Prof. Cherry,education,Bachelor's degree,newsletter_signup,0.0186020592009028
Portrait Prof. Cherry,education,Master's degree / Professional degree,newsletter_signup,0.0199435407279894
Portrait Prof. Cherry,education,Doctorate degree / Ph.D.,newsletter_signup,0.0195676019712793
Portrait Prof. Cherry,income,"Less than $30,000",newsletter_signup,0.0188319947064558
Portrait Prof. Cherry,income,"$30,000 to $55,999",newsletter_signup,0.018995166821768
Portrait Prof. Cherry,income,"$56,000 to $99,999",newsletter_signup,0.0182914832290592
Portrait Prof. Cherry,income,"$100,000 to $167,999",newsletter_signup,0.0173034033084945
Portrait Prof. Cherry,income,"$168,000 or more",newsletter_signup,0.0210418242640828
Portrait Prof. Cherry,party,Republican,newsletter_signup,0.0100698222187739
Portrait Prof. Cherry,party,Democrat,newsletter_signup,0.0242661088959826
Portrait Prof. Cherry,party,Independent,newsletter_signup,0.0181648802697472
Portrait Prof. Cherry,party,Other,newsletter_signup,0.0175506582122517
Model accuracy,gender,Male,trust_multidimensional,79.4288727344539
Model accuracy,gender,Female,trust_multidimensional,81.3661155694943
Model accuracy,gender,Other,trust_multidimensional,80.416112080094
Model accuracy,age_band,18-29,trust_multidimensional,80.2519294989278
Model accuracy,age_band,30-44,trust_multidimensional,81.6893155787386
Model accuracy,age_band,45-59,trust_multidimensional,79.7343671397941
Model accuracy,age_band,60+,trust_multidimensional,79.9552559090666
Model accuracy,race,White / Caucasian,trust_multidimensional,79.9871130678554
Model accuracy,race,Black / African American,trust_multidimensional,80.8864379540547
Model accuracy,race,Hispanic / Latino,trust_multidimensional,80.6084275011692
Model accuracy,race,Asian / Asian American,trust_multidimensional,82.1058778952333
Model accuracy,race,Other,trust_multidimensional,82.3463712738468
Model accuracy,education,Less than high school,trust_multidimensional,75.5633023198633
Model accuracy,education,High school diploma / GED,trust_multidimensional,77.8049817333544
Model accuracy,education,Some college or Associate's degree,trust_multidimensional,79.9016503801836
Model accuracy,education,Bachelor's degree,trust_multidimensional,81.3189832956156
Model accuracy,education,Master's degree / Professional degree,trust_multidimensional,82.0132275827232
Model accuracy,education,Doctorate degree / Ph.D.,trust_multidimensional,81.7239828203323
Model accuracy,income,"Less than $30,000",trust_multidimensional,79.6647222443369
Model accuracy,income,"$30,000 to $55,999",trust_multidimensional,80.2568389538229
Model accuracy,income,"$56,000 to $99,999",trust_multidimensional,80.4557679345372
Model accuracy,income,"$100,000 to $167,999",trust_multidimensional,80.800529392354
Model accuracy,income,"$168,000 or more",trust_multidimensional,81.3269588119442
Model accuracy,party,Republican,trust_multidimensional,74.5608970611351
Model accuracy,party,Democrat,trust_multidimensional,84.1520177532176
Model accuracy,party,Independent,trust_multidimensional,80.4926422962986
Model accuracy,party,Other,trust_multidimensional,82.0490421665293
Model accuracy,gender,Male,trust_post,78.9754493963549
Model accuracy,gender,Female,trust_post,80.9034524625741
Model accuracy,gender,Other,trust_post,79.9579800585198
Model accuracy,age_band,18-29,trust_post,79.6190220678127
Model accuracy,age_band,30-44,trust_post,81.7528118109465
Model accuracy,age_band,45-59,trust_post,79.1287874652851
Model accuracy,age_band,60+,trust_post,79.2807314178113
Model accuracy,race,White / Caucasian,trust_post,79.2813445505484
Model accuracy,race,Black / African American,trust_post,80.4440760478697
Model accuracy,race,Hispanic / Latino,trust_post,80.2834838489662
Model accuracy,race,Asian / Asian American,trust_post,83.1786302404387
Model accuracy,race,Other,trust_post,82.6491269456142
Model accuracy,education,Less than high school,trust_post,72.9502176475837
Model accuracy,education,High school diploma / GED,trust_post,76.3355653877969
Model accuracy,education,Some college or Associate's degree,trust_post,78.9654917361483
Model accuracy,education,Bachelor's degree,trust_post,81.4267794847579
Model accuracy,education,Master's degree / Professional degree,trust_post,81.7460682660718
Model accuracy,education,Doctorate degree / Ph.D.,trust_post,82.0700148746591
Model accuracy,income,"Less than $30,000",trust_post,78.5383549848652
Model accuracy,income,"$30,000 to $55,999",trust_post,79.5194214686768
Model accuracy,income,"$56,000 to $99,999",trust_post,80.1389835147323
Model accuracy,income,"$100,000 to $167,999",trust_post,80.8541528217625
Model accuracy,income,"$168,000 or more",trust_post,80.787387361069
Model accuracy,party,Republican,trust_post,71.3672858485115
Model accuracy,party,Democrat,trust_post,85.7147379439319
Model accuracy,party,Independent,trust_post,79.6987333931848
Model accuracy,party,Other,trust_post,82.0637835588707
Model accuracy,gender,Male,distrust_post,22.1778648986484
Model accuracy,gender,Female,distrust_post,20.0837651863335
Model accuracy,gender,Other,distrust_post,21.1106896368295
Model accuracy,age_band,18-29,distrust_post,21.2362782542119
Model accuracy,age_band,30-44,distrust_post,19.5191877572342
Model accuracy,age_band,45-59,distrust_post,22.0245381508852
Model accuracy,age_band,60+,distrust_post,21.693019299324
Model accuracy,race,White / Caucasian,distrust_post,21.8721154212246
Model accuracy,race,Black / African American,distrust_post,20.0910172481528
Model accuracy,race,Hispanic / Latino,distrust_post,20.6351426850674
Model accuracy,race,Asian / Asian American,distrust_post,18.4760063051913
Model accuracy,race,Other,distrust_post,18.5164148251134
Model accuracy,education,Less than high school,distrust_post,26.7211945565916
Model accuracy,education,High school diploma / GED,distrust_post,24.3617720020786
Model accuracy,education,Some college or Associate's degree,distrust_post,22.0606327984516
Model accuracy,education,Bachelor's degree,distrust_post,19.7638806653199
Model accuracy,education,Master's degree / Professional degree,distrust_post,19.4959851534558
Model accuracy,education,Doctorate degree / Ph.D.,distrust_post,19.1789001148284
Model accuracy,income,"Less than $30,000",distrust_post,22.2554618725737
Model accuracy,income,"$30,000 to $55,999",distrust_post,21.5266977646353
Model accuracy,income,"$56,000 to $99,999",distrust_post,20.994516822227
Model accuracy,income,"$100,000 to $167,999",distrust_post,20.4356529987785
Model accuracy,income,"$168,000 or more",distrust_post,19.8519136221096
Model accuracy,party,Republican,distrust_post,29.0727804191072
Model accuracy,party,Democrat,distrust_post,15.8825056005473
Model accuracy,party,Independent,distrust_post,21.1814301519891
Model accuracy,party,Other,distrust_post,19.2997804979506
Model accuracy,gender,Male,funding_perceptions,42.7975634468828
Model accuracy,gender,Female,funding_perceptions,40.1364555232547
Model accuracy,gender,Other,funding_perceptions,41.4414348306447
Model accuracy,age_band,18-29,funding_perceptions,40.856696766892
Model accuracy,age_band,30-44,funding_perceptions,39.0961090162253
Model accuracy,age_band,45-59,funding_perceptions,43.3021173367892
Model accuracy,age_band,60+,funding_perceptions,42.4209722500307
Model accuracy,race,White / Caucasian,funding_perceptions,42.4802835199145
Model accuracy,race,Black / African American,funding_perceptions,38.8925520278149
Model accuracy,race,Hispanic / Latino,funding_perceptions,41.188860710638
Model accuracy,race,Asian / Asian American,funding_perceptions,38.5724091766623
Model accuracy,race,Other,funding_perceptions,38.7077831322782
Model accuracy,education,Less than high school,funding_perceptions,43.7653629890394
Model accuracy,education,High school diploma / GED,funding_perceptions,43.1989022893518
Model accuracy,education,Some college or Associate's degree,funding_perceptions,41.1470039777
Model accuracy,education,Bachelor's degree,funding_perceptions,40.5402403435046
Model accuracy,education,Master's degree / Professional degree,funding_perceptions,42.6567615396504
Model accuracy,education,Doctorate degree / Ph.D.,funding_perceptions,42.7725871610886
Model accuracy,income,"Less than $30,000",funding_perceptions,41.0873211245525
Model accuracy,income,"$30,000 to $55,999",funding_perceptions,40.6470639896711
Model accuracy,income,"$56,000 to $99,999",funding_perceptions,41.0328183471502
Model accuracy,income,"$100,000 to $167,999",funding_perceptions,42.7701294914781
Model accuracy,income,"$168,000 or more",funding_perceptions,42.2192971362843
Model accuracy,party,Republican,funding_perceptions,52.8736691614494
Model accuracy,party,Democrat,funding_perceptions,33.7635424717442
Model accuracy,party,Independent,funding_perceptions,41.6906210663595
Model accuracy,party,Other,funding_perceptions,39.8728522750633
Model accuracy,gender,Male,policy_role_mean,77.0287280851872
Model accuracy,gender,Female,policy_role_mean,77.7925626831343
Model accuracy,gender,Other,policy_role_mean,77.4179862385869
Model accuracy,age_band,18-29,policy_role_mean,78.486255039047
Model accuracy,age_band,30-44,policy_role_mean,79.2280365063607
Model accuracy,age_band,45-59,policy_role_mean,76.4689189063733
Model accuracy,age_band,60+,policy_role_mean,75.8984308414423
Model accuracy,race,White / Caucasian,policy_role_mean,76.881034828135
Model accuracy,race,Black / African American,policy_role_mean,78.4063119433379
Model accuracy,race,Hispanic / Latino,policy_role_mean,78.3050251073861
Model accuracy,race,Asian / Asian American,policy_role_mean,77.7727345514301
Model accuracy,race,Other,policy_role_mean,78.0473918702519
Model accuracy,education,Less than high school,policy_role_mean,77.4551651494919
Model accuracy,education,High school diploma / GED,policy_role_mean,76.4061449848847
Model accuracy,education,Some college or Associate's degree,policy_role_mean,77.4204875813913
Model accuracy,education,Bachelor's degree,policy_role_mean,77.4813891627237
Model accuracy,education,Master's degree / Professional degree,policy_role_mean,77.8769535822321
Model accuracy,education,Doctorate degree / Ph.D.,policy_role_mean,78.2147366867401
Model accuracy,income,"Less than $30,000",policy_role_mean,77.6099756785117
Model accuracy,income,"$30,000 to $55,999",policy_role_mean,77.6929695987814
Model accuracy,income,"$56,000 to $99,999",policy_role_mean,77.3545536676573
Model accuracy,income,"$100,000 to $167,999",policy_role_mean,76.9843926755681
Model accuracy,income,"$168,000 or more",policy_role_mean,78.105036467346
Model accuracy,party,Republican,policy_role_mean,72.7971754823262
Model accuracy,party,Democrat,policy_role_mean,80.9636046300812
Model accuracy,party,Independent,policy_role_mean,76.7606270811081
Model accuracy,party,Other,policy_role_mean,77.1783647477198
Model accuracy,gender,Male,inst_trust_mean,69.7398869074939
Model accuracy,gender,Female,inst_trust_mean,71.9048716865761
Model accuracy,gender,Other,inst_trust_mean,70.8431859456743
Model accuracy,age_band,18-29,inst_trust_mean,70.7260154311978
Model accuracy,age_band,30-44,inst_trust_mean,72.4234465330148
Model accuracy,age_band,45-59,inst_trust_mean,69.6837404327405
Model accuracy,age_band,60+,inst_trust_mean,70.4468841657381
Model accuracy,race,White / Caucasian,inst_trust_mean,70.1354858071919
Model accuracy,race,Black / African American,inst_trust_mean,71.6689852869308
Model accuracy,race,Hispanic / Latino,inst_trust_mean,71.063687449305
Model accuracy,race,Asian / Asian American,inst_trust_mean,74.0570500202214
Model accuracy,race,Other,inst_trust_mean,73.4039299319082
Model accuracy,education,Less than high school,inst_trust_mean,65.2318430301542
Model accuracy,education,High school diploma / GED,inst_trust_mean,67.6957128720766
Model accuracy,education,Some college or Associate's degree,inst_trust_mean,70.0481109202865
Model accuracy,education,Bachelor's degree,inst_trust_mean,72.022552759566
Model accuracy,education,Master's degree / Professional degree,inst_trust_mean,72.7880953898654
Model accuracy,education,Doctorate degree / Ph.D.,inst_trust_mean,72.6259467114467
Model accuracy,income,"Less than $30,000",inst_trust_mean,69.7247742234847
Model accuracy,income,"$30,000 to $55,999",inst_trust_mean,70.4541630180721
Model accuracy,income,"$56,000 to $99,999",inst_trust_mean,71.1521836209428
Model accuracy,income,"$100,000 to $167,999",inst_trust_mean,71.2440081530838
Model accuracy,income,"$168,000 or more",inst_trust_mean,71.8677408538509
Model accuracy,party,Republican,inst_trust_mean,62.2895599602298
Model accuracy,party,Democrat,inst_trust_mean,76.3626308095512
Model accuracy,party,Independent,inst_trust_mean,70.9015129991929
Model accuracy,party,Other,inst_trust_mean,72.8572445024519
Model accuracy,gender,Male,belief_post,90.5616658796365
Model accuracy,gender,Female,belief_post,92.0373700202995
Model accuracy,gender,Other,belief_post,91.3137002471587
Model accuracy,age_band,18-29,belief_post,91.4006545362254
Model accuracy,age_band,30-44,belief_post,92.9584245165142
Model accuracy,age_band,45-59,belief_post,90.5812720829452
Model accuracy,age_band,60+,belief_post,90.4133264189629
Model accuracy,race,White / Caucasian,belief_post,90.7147431763998
Model accuracy,race,Black / African American,belief_post,91.9570599332109
Model accuracy,race,Hispanic / Latino,belief_post,91.6931905059661
Model accuracy,race,Asian / Asian American,belief_post,93.5289156439047
Model accuracy,race,Other,belief_post,93.6838724145844
Model accuracy,education,Less than high school,belief_post,86.033365343557
Model accuracy,education,High school diploma / GED,belief_post,88.4183952779821
Model accuracy,education,Some college or Associate's degree,belief_post,90.6808227359325
Model accuracy,education,Bachelor's degree,belief_post,92.4496178692947
Model accuracy,education,Master's degree / Professional degree,belief_post,92.2255040497079
Model accuracy,education,Doctorate degree / Ph.D.,belief_post,92.805260317851
Model accuracy,income,"Less than $30,000",belief_post,90.0552253244857
Model accuracy,income,"$30,000 to $55,999",belief_post,90.8280353233405
Model accuracy,income,"$56,000 to $99,999",belief_post,91.5312898535369
Model accuracy,income,"$100,000 to $167,999",belief_post,91.9287505693052
Model accuracy,income,"$168,000 or more",belief_post,92.7587919627162
Model accuracy,party,Republican,belief_post,84.8096712365042
Model accuracy,party,Democrat,belief_post,95.6688184057015
Model accuracy,party,Independent,belief_post,91.1849503571709
Model accuracy,party,Other,belief_post,92.2658816310018
Model accuracy,gender,Male,concern_mean,71.8227527683664
Model accuracy,gender,Female,concern_mean,77.1093364646237
Model accuracy,gender,Other,concern_mean,74.5168514815285
Model accuracy,age_band,18-29,concern_mean,75.2023817351131
Model accuracy,age_band,30-44,concern_mean,77.7823502908872
Model accuracy,age_band,45-59,concern_mean,71.7777409821012
Model accuracy,age_band,60+,concern_mean,73.3469384341324
Model accuracy,race,White / Caucasian,concern_mean,73.2864527933651
Model accuracy,race,Black / African American,concern_mean,77.5420118436692
Model accuracy,race,Hispanic / Latino,concern_mean,74.7290309371956
Model accuracy,race,Asian / Asian American,concern_mean,77.6716459424996
Model accuracy,race,Other,concern_mean,78.8968274793689
Model accuracy,education,Less than high school,concern_mean,68.9682665142106
Model accuracy,education,High school diploma / GED,concern_mean,72.0203316907199
Model accuracy,education,Some college or Associate's degree,concern_mean,73.9719335014757
Model accuracy,education,Bachelor's degree,concern_mean,75.4605378616835
Model accuracy,education,Master's degree / Professional degree,concern_mean,75.7138789160345
Model accuracy,education,Doctorate degree / Ph.D.,concern_mean,75.8380657638733
Model accuracy,income,"Less than $30,000",concern_mean,74.6299379929562
Model accuracy,income,"$30,000 to $55,999",concern_mean,74.9805291348012
Model accuracy,income,"$56,000 to $99,999",concern_mean,74.9285593392936
Model accuracy,income,"$100,000 to $167,999",concern_mean,73.2401342983974
Model accuracy,income,"$168,000 or more",concern_mean,75.3249145686727
Model accuracy,party,Republican,concern_mean,60.0341486189128
Model accuracy,party,Democrat,concern_mean,83.9814460398077
Model accuracy,party,Independent,concern_mean,74.3732590905898
Model accuracy,party,Other,concern_mean,78.6363371131538
Model accuracy,gender,Male,policy_general,76.3138237674834
Model accuracy,gender,Female,policy_general,78.3173178705636
Model accuracy,gender,Other,policy_general,77.3348254568651
Model accuracy,age_band,18-29,policy_general,79.5839246904545
Model accuracy,age_band,30-44,policy_general,80.964973127317
Model accuracy,age_band,45-59,policy_general,75.4453325790628
Model accuracy,age_band,60+,policy_general,74.2073833528442
Model accuracy,race,White / Caucasian,policy_general,76.2816309464058
Model accuracy,race,Black / African American,policy_general,79.2537473926242
Model accuracy,race,Hispanic / Latino,policy_general,78.9709513541866
Model accuracy,race,Asian / Asian American,policy_general,78.317168805479
Model accuracy,race,Other,policy_general,78.6461418654205
Model accuracy,education,Less than high school,policy_general,77.9211660268244
Model accuracy,education,High school diploma / GED,policy_general,75.6841767108986
Model accuracy,education,Some college or Associate's degree,policy_general,77.3154778693825
Model accuracy,education,Bachelor's degree,policy_general,77.47229899068
Model accuracy,education,Master's degree / Professional degree,policy_general,77.700063576935
Model accuracy,education,Doctorate degree / Ph.D.,policy_general,78.6969575680468
Model accuracy,income,"Less than $30,000",policy_general,78.1541755891512
Model accuracy,income,"$30,000 to $55,999",policy_general,78.1623828451175
Model accuracy,income,"$56,000 to $99,999",policy_general,77.1593112690064
Model accuracy,income,"$100,000 to $167,999",policy_general,76.1011106676723
Model accuracy,income,"$168,000 or more",policy_general,78.3073920634667
Model accuracy,party,Republican,policy_general,67.837084701763
Model accuracy,party,Democrat,policy_general,84.5035141733326
Model accuracy,party,Independent,policy_general,76.116489465322
Model accuracy,party,Other,policy_general,77.2520712616525
Model accuracy,gender,Male,policy_specific_mean,72.6452435716745
Model accuracy,gender,Female,policy_specific_mean,74.014548644234
Model accuracy,gender,Other,policy_specific_mean,73.3430558538333
Model accuracy,age_band,18-29,policy_specific_mean,74.8391168098575
Model accuracy,age_band,30-44,policy_specific_mean,75.8727195130285
Model accuracy,age_band,45-59,policy_specific_mean,71.9102708250991
Model accuracy,age_band,60+,policy_specific_mean,71.296232560652
Model accuracy,race,White / Caucasian,policy_specific_mean,72.6798938754218
Model accuracy,race,Black / African American,policy_specific_mean,74.4932867669837
Model accuracy,race,Hispanic / Latino,policy_specific_mean,74.3716950447442
Model accuracy,race,Asian / Asian American,policy_specific_mean,73.9452975367625
Model accuracy,race,Other,policy_specific_mean,74.4800131350474
Model accuracy,education,Less than high school,policy_specific_mean,73.5558255522715
Model accuracy,education,High school diploma / GED,policy_specific_mean,72.0745249649331
Model accuracy,education,Some college or Associate's degree,policy_specific_mean,73.4307856675987
Model accuracy,education,Bachelor's degree,policy_specific_mean,73.4482583110792
Model accuracy,education,Master's degree / Professional degree,policy_specific_mean,73.5419720127235
Model accuracy,education,Doctorate degree / Ph.D.,policy_specific_mean,74.1193945730588
Model accuracy,income,"Less than $30,000",policy_specific_mean,73.8457333720328
Model accuracy,income,"$30,000 to $55,999",policy_specific_mean,73.8449484409063
Model accuracy,income,"$56,000 to $99,999",policy_specific_mean,73.2708407721723
Model accuracy,income,"$100,000 to $167,999",policy_specific_mean,72.4842713020821
Model accuracy,income,"$168,000 or more",policy_specific_mean,74.158638987656
Model accuracy,party,Republican,policy_specific_mean,66.7100951229698
Model accuracy,party,Democrat,policy_specific_mean,78.2435971779744
Model accuracy,party,Independent,policy_specific_mean,72.6301862989829
Model accuracy,party,Other,policy_specific_mean,73.4459061913266
Model accuracy,gender,Male,behavior_mean,38.7049216621853
Model accuracy,gender,Female,behavior_mean,44.2974635473092
Model accuracy,gender,Other,behavior_mean,41.5549398897761
Model accuracy,age_band,18-29,behavior_mean,42.5751124812704
Model accuracy,age_band,30-44,behavior_mean,43.8596014581302
Model accuracy,age_band,45-59,behavior_mean,39.6428112680965
Model accuracy,age_band,60+,behavior_mean,40.3636594541741
Model accuracy,race,White / Caucasian,behavior_mean,40.5979790150956
Model accuracy,race,Black / African American,behavior_mean,43.2632002809209
Model accuracy,race,Hispanic / Latino,behavior_mean,42.1362534832614
Model accuracy,race,Asian / Asian American,behavior_mean,43.7364612439676
Model accuracy,race,Other,behavior_mean,45.7631590547054
Model accuracy,education,Less than high school,behavior_mean,35.100637548886
Model accuracy,education,High school diploma / GED,behavior_mean,38.3611202067276
Model accuracy,education,Some college or Associate's degree,behavior_mean,40.9689237277681
Model accuracy,education,Bachelor's degree,behavior_mean,42.4432460865137
Model accuracy,education,Master's degree / Professional degree,behavior_mean,45.5385185304254
Model accuracy,education,Doctorate degree / Ph.D.,behavior_mean,43.0468249705953
Model accuracy,income,"Less than $30,000",behavior_mean,40.2533707993668
Model accuracy,income,"$30,000 to $55,999",behavior_mean,41.4622457721587
Model accuracy,income,"$56,000 to $99,999",behavior_mean,42.1434720918411
Model accuracy,income,"$100,000 to $167,999",behavior_mean,41.2598251512355
Model accuracy,income,"$168,000 or more",behavior_mean,43.2490810592534
Model accuracy,party,Republican,behavior_mean,31.4631461160222
Model accuracy,party,Democrat,behavior_mean,48.544591774564
Model accuracy,party,Independent,behavior_mean,40.8626762964397
Model accuracy,party,Other,behavior_mean,44.6255746047953
Model accuracy,gender,Male,donation_ams,2.53660233688664
Model accuracy,gender,Female,donation_ams,2.95236654813803
Model accuracy,gender,Other,donation_ams,2.74848015645171
Model accuracy,age_band,18-29,donation_ams,2.60290958939878
Model accuracy,age_band,30-44,donation_ams,2.79582427535407
Model accuracy,age_band,45-59,donation_ams,2.6176972109416
Model accuracy,age_band,60+,donation_ams,2.90050593347068
Model accuracy,race,White / Caucasian,donation_ams,2.76677499792042
Model accuracy,race,Black / African American,donation_ams,2.62932453785889
Model accuracy,race,Hispanic / Latino,donation_ams,2.66847200541312
Model accuracy,race,Asian / Asian American,donation_ams,2.84796874266628
Model accuracy,race,Other,donation_ams,3.16919297273625
Model accuracy,education,Less than high school,donation_ams,1.82049761378357
Model accuracy,education,High school diploma / GED,donation_ams,2.24373949998858
Model accuracy,education,Some college or Associate's degree,donation_ams,2.63223444994066
Model accuracy,education,Bachelor's degree,donation_ams,2.85055654761452
Model accuracy,education,Master's degree / Professional degree,donation_ams,3.31072345574995
Model accuracy,education,Doctorate degree / Ph.D.,donation_ams,3.20800753748947
Model accuracy,income,"Less than $30,000",donation_ams,2.05217839326863
Model accuracy,income,"$30,000 to $55,999",donation_ams,2.56911087538107
Model accuracy,income,"$56,000 to $99,999",donation_ams,2.92914890752068
Model accuracy,income,"$100,000 to $167,999",donation_ams,3.01946481518439
Model accuracy,income,"$168,000 or more",donation_ams,3.15923146184443
Model accuracy,party,Republican,donation_ams,1.93477124074882
Model accuracy,party,Democrat,donation_ams,3.30592780864136
Model accuracy,party,Independent,donation_ams,2.69116133589215
Model accuracy,party,Other,donation_ams,3.10262561494471
Model accuracy,gender,Male,newsletter_signup,0.013242719239364
Model accuracy,gender,Female,newsletter_signup,0.0137803314450151
Model accuracy,gender,Other,newsletter_signup,0.0135166920797922
Model accuracy,age_band,18-29,newsletter_signup,0.0145937110925269
Model accuracy,age_band,30-44,newsletter_signup,0.0151789102960512
Model accuracy,age_band,45-59,newsletter_signup,0.0123568233091704
Model accuracy,age_band,60+,newsletter_signup,0.0122723044332418
Model accuracy,race,White / Caucasian,newsletter_signup,0.0131702574105112
Model accuracy,race,Black / African American,newsletter_signup,0.0144549281134271
Model accuracy,race,Hispanic / Latino,newsletter_signup,0.0135442662019628
Model accuracy,race,Asian / Asian American,newsletter_signup,0.0144805022564683
Model accuracy,race,Other,newsletter_signup,0.0143901340509743
Model accuracy,education,Less than high school,newsletter_signup,0.0134122291178586
Model accuracy,education,High school diploma / GED,newsletter_signup,0.0127282544400251
Model accuracy,education,Some college or Associate's degree,newsletter_signup,0.0136138743317015
Model accuracy,education,Bachelor's degree,newsletter_signup,0.013432371492552
Model accuracy,education,Master's degree / Professional degree,newsletter_signup,0.0139664673102794
Model accuracy,education,Doctorate degree / Ph.D.,newsletter_signup,0.0142768053849712
Model accuracy,income,"Less than $30,000",newsletter_signup,0.0140552173058871
Model accuracy,income,"$30,000 to $55,999",newsletter_signup,0.0138869244300927
Model accuracy,income,"$56,000 to $99,999",newsletter_signup,0.0134829105950008
Model accuracy,income,"$100,000 to $167,999",newsletter_signup,0.0126134469213588
Model accuracy,income,"$168,000 or more",newsletter_signup,0.0146152895060998
Model accuracy,party,Republican,newsletter_signup,0.00870084518599687
Model accuracy,party,Democrat,newsletter_signup,0.0170805546008085
Model accuracy,party,Independent,newsletter_signup,0.0129742208837701
Model accuracy,party,Other,newsletter_signup,0.0137596066767796
Interview Prof. Sebille,gender,Male,trust_multidimensional,79.341035368631
Interview Prof. Sebille,gender,Female,trust_multidimensional,81.3724445919986
Interview Prof. Sebille,gender,Other,trust_multidimensional,80.3762628972247
Interview Prof. Sebille,age_band,18-29,trust_multidimensional,80.5046078558186
Interview Prof. Sebille,age_band,30-44,trust_multidimensional,81.4971520565178
Interview Prof. Sebille,age_band,45-59,trust_multidimensional,79.4946740511461
Interview Prof. Sebille,age_band,60+,trust_multidimensional,80.0010427191116
Interview Prof. Sebille,race,White / Caucasian,trust_multidimensional,79.9468641805878
Interview Prof. Sebille,race,Black / African American,trust_multidimensional,81.1134759163696
Interview Prof. Sebille,race,Hispanic / Latino,trust_multidimensional,80.382996112669
Interview Prof. Sebille,race,Asian / Asian American,trust_multidimensional,82.0167402903347
Interview Prof. Sebille,race,Other,trust_multidimensional,82.4665438018239
Interview Prof. Sebille,education,Less than high school,trust_multidimensional,75.1628165643889
Interview Prof. Sebille,education,High school diploma / GED,trust_multidimensional,78.3515049683017
Interview Prof. Sebille,education,Some college or Associate's degree,trust_multidimensional,79.8411976870475
Interview Prof. Sebille,education,Bachelor's degree,trust_multidimensional,81.1244705645518
Interview Prof. Sebille,education,Master's degree / Professional degree,trust_multidimensional,82.2063828460971
Interview Prof. Sebille,education,Doctorate degree / Ph.D.,trust_multidimensional,81.5252686862752
Interview Prof. Sebille,income,"Less than $30,000",trust_multidimensional,79.8784268347329
Interview Prof. Sebille,income,"$30,000 to $55,999",trust_multidimensional,80.2191205519601
Interview Prof. Sebille,income,"$56,000 to $99,999",trust_multidimensional,80.4873910353628
Interview Prof. Sebille,income,"$100,000 to $167,999",trust_multidimensional,80.4195640764663
Interview Prof. Sebille,income,"$168,000 or more",trust_multidimensional,81.497207362228
Interview Prof. Sebille,party,Republican,trust_multidimensional,74.2484891863313
Interview Prof. Sebille,party,Democrat,trust_multidimensional,84.3083028174628
Interview Prof. Sebille,party,Independent,trust_multidimensional,80.42204612919
Interview Prof. Sebille,party,Other,trust_multidimensional,82.1061658155821
Interview Prof. Sebille,gender,Male,trust_post,75.3185208052482
Interview Prof. Sebille,gender,Female,trust_post,78.8191468139537
Interview Prof. Sebille,gender,Other,trust_post,77.1024766767862
Interview Prof. Sebille,age_band,18-29,trust_post,77.490062204171
Interview Prof. Sebille,age_band,30-44,trust_post,79.1644971513347
Interview Prof. Sebille,age_band,45-59,trust_post,75.1404836497478
Interview Prof. Sebille,age_band,60+,trust_post,76.5655235008408
Interview Prof. Sebille,race,White / Caucasian,trust_post,76.3308181997357
Interview Prof. Sebille,race,Black / African American,trust_post,78.7309966462305
Interview Prof. Sebille,race,Hispanic / Latino,trust_post,76.8984868480619
Interview Prof. Sebille,race,Asian / Asian American,trust_post,80.1422411745295
Interview Prof. Sebille,race,Other,trust_post,80.7026899930689
Interview Prof. Sebille,education,Less than high school,trust_post,69.311506002137
Interview Prof. Sebille,education,High school diploma / GED,trust_post,73.6738438078994
Interview Prof. Sebille,education,Some college or Associate's degree,trust_post,76.2219601042927
Interview Prof. Sebille,education,Bachelor's degree,trust_post,78.4212966298492
Interview Prof. Sebille,education,Master's degree / Professional degree,trust_post,79.6282134086325
Interview Prof. Sebille,education,Doctorate degree / Ph.D.,trust_post,78.9335217925701
Interview Prof. Sebille,income,"Less than $30,000",trust_post,76.1209145507476
Interview Prof. Sebille,income,"$30,000 to $55,999",trust_post,76.8783902480086
Interview Prof. Sebille,income,"$56,000 to $99,999",trust_post,77.4531152062776
Interview Prof. Sebille,income,"$100,000 to $167,999",trust_post,77.0903018232647
Interview Prof. Sebille,income,"$168,000 or more",trust_post,78.6110076370465
Interview Prof. Sebille,party,Republican,trust_post,66.0827559429107
Interview Prof. Sebille,party,Democrat,trust_post,84.3346645335783
Interview Prof. Sebille,party,Independent,trust_post,77.0330048801988
Interview Prof. Sebille,party,Other,trust_post,79.3731857807
Interview Prof. Sebille,gender,Male,distrust_post,24.3807377421045
Interview Prof. Sebille,gender,Female,distrust_post,21.3458050023388
Interview Prof. Sebille,gender,Other,distrust_post,22.8341040636242
Interview Prof. Sebille,age_band,18-29,distrust_post,22.6285556702567
Interview Prof. Sebille,age_band,30-44,distrust_post,20.866075179077
Interview Prof. Sebille,age_band,45-59,distrust_post,24.6550275121778
Interview Prof. Sebille,age_band,60+,distrust_post,23.2775919663988
Interview Prof. Sebille,race,White / Caucasian,distrust_post,23.41603737743
Interview Prof. Sebille,race,Black / African American,distrust_post,21.4694179617693
Interview Prof. Sebille,race,Hispanic / Latino,distrust_post,23.3021703541372
Interview Prof. Sebille,race,Asian / Asian American,distrust_post,20.0817223314556
Interview Prof. Sebille,race,Other,distrust_post,19.7718927712838
Interview Prof. Sebille,education,Less than high school,distrust_post,28.9564874413302
Interview Prof. Sebille,education,High school diploma / GED,distrust_post,25.4727772252563
Interview Prof. Sebille,education,Some college or Associate's degree,distrust_post,23.594041279242
Interview Prof. Sebille,education,Bachelor's degree,distrust_post,21.8588590615253
Interview Prof. Sebille,education,Master's degree / Professional degree,distrust_post,20.3695350995325
Interview Prof. Sebille,education,Doctorate degree / Ph.D.,distrust_post,21.2174337646968
Interview Prof. Sebille,income,"Less than $30,000",distrust_post,23.7743712978811
Interview Prof. Sebille,income,"$30,000 to $55,999",distrust_post,22.8099003019927
Interview Prof. Sebille,income,"$56,000 to $99,999",distrust_post,22.5569000389325
Interview Prof. Sebille,income,"$100,000 to $167,999",distrust_post,22.9036964567664
Interview Prof. Sebille,income,"$168,000 or more",distrust_post,21.5916535394115
Interview Prof. Sebille,party,Republican,distrust_post,32.4046594587892
Interview Prof. Sebille,party,Democrat,distrust_post,16.8121338692609
Interview Prof. Sebille,party,Independent,distrust_post,22.5193133892779
Interview Prof. Sebille,party,Other,distrust_post,20.8518836542161
Interview Prof. Sebille,gender,Male,funding_perceptions,43.2911413598738
Interview Prof. Sebille,gender,Female,funding_perceptions,41.1710794789675
Interview Prof. Sebille,gender,Other,funding_perceptions,42.2107355035894
Interview Prof. Sebille,age_band,18-29,funding_perceptions,42.2020820830322
Interview Prof. Sebille,age_band,30-44,funding_perceptions,39.0898935978536
Interview Prof. Sebille,age_band,45-59,funding_perceptions,44.6447933661007
Interview Prof. Sebille,age_band,60+,funding_perceptions,43.0430973231232
Interview Prof. Sebille,race,White / Caucasian,funding_perceptions,42.7456481552575
Interview Prof. Sebille,race,Black / African American,funding_perceptions,39.5014310202106
Interview Prof. Sebille,race,Hispanic / Latino,funding_perceptions,42.9951558407515
Interview Prof. Sebille,race,Asian / Asian American,funding_perceptions,41.2017586264008
Interview Prof. Sebille,race,Other,funding_perceptions,39.8752288958774
Interview Prof. Sebille,education,Less than high school,funding_perceptions,42.3514077342835
Interview Prof. Sebille,education,High school diploma / GED,funding_perceptions,42.8681901937702
Interview Prof. Sebille,education,Some college or Associate's degree,funding_perceptions,42.3328172795459
Interview Prof. Sebille,education,Bachelor's degree,funding_perceptions,41.5658960837798
Interview Prof. Sebille,education,Master's degree / Professional degree,funding_perceptions,42.3785075155394
Interview Prof. Sebille,education,Doctorate degree / Ph.D.,funding_perceptions,43.2014097472755
Interview Prof. Sebille,income,"Less than $30,000",funding_perceptions,41.3337212528624
Interview Prof. Sebille,income,"$30,000 to $55,999",funding_perceptions,41.3180733368074
Interview Prof. Sebille,income,"$56,000 to $99,999",funding_perceptions,42.2508220859905
Interview Prof. Sebille,income,"$100,000 to $167,999",funding_perceptions,43.4864024080704
Interview Prof. Sebille,income,"$168,000 or more",funding_perceptions,42.2917704181164
Interview Prof. Sebille,party,Republican,funding_perceptions,52.5126702637571
Interview Prof. Sebille,party,Democrat,funding_perceptions,35.5790495396849
Interview Prof. Sebille,party,Independent,funding_perceptions,41.800374700027
Interview Prof. Sebille,party,Other,funding_perceptions,43.0324308859284
Interview Prof. Sebille,gender,Male,policy_role_mean,76.7541868839797
Interview Prof. Sebille,gender,Female,policy_role_mean,77.8022734522995
Interview Prof. Sebille,gender,Other,policy_role_mean,77.2883028343225
Interview Prof. Sebille,age_band,18-29,policy_role_mean,78.3182825626061
Interview Prof. Sebille,age_band,30-44,policy_role_mean,79.1009240978301
Interview Prof. Sebille,age_band,45-59,policy_role_mean,76.3299791479321
Interview Prof. Sebille,age_band,60+,policy_role_mean,75.7984279723179
Interview Prof. Sebille,race,White / Caucasian,policy_role_mean,76.7516293242826
Interview Prof. Sebille,race,Black / African American,policy_role_mean,78.4036701614904
Interview Prof. Sebille,race,Hispanic / Latino,policy_role_mean,78.056824596182
Interview Prof. Sebille,race,Asian / Asian American,policy_role_mean,77.764221119095
Interview Prof. Sebille,race,Other,policy_role_mean,77.8306529075907
Interview Prof. Sebille,education,Less than high school,policy_role_mean,77.0941481792211
Interview Prof. Sebille,education,High school diploma / GED,policy_role_mean,76.3549668835168
Interview Prof. Sebille,education,Some college or Associate's degree,policy_role_mean,77.303053303336
Interview Prof. Sebille,education,Bachelor's degree,policy_role_mean,77.357501642918
Interview Prof. Sebille,education,Master's degree / Professional degree,policy_role_mean,77.5737541690655
Interview Prof. Sebille,education,Doctorate degree / Ph.D.,policy_role_mean,78.014112800406
Interview Prof. Sebille,income,"Less than $30,000",policy_role_mean,77.4890168180811
Interview Prof. Sebille,income,"$30,000 to $55,999",policy_role_mean,77.5619478898545
Interview Prof. Sebille,income,"$56,000 to $99,999",policy_role_mean,77.2720814934617
Interview Prof. Sebille,income,"$100,000 to $167,999",policy_role_mean,76.7770207569514
Interview Prof. Sebille,income,"$168,000 or more",policy_role_mean,77.9814583324336
Interview Prof. Sebille,party,Republican,policy_role_mean,72.5774199470217
Interview Prof. Sebille,party,Democrat,policy_role_mean,80.8886846105582
Interview Prof. Sebille,party,Independent,policy_role_mean,76.6520092980543
Interview Prof. Sebille,party,Other,policy_role_mean,76.9103268187346
Interview Prof. Sebille,gender,Male,inst_trust_mean,68.468865626756
Interview Prof. Sebille,gender,Female,inst_trust_mean,70.9751359695827
Interview Prof. Sebille,gender,Other,inst_trust_mean,69.7460873815589
Interview Prof. Sebille,age_band,18-29,inst_trust_mean,69.7667884794483
Interview Prof. Sebille,age_band,30-44,inst_trust_mean,71.5098251569287
Interview Prof. Sebille,age_band,45-59,inst_trust_mean,68.3107093342666
Interview Prof. Sebille,age_band,60+,inst_trust_mean,69.3096691660204
Interview Prof. Sebille,race,White / Caucasian,inst_trust_mean,69.1457478278126
Interview Prof. Sebille,race,Black / African American,inst_trust_mean,70.692181350765
Interview Prof. Sebille,race,Hispanic / Latino,inst_trust_mean,69.728655300624
Interview Prof. Sebille,race,Asian / Asian American,inst_trust_mean,72.4126249879783
Interview Prof. Sebille,race,Other,inst_trust_mean,72.3163659358773
Interview Prof. Sebille,education,Less than high school,inst_trust_mean,63.6362460525761
Interview Prof. Sebille,education,High school diploma / GED,inst_trust_mean,66.942146437227
Interview Prof. Sebille,education,Some college or Associate's degree,inst_trust_mean,68.8593432790069
Interview Prof. Sebille,education,Bachelor's degree,inst_trust_mean,70.9044475406245
Interview Prof. Sebille,education,Master's degree / Professional degree,inst_trust_mean,71.743163981443
Interview Prof. Sebille,education,Doctorate degree / Ph.D.,inst_trust_mean,71.4937089442178
Interview Prof. Sebille,income,"Less than $30,000",inst_trust_mean,68.6025321934841
Interview Prof. Sebille,income,"$30,000 to $55,999",inst_trust_mean,69.6709326742942
Interview Prof. Sebille,income,"$56,000 to $99,999",inst_trust_mean,70.0432558664156
Interview Prof. Sebille,income,"$100,000 to $167,999",inst_trust_mean,69.917855285825
Interview Prof. Sebille,income,"$168,000 or more",inst_trust_mean,70.8026238293164
Interview Prof. Sebille,party,Republican,inst_trust_mean,60.763593575838
Interview Prof. Sebille,party,Democrat,inst_trust_mean,75.4665104263083
Interview Prof. Sebille,party,Independent,inst_trust_mean,69.9487297049576
Interview Prof. Sebille,party,Other,inst_trust_mean,71.5391630009767
Interview Prof. Sebille,gender,Male,belief_post,87.745671698828
Interview Prof. Sebille,gender,Female,belief_post,90.2247403145932
Interview Prof. Sebille,gender,Other,belief_post,89.0090311671179
Interview Prof. Sebille,age_band,18-29,belief_post,89.5781288127748
Interview Prof. Sebille,age_band,30-44,belief_post,91.0643205973161
Interview Prof. Sebille,age_band,45-59,belief_post,87.5361852321924
Interview Prof. Sebille,age_band,60+,belief_post,87.9967282518713
Interview Prof. Sebille,race,White / Caucasian,belief_post,88.2946241117888
Interview Prof. Sebille,race,Black / African American,belief_post,90.524667713198
Interview Prof. Sebille,race,Hispanic / Latino,belief_post,88.7229118536495
Interview Prof. Sebille,race,Asian / Asian American,belief_post,92.0190525983292
Interview Prof. Sebille,race,Other,belief_post,92.4735820935577
Interview Prof. Sebille,education,Less than high school,belief_post,81.0342180134618
Interview Prof. Sebille,education,High school diploma / GED,belief_post,86.206317757648
Interview Prof. Sebille,education,Some college or Associate's degree,belief_post,88.0179669438409
Interview Prof. Sebille,education,Bachelor's degree,belief_post,90.2432662856173
Interview Prof. Sebille,education,Master's degree / Professional degree,belief_post,91.4742439672181
Interview Prof. Sebille,education,Doctorate degree / Ph.D.,belief_post,90.7692843377221
Interview Prof. Sebille,income,"Less than $30,000",belief_post,87.7465413350048
Interview Prof. Sebille,income,"$30,000 to $55,999",belief_post,88.5912130670484
Interview Prof. Sebille,income,"$56,000 to $99,999",belief_post,89.6091988626895
Interview Prof. Sebille,income,"$100,000 to $167,999",belief_post,88.9794431107664
Interview Prof. Sebille,income,"$168,000 or more",belief_post,90.5195567589054
Interview Prof. Sebille,party,Republican,belief_post,79.5001721271948
Interview Prof. Sebille,party,Democrat,belief_post,95.0381292977977
Interview Prof. Sebille,party,Independent,belief_post,89.2390550936566
Interview Prof. Sebille,party,Other,belief_post,91.1428487530697
Interview Prof. Sebille,gender,Male,concern_mean,71.3557907148424
Interview Prof. Sebille,gender,Female,concern_mean,77.118566485051
Interview Prof. Sebille,gender,Other,concern_mean,74.2925619226362
Interview Prof. Sebille,age_band,18-29,concern_mean,74.8736420554342
Interview Prof. Sebille,age_band,30-44,concern_mean,77.7040606284695
Interview Prof. Sebille,age_band,45-59,concern_mean,71.728832749684
Interview Prof. Sebille,age_band,60+,concern_mean,72.9377323951224
Interview Prof. Sebille,race,White / Caucasian,concern_mean,73.0884097149764
Interview Prof. Sebille,race,Black / African American,concern_mean,77.4154487869862
Interview Prof. Sebille,race,Hispanic / Latino,concern_mean,74.3507883083572
Interview Prof. Sebille,race,Asian / Asian American,concern_mean,77.5656052584076
Interview Prof. Sebille,race,Other,concern_mean,78.3876842796252
Interview Prof. Sebille,education,Less than high school,concern_mean,67.2597413536344
Interview Prof. Sebille,education,High school diploma / GED,concern_mean,72.0712302307315
Interview Prof. Sebille,education,Some college or Associate's degree,concern_mean,73.5445347640733
Interview Prof. Sebille,education,Bachelor's degree,concern_mean,75.2782812752333
Interview Prof. Sebille,education,Master's degree / Professional degree,concern_mean,76.5222354818656
Interview Prof. Sebille,education,Doctorate degree / Ph.D.,concern_mean,75.4912618387682
Interview Prof. Sebille,income,"Less than $30,000",concern_mean,74.8667539476308
Interview Prof. Sebille,income,"$30,000 to $55,999",concern_mean,74.6518718403796
Interview Prof. Sebille,income,"$56,000 to $99,999",concern_mean,74.7035525183316
Interview Prof. Sebille,income,"$100,000 to $167,999",concern_mean,72.8847672968532
Interview Prof. Sebille,income,"$168,000 or more",concern_mean,74.6448255160765
Interview Prof. Sebille,party,Republican,concern_mean,59.4143308476497
Interview Prof. Sebille,party,Democrat,concern_mean,84.092860861577
Interview Prof. Sebille,party,Independent,concern_mean,74.0278841470986
Interview Prof. Sebille,party,Other,concern_mean,78.5766089751404
Interview Prof. Sebille,gender,Male,policy_general,75.7805018070463
Interview Prof. Sebille,gender,Female,policy_general,77.7459887959637
Interview Prof. Sebille,gender,Other,policy_general,76.7821346708801
Interview Prof. Sebille,age_band,18-29,policy_general,78.9682946547372
Interview Prof. Sebille,age_band,30-44,policy_general,80.3786886820335
Interview Prof. Sebille,age_band,45-59,policy_general,74.8362050675553
Interview Prof. Sebille,age_band,60+,policy_general,73.7659184751597
Interview Prof. Sebille,race,White / Caucasian,policy_general,75.7634810668332
Interview Prof. Sebille,race,Black / African American,policy_general,78.6840230771129
Interview Prof. Sebille,race,Hispanic / Latino,policy_general,78.2763030870729
Interview Prof. Sebille,race,Asian / Asian American,policy_general,77.9022733220772
Interview Prof. Sebille,race,Other,policy_general,78.0146755388602
Interview Prof. Sebille,education,Less than high school,policy_general,76.8666713103972
Interview Prof. Sebille,education,High school diploma / GED,policy_general,75.155232839426
Interview Prof. Sebille,education,Some college or Associate's degree,policy_general,76.7911793901771
Interview Prof. Sebille,education,Bachelor's degree,policy_general,76.8700169122065
Interview Prof. Sebille,education,Master's degree / Professional degree,policy_general,77.32792278175
Interview Prof. Sebille,education,Doctorate degree / Ph.D.,policy_general,78.1654229916213
Interview Prof. Sebille,income,"Less than $30,000",policy_general,77.6364960986877
Interview Prof. Sebille,income,"$30,000 to $55,999",policy_general,77.6035419013107
Interview Prof. Sebille,income,"$56,000 to $99,999",policy_general,76.6670035817298
Interview Prof. Sebille,income,"$100,000 to $167,999",policy_general,75.4161426545186
Interview Prof. Sebille,income,"$168,000 or more",policy_general,77.8428804327645
Interview Prof. Sebille,party,Republican,policy_general,67.19391101394
Interview Prof. Sebille,party,Democrat,policy_general,84.020387989578
Interview Prof. Sebille,party,Independent,policy_general,75.5539848132033
Interview Prof. Sebille,party,Other,policy_general,76.6613447161566
Interview Prof. Sebille,gender,Male,policy_specific_mean,72.5363480353777
Interview Prof. Sebille,gender,Female,policy_specific_mean,73.914971043087
Interview Prof. Sebille,gender,Other,policy_specific_mean,73.2389088353958
Interview Prof. Sebille,age_band,18-29,policy_specific_mean,74.8087357215885
Interview Prof. Sebille,age_band,30-44,policy_specific_mean,75.7580572667415
Interview Prof. Sebille,age_band,45-59,policy_specific_mean,71.7966301963046
Interview Prof. Sebille,age_band,60+,policy_specific_mean,71.1598486322765
Interview Prof. Sebille,race,White / Caucasian,policy_specific_mean,72.5575868936289
Interview Prof. Sebille,race,Black / African American,policy_specific_mean,74.4782217751448
Interview Prof. Sebille,race,Hispanic / Latino,policy_specific_mean,74.234101024026
Interview Prof. Sebille,race,Asian / Asian American,policy_specific_mean,73.9663826394244
Interview Prof. Sebille,race,Other,policy_specific_mean,74.2912981739744
Interview Prof. Sebille,education,Less than high school,policy_specific_mean,73.3757730128786
Interview Prof. Sebille,education,High school diploma / GED,policy_specific_mean,72.0089144938072
Interview Prof. Sebille,education,Some college or Associate's degree,policy_specific_mean,73.3463212263496
Interview Prof. Sebille,education,Bachelor's degree,policy_specific_mean,73.3039652003359
Interview Prof. Sebille,education,Master's degree / Professional degree,policy_specific_mean,73.4688638292853
Interview Prof. Sebille,education,Doctorate degree / Ph.D.,policy_specific_mean,74.0403254428438
Interview Prof. Sebille,income,"Less than $30,000",policy_specific_mean,73.7716533815824
Interview Prof. Sebille,income,"$30,000 to $55,999",policy_specific_mean,73.7576265306834
Interview Prof. Sebille,income,"$56,000 to $99,999",policy_specific_mean,73.1702962048074
Interview Prof. Sebille,income,"$100,000 to $167,999",policy_specific_mean,72.32735973686
Interview Prof. Sebille,income,"$168,000 or more",policy_specific_mean,74.1044011644099
Interview Prof. Sebille,party,Republican,policy_specific_mean,66.6028249077209
Interview Prof. Sebille,party,Democrat,policy_specific_mean,78.1963050150402
Interview Prof. Sebille,party,Independent,policy_specific_mean,72.4586056215404
Interview Prof. Sebille,party,Other,policy_specific_mean,73.2181470375716
Interview Prof. Sebille,gender,Male,behavior_mean,38.7699291246865
Interview Prof. Sebille,gender,Female,behavior_mean,44.247360997682
Interview Prof. Sebille,gender,Other,behavior_mean,41.5612860781227
Interview Prof. Sebille,age_band,18-29,behavior_mean,42.6498684764051
Interview Prof. Sebille,age_band,30-44,behavior_mean,43.9400817241898
Interview Prof. Sebille,age_band,45-59,behavior_mean,39.5905629210646
Interview Prof. Sebille,age_band,60+,behavior_mean,40.3062985661828
Interview Prof. Sebille,race,White / Caucasian,behavior_mean,40.6134198461017
Interview Prof. Sebille,race,Black / African American,behavior_mean,43.5453124095432
Interview Prof. Sebille,race,Hispanic / Latino,behavior_mean,42.026834376108
Interview Prof. Sebille,race,Asian / Asian American,behavior_mean,43.3423473026025
Interview Prof. Sebille,race,Other,behavior_mean,46.0747813116931
Interview Prof. Sebille,education,Less than high school,behavior_mean,35.5069827400258
Interview Prof. Sebille,education,High school diploma / GED,behavior_mean,38.919680358085
Interview Prof. Sebille,education,Some college or Associate's degree,behavior_mean,40.8620885334071
Interview Prof. Sebille,education,Bachelor's degree,behavior_mean,42.6104168766546
Interview Prof. Sebille,education,Master's degree / Professional degree,behavior_mean,44.2722225696556
Interview Prof. Sebille,education,Doctorate degree / Ph.D.,behavior_mean,42.6433125280726
Interview Prof. Sebille,income,"Less than $30,000",behavior_mean,40.1846823942657
Interview Prof. Sebille,income,"$30,000 to $55,999",behavior_mean,41.5362119870027
Interview Prof. Sebille,income,"$56,000 to $99,999",behavior_mean,42.0597323160166
Interview Prof. Sebille,income,"$100,000 to $167,999",behavior_mean,41.4182449393164
Interview Prof. Sebille,income,"$168,000 or more",behavior_mean,43.1800220903366
Interview Prof. Sebille,party,Republican,behavior_mean,31.2375752614408
Interview Prof. Sebille,party,Democrat,behavior_mean,48.5756211667467
Interview Prof. Sebille,party,Independent,behavior_mean,41.0552583543373
Interview Prof. Sebille,party,Other,behavior_mean,44.6529734645687
Interview Prof. Sebille,gender,Male,donation_ams,2.51346645152218
Interview Prof. Sebille,gender,Female,donation_ams,2.91760390913024
Interview Prof. Sebille,gender,Other,donation_ams,2.71941915501448
Interview Prof. Sebille,age_band,18-29,donation_ams,2.5835852410654
Interview Prof. Sebille,age_band,30-44,donation_ams,2.76674430724622
Interview Prof. Sebille,age_band,45-59,donation_ams,2.59879400558406
Interview Prof. Sebille,age_band,60+,donation_ams,2.8575776433821
Interview Prof. Sebille,race,White / Caucasian,donation_ams,2.77184535990412
Interview Prof. Sebille,race,Black / African American,donation_ams,2.70901361351276
Interview Prof. Sebille,race,Hispanic / Latino,donation_ams,2.48615447657935
Interview Prof. Sebille,race,Asian / Asian American,donation_ams,2.7873047586337
Interview Prof. Sebille,race,Other,donation_ams,2.99330461257295
Interview Prof. Sebille,education,Less than high school,donation_ams,1.73240642870867
Interview Prof. Sebille,education,High school diploma / GED,donation_ams,2.27649698703842
Interview Prof. Sebille,education,Some college or Associate's degree,donation_ams,2.62001453840578
Interview Prof. Sebille,education,Bachelor's degree,donation_ams,2.81611096607168
Interview Prof. Sebille,education,Master's degree / Professional degree,donation_ams,3.26958639064556
Interview Prof. Sebille,education,Doctorate degree / Ph.D.,donation_ams,3.08065268046448
Interview Prof. Sebille,income,"Less than $30,000",donation_ams,2.09080495990065
Interview Prof. Sebille,income,"$30,000 to $55,999",donation_ams,2.58433498782299
Interview Prof. Sebille,income,"$56,000 to $99,999",donation_ams,2.84227997478058
Interview Prof. Sebille,income,"$100,000 to $167,999",donation_ams,3.00670990008033
Interview Prof. Sebille,income,"$168,000 or more",donation_ams,3.07364613972792
Interview Prof. Sebille,party,Republican,donation_ams,1.87670888817898
Interview Prof. Sebille,party,Democrat,donation_ams,3.3052881956848
Interview Prof. Sebille,party,Independent,donation_ams,2.66596150017325
Interview Prof. Sebille,party,Other,donation_ams,2.89854797126336
Interview Prof. Sebille,gender,Male,newsletter_signup,0.0114331834286589
Interview Prof. Sebille,gender,Female,newsletter_signup,0.0125314599753139
Interview Prof. Sebille,gender,Other,newsletter_signup,0.0119928767204031
Interview Prof. Sebille,age_band,18-29,newsletter_signup,0.0126141531339113
Interview Prof. Sebille,age_band,30-44,newsletter_signup,0.0132822681307122
Interview Prof. Sebille,age_band,45-59,newsletter_signup,0.0111601365088059
Interview Prof. Sebille,age_band,60+,newsletter_signup,0.0111177193620721
Interview Prof. Sebille,race,White / Caucasian,newsletter_signup,0.0117146276207262
Interview Prof. Sebille,race,Black / African American,newsletter_signup,0.0128674777904072
Interview Prof. Sebille,race,Hispanic / Latino,newsletter_signup,0.0119537704063944
Interview Prof. Sebille,race,Asian / Asian American,newsletter_signup,0.0130006548405334
Interview Prof. Sebille,race,Other,newsletter_signup,0.0119860829975826
Interview Prof. Sebille,education,Less than high school,newsletter_signup,0.0107207399727596
Interview Prof. Sebille,education,High school diploma / GED,newsletter_signup,0.0108321177881006
Interview Prof. Sebille,education,Some college or Associate's degree,newsletter_signup,0.0121520990897535
Interview Prof. Sebille,education,Bachelor's degree,newsletter_signup,0.0117756531134377
Interview Prof. Sebille,education,Master's degree / Professional degree,newsletter_signup,0.0134577822674296
Interview Prof. Sebille,education,Doctorate degree / Ph.D.,newsletter_signup,0.0131596279597493
Interview Prof. Sebille,income,"Less than $30,000",newsletter_signup,0.0119321569453139
Interview Prof. Sebille,income,"$30,000 to $55,999",newsletter_signup,0.0118673460377926
Interview Prof. Sebille,income,"$56,000 to $99,999",newsletter_signup,0.0119934663710422
Interview Prof. Sebille,income,"$100,000 to $167,999",newsletter_signup,0.0117032981491926
Interview Prof. Sebille,income,"$168,000 or more",newsletter_signup,0.0137796875537181
Interview Prof. Sebille,party,Republican,newsletter_signup,0.00826691062421308
Interview Prof. Sebille,party,Democrat,newsletter_signup,0.0153443377751777
Interview Prof. Sebille,party,Independent,newsletter_signup,0.0108429020682965
Interview Prof. Sebille,party,Other,newsletter_signup,0.0108280019061432
Extreme weather predictions,gender,Male,trust_multidimensional,76.9616109852832
Extreme weather predictions,gender,Female,trust_multidimensional,79.920140204239
Extreme weather predictions,gender,Other,trust_multidimensional,78.4693086251189
Extreme weather predictions,age_band,18-29,trust_multidimensional,78.4700201637614
Extreme weather predictions,age_band,30-44,trust_multidimensional,80.4237043926744
Extreme weather predictions,age_band,45-59,trust_multidimensional,77.057015986284
Extreme weather predictions,age_band,60+,trust_multidimensional,77.8680957693434
Extreme weather predictions,race,White / Caucasian,trust_multidimensional,77.7996970392875
Extreme weather predictions,race,Black / African American,trust_multidimensional,80.0959239407224
Extreme weather predictions,race,Hispanic / Latino,trust_multidimensional,78.3603569189018
Extreme weather predictions,race,Asian / Asian American,trust_multidimensional,80.5627559874205
Extreme weather predictions,race,Other,trust_multidimensional,81.5110714501967
Extreme weather predictions,education,Less than high school,trust_multidimensional,71.411992615656
Extreme weather predictions,education,High school diploma / GED,trust_multidimensional,75.349033828981
Extreme weather predictions,education,Some college or Associate's degree,trust_multidimensional,77.651037438886
Extreme weather predictions,education,Bachelor's degree,trust_multidimensional,79.5835830034068
Extreme weather predictions,education,Master's degree / Professional degree,trust_multidimensional,81.066149067764
Extreme weather predictions,education,Doctorate degree / Ph.D.,trust_multidimensional,80.371116740617
Extreme weather predictions,income,"Less than $30,000",trust_multidimensional,77.6589232750452
Extreme weather predictions,income,"$30,000 to $55,999",trust_multidimensional,78.235759172399
Extreme weather predictions,income,"$56,000 to $99,999",trust_multidimensional,78.7348539409674
Extreme weather predictions,income,"$100,000 to $167,999",trust_multidimensional,78.5816139941566
Extreme weather predictions,income,"$168,000 or more",trust_multidimensional,79.5234021997057
Extreme weather predictions,party,Republican,trust_multidimensional,69.6007885024746
Extreme weather predictions,party,Democrat,trust_multidimensional,84.0877265341055
Extreme weather predictions,party,Independent,trust_multidimensional,78.7785478492965
Extreme weather predictions,party,Other,trust_multidimensional,79.5588294228208
Extreme weather predictions,gender,Male,trust_post,72.6338473206774
Extreme weather predictions,gender,Female,trust_post,77.0022153031321
Extreme weather predictions,gender,Other,trust_post,74.8600136383471
Extreme weather predictions,age_band,18-29,trust_post,74.946576851444
Extreme weather predictions,age_band,30-44,trust_post,77.7997185978275
Extreme weather predictions,age_band,45-59,trust_post,73.0218373928925
Extreme weather predictions,age_band,60+,trust_post,73.6878229999778
Extreme weather predictions,race,White / Caucasian,trust_post,73.8132843433404
Extreme weather predictions,race,Black / African American,trust_post,77.4626441418436
Extreme weather predictions,race,Hispanic / Latino,trust_post,74.3596605460071
Extreme weather predictions,race,Asian / Asian American,trust_post,79.0728260695473
Extreme weather predictions,race,Other,trust_post,79.2388311731937
Extreme weather predictions,education,Less than high school,trust_post,64.4013166812633
Extreme weather predictions,education,High school diploma / GED,trust_post,69.9168691022783
Extreme weather predictions,education,Some college or Associate's degree,trust_post,73.6777738193936
Extreme weather predictions,education,Bachelor's degree,trust_post,76.5552103787446
Extreme weather predictions,education,Master's degree / Professional degree,trust_post,78.5649301014856
Extreme weather predictions,education,Doctorate degree / Ph.D.,trust_post,77.8630539295411
Extreme weather predictions,income,"Less than $30,000",trust_post,73.6555821344575
Extreme weather predictions,income,"$30,000 to $55,999",trust_post,74.3725546866773
Extreme weather predictions,income,"$56,000 to $99,999",trust_post,75.2137416943663
Extreme weather predictions,income,"$100,000 to $167,999",trust_post,75.1083918650543
Extreme weather predictions,income,"$168,000 or more",trust_post,76.8174825617556
Extreme weather predictions,party,Republican,trust_post,60.508407960202
Extreme weather predictions,party,Democrat,trust_post,84.3630296956379
Extreme weather predictions,party,Independent,trust_post,74.726770777867
Extreme weather predictions,party,Other,trust_post,77.0046072161981
Extreme weather predictions,gender,Male,distrust_post,26.3539844138447
Extreme weather predictions,gender,Female,distrust_post,22.2573940399494
Extreme weather predictions,gender,Other,distrust_post,24.2663188269975
Extreme weather predictions,age_band,18-29,distrust_post,24.0802780532933
Extreme weather predictions,age_band,30-44,distrust_post,21.5814854189156
Extreme weather predictions,age_band,45-59,distrust_post,26.0502559521359
Extreme weather predictions,age_band,60+,distrust_post,25.3287698320121
Extreme weather predictions,race,White / Caucasian,distrust_post,25.2524839991865
Extreme weather predictions,race,Black / African American,distrust_post,22.2022227770202
Extreme weather predictions,race,Hispanic / Latino,distrust_post,24.5046260940806
Extreme weather predictions,race,Asian / Asian American,distrust_post,20.3993957366852
Extreme weather predictions,race,Other,distrust_post,19.6932669602075
Extreme weather predictions,education,Less than high school,distrust_post,34.0365472917458
Extreme weather predictions,education,High school diploma / GED,distrust_post,28.1714276744863
Extreme weather predictions,education,Some college or Associate's degree,distrust_post,25.4085859255807
Extreme weather predictions,education,Bachelor's degree,distrust_post,22.8633095084648
Extreme weather predictions,education,Master's degree / Professional degree,distrust_post,21.2286736399996
Extreme weather predictions,education,Doctorate degree / Ph.D.,distrust_post,21.4074994181365
Extreme weather predictions,income,"Less than $30,000",distrust_post,25.2413295178252
Extreme weather predictions,income,"$30,000 to $55,999",distrust_post,24.6307792932278
Extreme weather predictions,income,"$56,000 to $99,999",distrust_post,23.9572005345373
Extreme weather predictions,income,"$100,000 to $167,999",distrust_post,24.0965276100654
Extreme weather predictions,income,"$168,000 or more",distrust_post,22.7955188655734
Extreme weather predictions,party,Republican,distrust_post,37.507417836167
Extreme weather predictions,party,Democrat,distrust_post,15.7338774007433
Extreme weather predictions,party,Independent,distrust_post,24.0850919726725
Extreme weather predictions,party,Other,distrust_post,21.9058387755442
Extreme weather predictions,gender,Male,funding_perceptions,43.1261445870375
Extreme weather predictions,gender,Female,funding_perceptions,40.9222928266753
Extreme weather predictions,gender,Other,funding_perceptions,42.0030385259729
Extreme weather predictions,age_band,18-29,funding_perceptions,41.547880011434
Extreme weather predictions,age_band,30-44,funding_perceptions,38.9350145326479
Extreme weather predictions,age_band,45-59,funding_perceptions,44.5069965859849
Extreme weather predictions,age_band,60+,funding_perceptions,43.0304432977515
Extreme weather predictions,race,White / Caucasian,funding_perceptions,42.6487380218451
Extreme weather predictions,race,Black / African American,funding_perceptions,39.8078961232126
Extreme weather predictions,race,Hispanic / Latino,funding_perceptions,42.8931174105435
Extreme weather predictions,race,Asian / Asian American,funding_perceptions,39.009186104488
Extreme weather predictions,race,Other,funding_perceptions,39.061208424679
Extreme weather predictions,education,Less than high school,funding_perceptions,44.8793648500948
Extreme weather predictions,education,High school diploma / GED,funding_perceptions,44.2902991774969
Extreme weather predictions,education,Some college or Associate's degree,funding_perceptions,42.0393040167321
Extreme weather predictions,education,Bachelor's degree,funding_perceptions,40.9216619955306
Extreme weather predictions,education,Master's degree / Professional degree,funding_perceptions,43.3309996346746
Extreme weather predictions,education,Doctorate degree / Ph.D.,funding_perceptions,42.2239853038812
Extreme weather predictions,income,"Less than $30,000",funding_perceptions,40.6252626039562
Extreme weather predictions,income,"$30,000 to $55,999",funding_perceptions,41.6930573789017
Extreme weather predictions,income,"$56,000 to $99,999",funding_perceptions,41.9447797046285
Extreme weather predictions,income,"$100,000 to $167,999",funding_perceptions,43.0618313561567
Extreme weather predictions,income,"$168,000 or more",funding_perceptions,43.0894429542275
Extreme weather predictions,party,Republican,funding_perceptions,53.8354129492011
Extreme weather predictions,party,Democrat,funding_perceptions,34.1968301287564
Extreme weather predictions,party,Independent,funding_perceptions,42.2392446323461
Extreme weather predictions,party,Other,funding_perceptions,38.5142655232872
Extreme weather predictions,gender,Male,policy_role_mean,75.5556614750661
Extreme weather predictions,gender,Female,policy_role_mean,76.8674982247101
Extreme weather predictions,gender,Other,policy_role_mean,76.2241872947929
Extreme weather predictions,age_band,18-29,policy_role_mean,77.1938078734162
Extreme weather predictions,age_band,30-44,policy_role_mean,78.414360109309
Extreme weather predictions,age_band,45-59,policy_role_mean,75.0859387302763
Extreme weather predictions,age_band,60+,policy_role_mean,74.5887860720594
Extreme weather predictions,race,White / Caucasian,policy_role_mean,75.5774736224897
Extreme weather predictions,race,Black / African American,policy_role_mean,77.64570142207
Extreme weather predictions,race,Hispanic / Latino,policy_role_mean,77.1095793109691
Extreme weather predictions,race,Asian / Asian American,policy_role_mean,76.7293334612383
Extreme weather predictions,race,Other,policy_role_mean,76.9663745179904
Extreme weather predictions,education,Less than high school,policy_role_mean,75.5755215400577
Extreme weather predictions,education,High school diploma / GED,policy_role_mean,75.1540985655797
Extreme weather predictions,education,Some college or Associate's degree,policy_role_mean,76.2007598421583
Extreme weather predictions,education,Bachelor's degree,policy_role_mean,76.3060151521389
Extreme weather predictions,education,Master's degree / Professional degree,policy_role_mean,76.6860131771031
Extreme weather predictions,education,Doctorate degree / Ph.D.,policy_role_mean,77.151570763778
Extreme weather predictions,income,"Less than $30,000",policy_role_mean,76.3895003620325
Extreme weather predictions,income,"$30,000 to $55,999",policy_role_mean,76.5638054056756
Extreme weather predictions,income,"$56,000 to $99,999",policy_role_mean,76.2035666403762
Extreme weather predictions,income,"$100,000 to $167,999",policy_role_mean,75.693928850046
Extreme weather predictions,income,"$168,000 or more",policy_role_mean,76.904199500339
Extreme weather predictions,party,Republican,policy_role_mean,70.681265924228
Extreme weather predictions,party,Democrat,policy_role_mean,80.4375666097352
Extreme weather predictions,party,Independent,policy_role_mean,75.5223139569676
Extreme weather predictions,party,Other,policy_role_mean,75.6405563317377
Extreme weather predictions,gender,Male,inst_trust_mean,66.9020753507041
Extreme weather predictions,gender,Female,inst_trust_mean,70.301929264314
Extreme weather predictions,gender,Other,inst_trust_mean,68.634676701569
Extreme weather predictions,age_band,18-29,inst_trust_mean,68.7706120102996
Extreme weather predictions,age_band,30-44,inst_trust_mean,70.8052961110842
Extreme weather predictions,age_band,45-59,inst_trust_mean,66.9996975962716
Extreme weather predictions,age_band,60+,inst_trust_mean,67.9280017651365
Extreme weather predictions,race,White / Caucasian,inst_trust_mean,67.7177580701888
Extreme weather predictions,race,Black / African American,inst_trust_mean,70.2263609070897
Extreme weather predictions,race,Hispanic / Latino,inst_trust_mean,68.7116044485256
Extreme weather predictions,race,Asian / Asian American,inst_trust_mean,72.4091319407236
Extreme weather predictions,race,Other,inst_trust_mean,71.9420869845598
Extreme weather predictions,education,Less than high school,inst_trust_mean,58.7629805736377
Extreme weather predictions,education,High school diploma / GED,inst_trust_mean,64.5943659957442
Extreme weather predictions,education,Some college or Associate's degree,inst_trust_mean,67.6007543013732
Extreme weather predictions,education,Bachelor's degree,inst_trust_mean,70.1141471452477
Extreme weather predictions,education,Master's degree / Professional degree,inst_trust_mean,71.4766535339178
Extreme weather predictions,education,Doctorate degree / Ph.D.,inst_trust_mean,71.1334682387288
Extreme weather predictions,income,"Less than $30,000",inst_trust_mean,67.2105248187315
Extreme weather predictions,income,"$30,000 to $55,999",inst_trust_mean,68.0855805444009
Extreme weather predictions,income,"$56,000 to $99,999",inst_trust_mean,68.9707497116338
Extreme weather predictions,income,"$100,000 to $167,999",inst_trust_mean,69.1847530424656
Extreme weather predictions,income,"$168,000 or more",inst_trust_mean,70.3122104738651
Extreme weather predictions,party,Republican,inst_trust_mean,57.2616860208455
Extreme weather predictions,party,Democrat,inst_trust_mean,76.1143941329365
Extreme weather predictions,party,Independent,inst_trust_mean,68.6719214215727
Extreme weather predictions,party,Other,inst_trust_mean,69.6291453024105
Extreme weather predictions,gender,Male,belief_post,84.651197804683
Extreme weather predictions,gender,Female,belief_post,88.1318185607814
Extreme weather predictions,gender,Other,belief_post,86.4249587888605
Extreme weather predictions,age_band,18-29,belief_post,86.9716141629721
Extreme weather predictions,age_band,30-44,belief_post,89.3327821989117
Extreme weather predictions,age_band,45-59,belief_post,85.1241760585791
Extreme weather predictions,age_band,60+,belief_post,84.5810621723788
Extreme weather predictions,race,White / Caucasian,belief_post,85.1692536351055
Extreme weather predictions,race,Black / African American,belief_post,89.5361281836244
Extreme weather predictions,race,Hispanic / Latino,belief_post,86.4071842525174
Extreme weather predictions,race,Asian / Asian American,belief_post,90.4190016686121
Extreme weather predictions,race,Other,belief_post,90.4518114536671
Extreme weather predictions,education,Less than high school,belief_post,78.9405120261935
Extreme weather predictions,education,High school diploma / GED,belief_post,82.5753884195136
Extreme weather predictions,education,Some college or Associate's degree,belief_post,85.0903780848112
Extreme weather predictions,education,Bachelor's degree,belief_post,88.1079251741459
Extreme weather predictions,education,Master's degree / Professional degree,belief_post,89.3081683074317
Extreme weather predictions,education,Doctorate degree / Ph.D.,belief_post,88.756346005735
Extreme weather predictions,income,"Less than $30,000",belief_post,85.0643802092232
Extreme weather predictions,income,"$30,000 to $55,999",belief_post,86.195747487198
Extreme weather predictions,income,"$56,000 to $99,999",belief_post,86.9698507160769
Extreme weather predictions,income,"$100,000 to $167,999",belief_post,86.5065072614495
Extreme weather predictions,income,"$168,000 or more",belief_post,87.47325845357
Extreme weather predictions,party,Republican,belief_post,73.0060215086925
Extreme weather predictions,party,Democrat,belief_post,94.6173405562263
Extreme weather predictions,party,Independent,belief_post,87.2000895466207
Extreme weather predictions,party,Other,belief_post,89.5180102886822
Extreme weather predictions,gender,Male,concern_mean,72.0592559335869
Extreme weather predictions,gender,Female,concern_mean,77.9932215691779
Extreme weather predictions,gender,Other,concern_mean,75.0832672992089
Extreme weather predictions,age_band,18-29,concern_mean,76.0046992577445
Extreme weather predictions,age_band,30-44,concern_mean,78.5493032038471
Extreme weather predictions,age_band,45-59,concern_mean,72.3934445201261
Extreme weather predictions,age_band,60+,concern_mean,73.5538189959531
Extreme weather predictions,race,White / Caucasian,concern_mean,73.6543740568557
Extreme weather predictions,race,Black / African American,concern_mean,78.3838682490532
Extreme weather predictions,race,Hispanic / Latino,concern_mean,75.5779541538448
Extreme weather predictions,race,Asian / Asian American,concern_mean,78.7326298361509
Extreme weather predictions,race,Other,concern_mean,79.5141231434441
Extreme weather predictions,education,Less than high school,concern_mean,66.9196393263314
Extreme weather predictions,education,High school diploma / GED,concern_mean,72.2028513557074
Extreme weather predictions,education,Some college or Associate's degree,concern_mean,74.4654006810284
Extreme weather predictions,education,Bachelor's degree,concern_mean,76.1661251287652
Extreme weather predictions,education,Master's degree / Professional degree,concern_mean,77.4385894201507
Extreme weather predictions,education,Doctorate degree / Ph.D.,concern_mean,76.3517328138825
Extreme weather predictions,income,"Less than $30,000",concern_mean,75.0950925815795
Extreme weather predictions,income,"$30,000 to $55,999",concern_mean,75.3453386284045
Extreme weather predictions,income,"$56,000 to $99,999",concern_mean,75.5338495191367
Extreme weather predictions,income,"$100,000 to $167,999",concern_mean,73.9086711938178
Extreme weather predictions,income,"$168,000 or more",concern_mean,76.2060302583107
Extreme weather predictions,party,Republican,concern_mean,59.7844105590064
Extreme weather predictions,party,Democrat,concern_mean,84.9768165668579
Extreme weather predictions,party,Independent,concern_mean,75.1267541958794
Extreme weather predictions,party,Other,concern_mean,78.9880031811118
Extreme weather predictions,gender,Male,policy_general,75.1023990463249
Extreme weather predictions,gender,Female,policy_general,77.7405327540495
Extreme weather predictions,gender,Other,policy_general,76.4468197602469
Extreme weather predictions,age_band,18-29,policy_general,78.6111010567585
Extreme weather predictions,age_band,30-44,policy_general,80.5674882256092
Extreme weather predictions,age_band,45-59,policy_general,74.2585264259536
Extreme weather predictions,age_band,60+,policy_general,73.1826923678023
Extreme weather predictions,race,White / Caucasian,policy_general,75.2735778239964
Extreme weather predictions,race,Black / African American,policy_general,78.7170620369454
Extreme weather predictions,race,Hispanic / Latino,policy_general,78.2156758988406
Extreme weather predictions,race,Asian / Asian American,policy_general,77.4958889745109
Extreme weather predictions,race,Other,policy_general,77.7784721334376
Extreme weather predictions,education,Less than high school,policy_general,75.8986582072559
Extreme weather predictions,education,High school diploma / GED,policy_general,74.6049372531288
Extreme weather predictions,education,Some college or Associate's degree,policy_general,76.4263008036686
Extreme weather predictions,education,Bachelor's degree,policy_general,76.6136556184796
Extreme weather predictions,education,Master's degree / Professional degree,policy_general,76.9619328592429
Extreme weather predictions,education,Doctorate degree / Ph.D.,policy_general,77.9578353419388
Extreme weather predictions,income,"Less than $30,000",policy_general,77.1544934572201
Extreme weather predictions,income,"$30,000 to $55,999",policy_general,77.3132097767629
Extreme weather predictions,income,"$56,000 to $99,999",policy_general,76.296886633211
Extreme weather predictions,income,"$100,000 to $167,999",policy_general,75.1424411987625
Extreme weather predictions,income,"$168,000 or more",policy_general,77.7478443295544
Extreme weather predictions,party,Republican,policy_general,65.8504367167905
Extreme weather predictions,party,Democrat,policy_general,84.4773610720073
Extreme weather predictions,party,Independent,policy_general,75.0623336708664
Extreme weather predictions,party,Other,policy_general,76.127849248056
Extreme weather predictions,gender,Male,policy_specific_mean,71.3832807955352
Extreme weather predictions,gender,Female,policy_specific_mean,73.060790599597
Extreme weather predictions,gender,Other,policy_specific_mean,72.2381574539033
Extreme weather predictions,age_band,18-29,policy_specific_mean,73.7108320174393
Extreme weather predictions,age_band,30-44,policy_specific_mean,75.0705233529924
Extreme weather predictions,age_band,45-59,policy_specific_mean,70.6671219714306
Extreme weather predictions,age_band,60+,policy_specific_mean,70.0538887014127
Extreme weather predictions,race,White / Caucasian,policy_specific_mean,71.4799784677019
Extreme weather predictions,race,Black / African American,policy_specific_mean,73.7941360665236
Extreme weather predictions,race,Hispanic / Latino,policy_specific_mean,73.2834666448713
Extreme weather predictions,race,Asian / Asian American,policy_specific_mean,72.8677998079311
Extreme weather predictions,race,Other,policy_specific_mean,73.465393764969
Extreme weather predictions,education,Less than high school,policy_specific_mean,72.1849174766974
Extreme weather predictions,education,High school diploma / GED,policy_specific_mean,70.9361514917055
Extreme weather predictions,education,Some college or Associate's degree,policy_specific_mean,72.3251660297162
Extreme weather predictions,education,Bachelor's degree,policy_specific_mean,72.3014899214669
Extreme weather predictions,education,Master's degree / Professional degree,policy_specific_mean,72.4623638277782
Extreme weather predictions,education,Doctorate degree / Ph.D.,policy_specific_mean,73.2086447679583
Extreme weather predictions,income,"Less than $30,000",policy_specific_mean,72.8041342522986
Extreme weather predictions,income,"$30,000 to $55,999",policy_specific_mean,72.7980633353646
Extreme weather predictions,income,"$56,000 to $99,999",policy_specific_mean,72.1872921890483
Extreme weather predictions,income,"$100,000 to $167,999",policy_specific_mean,71.2276899147431
Extreme weather predictions,income,"$168,000 or more",policy_specific_mean,73.1644634202902
Extreme weather predictions,party,Republican,policy_specific_mean,64.9076975262036
Extreme weather predictions,party,Democrat,policy_specific_mean,77.6912437191315
Extreme weather predictions,party,Independent,policy_specific_mean,71.4208719199176
Extreme weather predictions,party,Other,policy_specific_mean,72.1001529239802
Extreme weather predictions,gender,Male,behavior_mean,37.8446805740876
Extreme weather predictions,gender,Female,behavior_mean,43.6015734425806
Extreme weather predictions,gender,Other,behavior_mean,40.7784537932271
Extreme weather predictions,age_band,18-29,behavior_mean,41.7100069778811
Extreme weather predictions,age_band,30-44,behavior_mean,43.2116936487578
Extreme weather predictions,age_band,45-59,behavior_mean,38.9004839834447
Extreme weather predictions,age_band,60+,behavior_mean,39.5112916255303
Extreme weather predictions,race,White / Caucasian,behavior_mean,39.6021283528676
Extreme weather predictions,race,Black / African American,behavior_mean,42.9286958108782
Extreme weather predictions,race,Hispanic / Latino,behavior_mean,41.5552133918077
Extreme weather predictions,race,Asian / Asian American,behavior_mean,43.6520159072125
Extreme weather predictions,race,Other,behavior_mean,44.8436289967361
Extreme weather predictions,education,Less than high school,behavior_mean,32.3291458178031
Extreme weather predictions,education,High school diploma / GED,behavior_mean,37.8765049652685
Extreme weather predictions,education,Some college or Associate's degree,behavior_mean,40.1476832975157
Extreme weather predictions,education,Bachelor's degree,behavior_mean,41.7897224576166
Extreme weather predictions,education,Master's degree / Professional degree,behavior_mean,43.9225904378712
Extreme weather predictions,education,Doctorate degree / Ph.D.,behavior_mean,42.0857059560858
Extreme weather predictions,income,"Less than $30,000",behavior_mean,39.4153682409309
Extreme weather predictions,income,"$30,000 to $55,999",behavior_mean,40.6319509223749
Extreme weather predictions,income,"$56,000 to $99,999",behavior_mean,41.1863216485331
Extreme weather predictions,income,"$100,000 to $167,999",behavior_mean,40.7043951929149
Extreme weather predictions,income,"$168,000 or more",behavior_mean,43.0432648773303
Extreme weather predictions,party,Republican,behavior_mean,30.2898393740377
Extreme weather predictions,party,Democrat,behavior_mean,47.8886795960289
Extreme weather predictions,party,Independent,behavior_mean,40.3212542221754
Extreme weather predictions,party,Other,behavior_mean,43.5767005201696
Extreme weather predictions,gender,Male,donation_ams,2.43990575110659
Extreme weather predictions,gender,Female,donation_ams,2.9708632140998
Extreme weather predictions,gender,Other,donation_ams,2.71048726460964
Extreme weather predictions,age_band,18-29,donation_ams,2.5988246255396
Extreme weather predictions,age_band,30-44,donation_ams,2.71218145099914
Extreme weather predictions,age_band,45-59,donation_ams,2.58633515014915
Extreme weather predictions,age_band,60+,donation_ams,2.87395394197361
Extreme weather predictions,race,White / Caucasian,donation_ams,2.71801877714715
Extreme weather predictions,race,Black / African American,donation_ams,2.71360488639743
Extreme weather predictions,race,Hispanic / Latino,donation_ams,2.58930578612764
Extreme weather predictions,race,Asian / Asian American,donation_ams,2.82048120725433
Extreme weather predictions,race,Other,donation_ams,3.06585760617212
Extreme weather predictions,education,Less than high school,donation_ams,1.53982423099968
Extreme weather predictions,education,High school diploma / GED,donation_ams,2.25109234501623
Extreme weather predictions,education,Some college or Associate's degree,donation_ams,2.5959100800053
Extreme weather predictions,education,Bachelor's degree,donation_ams,2.8143372404491
Extreme weather predictions,education,Master's degree / Professional degree,donation_ams,3.3982250702494
Extreme weather predictions,education,Doctorate degree / Ph.D.,donation_ams,3.07498324954507
Extreme weather predictions,income,"Less than $30,000",donation_ams,2.04291163427511
Extreme weather predictions,income,"$30,000 to $55,999",donation_ams,2.55781168865711
Extreme weather predictions,income,"$56,000 to $99,999",donation_ams,2.82886476244508
Extreme weather predictions,income,"$100,000 to $167,999",donation_ams,3.0155546744274
Extreme weather predictions,income,"$168,000 or more",donation_ams,3.19268398371763
Extreme weather predictions,party,Republican,donation_ams,1.85023043045567
Extreme weather predictions,party,Democrat,donation_ams,3.33613457620356
Extreme weather predictions,party,Independent,donation_ams,2.60282068816135
Extreme weather predictions,party,Other,donation_ams,3.02718830858354
Extreme weather predictions,gender,Male,newsletter_signup,0.0194367446297436
Extreme weather predictions,gender,Female,newsletter_signup,0.0245647915380262
Extreme weather predictions,gender,Other,newsletter_signup,0.0220500513265467
Extreme weather predictions,age_band,18-29,newsletter_signup,0.0239359055912393
Extreme weather predictions,age_band,30-44,newsletter_signup,0.0262472563168731
Extreme weather predictions,age_band,45-59,newsletter_signup,0.0178908536689779
Extreme weather predictions,age_band,60+,newsletter_signup,0.0203640001252767
Extreme weather predictions,race,White / Caucasian,newsletter_signup,0.0212108346957286
Extreme weather predictions,race,Black / African American,newsletter_signup,0.0238358593715781
Extreme weather predictions,race,Hispanic / Latino,newsletter_signup,0.0226671238722787
Extreme weather predictions,race,Asian / Asian American,newsletter_signup,0.0228250227156711
Extreme weather predictions,race,Other,newsletter_signup,0.026513648052903
Extreme weather predictions,education,Less than high school,newsletter_signup,0.0249772195716051
Extreme weather predictions,education,High school diploma / GED,newsletter_signup,0.0217132670010524
Extreme weather predictions,education,Some college or Associate's degree,newsletter_signup,0.0231004185940921
Extreme weather predictions,education,Bachelor's degree,newsletter_signup,0.0222424701611332
Extreme weather predictions,education,Master's degree / Professional degree,newsletter_signup,0.018315970779985
Extreme weather predictions,education,Doctorate degree / Ph.D.,newsletter_signup,0.0197150106770282
Extreme weather predictions,income,"Less than $30,000",newsletter_signup,0.0267340390125608
Extreme weather predictions,income,"$30,000 to $55,999",newsletter_signup,0.0241960154914931
Extreme weather predictions,income,"$56,000 to $99,999",newsletter_signup,0.0212545718520525
Extreme weather predictions,income,"$100,000 to $167,999",newsletter_signup,0.0182911514627612
Extreme weather predictions,income,"$168,000 or more",newsletter_signup,0.0214845260921293
Extreme weather predictions,party,Republican,newsletter_signup,0.00805955339411924
Extreme weather predictions,party,Democrat,newsletter_signup,0.0306272686531979
Extreme weather predictions,party,Independent,newsletter_signup,0.0227405514210439
Extreme weather predictions,party,Other,newsletter_signup,0.0259462941945915
